date,ticker,open,high,low,close,adj_close,volume
2026-03-27,AACI,9.949999809265137,9.949999809265137,9.739999771118164,9.869999885559082,9.869999885559082,49400.0
2026-03-30,AACI,9.829999923706056,9.850000381469728,9.829999923706056,9.850000381469728,9.850000381469728,39600.0
2026-03-31,AACI,9.859999656677246,9.859999656677246,9.859999656677246,9.859999656677246,9.859999656677246,6100.0
2026-04-01,AACI,9.859999656677246,9.859999656677246,9.859999656677246,9.859999656677246,9.859999656677246,200000.0
2026-04-02,AACI,9.859999656677246,9.859999656677246,9.859999656677246,9.859999656677246,9.859999656677246,1000.0
2026-04-06,AACI,9.869999885559082,9.869999885559082,9.869999885559082,9.869999885559082,9.869999885559082,1000.0
2026-04-07,AACI,9.859999656677246,9.869999885559082,9.850000381469728,9.869999885559082,9.869999885559082,12100.0
2026-04-08,AACI,9.880000114440918,9.880000114440918,9.850000381469728,9.869999885559082,9.869999885559082,2000.0
2026-04-09,AACI,9.880000114440918,9.880000114440918,9.859999656677246,9.869999885559082,9.869999885559082,308500.0
2026-04-10,AACI,9.869999885559082,9.869999885559082,9.869999885559082,9.869999885559082,9.869999885559082,1100.0
2026-04-13,AACI,9.859999656677246,9.880000114440918,9.859999656677246,9.880000114440918,9.880000114440918,230100.0
2026-04-14,AACI,9.880000114440918,9.880000114440918,9.880000114440918,9.880000114440918,9.880000114440918,5000.0
2026-04-15,AACI,9.899999618530272,9.899999618530272,9.899999618530272,9.899999618530272,9.899999618530272,200.0
2026-04-16,AACI,9.890000343322754,9.890000343322754,9.880000114440918,9.880000114440918,9.880000114440918,8100.0
2026-04-17,AACI,9.899999618530272,9.899999618530272,9.890000343322754,9.890000343322754,9.890000343322754,30100.0
2026-04-20,AACI,9.899999618530272,9.899999618530272,9.899999618530272,9.899999618530272,9.899999618530272,14800.0
2026-04-21,AACI,9.899999618530272,9.899999618530272,9.899999618530272,9.899999618530272,9.899999618530272,60100.0
2026-04-22,AACI,9.899999618530272,9.899999618530272,9.899999618530272,9.899999618530272,9.899999618530272,61900.0
2026-04-23,AACI,9.93000030517578,9.93000030517578,9.93000030517578,9.93000030517578,9.93000030517578,115500.0
2026-04-24,AACI,9.93000030517578,9.93000030517578,9.93000030517578,9.93000030517578,9.93000030517578,0.0
2026-04-27,AACI,9.920000076293944,9.920000076293944,9.920000076293944,9.920000076293944,9.920000076293944,500.0
2026-04-28,AACI,9.90999984741211,9.90999984741211,9.90999984741211,9.90999984741211,9.90999984741211,16800.0
2026-04-29,AACI,9.90999984741211,9.90999984741211,9.90999984741211,9.90999984741211,9.90999984741211,0.0
2026-04-30,AACI,9.93000030517578,9.93000030517578,9.93000030517578,9.93000030517578,9.93000030517578,100.0
2026-05-01,AACI,9.979999542236328,9.979999542236328,9.93000030517578,9.93000030517578,9.93000030517578,200.0
2026-05-04,AACI,9.979999542236328,9.979999542236328,9.920000076293944,9.920000076293944,9.920000076293944,4200.0
2026-05-05,AACI,9.920000076293944,9.93000030517578,9.920000076293944,9.93000030517578,9.93000030517578,300.0
2026-05-06,AACI,9.93000030517578,9.93000030517578,9.93000030517578,9.93000030517578,9.93000030517578,0.0
2026-05-07,AACI,9.93000030517578,9.93000030517578,9.93000030517578,9.93000030517578,9.93000030517578,100.0
2026-05-08,AACI,9.899999618530272,9.93000030517578,9.899999618530272,9.93000030517578,9.93000030517578,2000.0
2026-05-11,AACI,9.9399995803833,9.979999542236328,9.9399995803833,9.949999809265137,9.949999809265137,900.0
2026-05-12,AACI,9.9399995803833,9.9399995803833,9.9399995803833,9.9399995803833,9.9399995803833,300.0
2026-05-13,AACI,9.93000030517578,9.93000030517578,9.93000030517578,9.93000030517578,9.93000030517578,200.0
2026-05-14,AACI,9.9399995803833,9.9399995803833,9.9399995803833,9.9399995803833,9.9399995803833,500.0
2026-05-15,AACI,9.9399995803833,9.9399995803833,9.9399995803833,9.9399995803833,9.9399995803833,14000.0
2026-05-18,AACI,9.920000076293944,9.920000076293944,9.920000076293944,9.920000076293944,9.920000076293944,300.0
2026-05-19,AACI,9.920000076293944,9.920000076293944,9.920000076293944,9.920000076293944,9.920000076293944,0.0
2026-05-20,AACI,9.989999771118164,9.989999771118164,9.949999809265137,9.949999809265137,9.949999809265137,17200.0
2026-05-21,AACI,9.949999809265137,9.949999809265137,9.949999809265137,9.949999809265137,9.949999809265137,0.0
2026-05-22,AACI,9.949999809265137,9.949999809265137,9.949999809265137,9.949999809265137,9.949999809265137,0.0
2026-05-26,AACI,9.949999809265137,9.949999809265137,9.949999809265137,9.949999809265137,9.949999809265137,0.0
2026-05-27,AACI,9.9399995803833,9.9399995803833,9.93000030517578,9.93000030517578,9.93000030517578,1300.0
2026-05-28,AACI,9.9399995803833,9.949999809265137,9.9399995803833,9.949999809265137,9.949999809265137,5500.0
2026-05-29,AACI,9.9399995803833,9.960000038146973,9.9399995803833,9.960000038146973,9.960000038146973,7900.0
2026-06-01,AACI,9.970000267028809,9.970000267028809,9.949999809265137,9.960000038146973,9.960000038146973,4300.0
2026-06-02,AACI,9.960000038146973,9.960000038146973,9.960000038146973,9.960000038146973,9.960000038146973,0.0
2026-06-03,AACI,9.949999809265137,9.949999809265137,9.949999809265137,9.949999809265137,9.949999809265137,62200.0
2026-06-04,AACI,9.949999809265137,9.949999809265137,9.949999809265137,9.949999809265137,9.949999809265137,0.0
2026-06-05,AACI,9.949999809265137,9.949999809265137,9.949999809265137,9.949999809265137,9.949999809265137,5100.0
2026-06-08,AACI,9.949999809265137,9.949999809265137,9.949999809265137,9.949999809265137,9.949999809265137,300.0
2026-06-09,AACI,9.949999809265137,9.949999809265137,9.949999809265137,9.949999809265137,9.949999809265137,500.0
2026-06-10,AACI,9.949999809265137,9.949999809265137,9.949999809265137,9.949999809265137,9.949999809265137,0.0
2026-06-11,AACI,9.949999809265137,9.960000038146973,9.949999809265137,9.960000038146973,9.960000038146973,368600.0
2026-06-12,AACI,9.960000038146973,9.960000038146973,9.960000038146973,9.960000038146973,9.960000038146973,0.0
2026-06-15,AACI,9.979999542236328,9.979999542236328,9.960000038146973,9.960000038146973,9.960000038146973,400.0
2026-06-16,AACI,9.960000038146973,9.960000038146973,9.960000038146973,9.960000038146973,9.960000038146973,0.0
2026-06-17,AACI,9.960000038146973,9.960000038146973,9.960000038146973,9.960000038146973,9.960000038146973,0.0
2026-06-18,AACI,9.949999809265137,9.960000038146973,9.949999809265137,9.960000038146973,9.960000038146973,500.0
2026-06-22,AACI,9.979999542236328,9.979999542236328,9.979999542236328,9.979999542236328,9.979999542236328,500.0
2026-06-23,AACI,9.979999542236328,9.979999542236328,9.979999542236328,9.979999542236328,9.979999542236328,0.0
2026-06-24,AACI,9.960000038146973,9.960000038146973,9.949999809265137,9.949999809265137,9.949999809265137,25000.0
2026-06-25,AACI,9.949999809265137,9.949999809265137,9.949999809265137,9.949999809265137,9.949999809265137,0.0
2026-06-26,AACI,9.949999809265137,9.949999809265137,9.9399995803833,9.9399995803833,9.9399995803833,30200.0
2026-06-29,AACI,9.9399995803833,9.9399995803833,9.9399995803833,9.9399995803833,9.9399995803833,500.0
2026-06-30,AACI,9.949999809265137,9.989999771118164,9.949999809265137,9.989999771118164,9.989999771118164,15459.0
2023-12-11,ACIC,8.729999542236328,8.729999542236328,8.4399995803833,8.670000076293945,7.8522138595581055,337400.0
2023-12-12,ACIC,8.680000305175781,8.770000457763672,8.470000267028809,8.5600004196167,7.752589225769043,194200.0
2023-12-13,ACIC,8.579999923706055,8.850000381469727,8.5,8.789999961853027,7.96089506149292,235700.0
2023-12-14,ACIC,8.789999961853027,9.220000267028809,8.789999961853027,8.84000015258789,8.006178855895996,508300.0
2023-12-15,ACIC,8.899999618530273,9.0,8.4399995803833,8.470000267028809,7.671078681945801,310700.0
2023-12-18,ACIC,8.6899995803833,8.6899995803833,8.270000457763672,8.3100004196167,7.52617073059082,378100.0
2023-12-19,ACIC,8.369999885559082,8.5600004196167,8.359999656677246,8.520000457763672,7.716362953186035,390800.0
2023-12-20,ACIC,8.59000015258789,8.8100004196167,8.449999809265137,8.470000267028809,7.671078681945801,254500.0
2023-12-21,ACIC,8.609999656677246,8.90999984741211,8.609999656677246,8.899999618530273,8.060519218444824,252100.0
2023-12-22,ACIC,8.989999771118164,9.3100004196167,8.90999984741211,9.289999961853027,8.41373348236084,294000.0
2023-12-26,ACIC,9.3100004196167,9.670000076293944,9.210000038146973,9.630000114440918,8.721663475036621,239600.0
2023-12-27,ACIC,9.68000030517578,10.279999732971191,9.68000030517578,10.15999984741211,9.201671600341797,294700.0
2023-12-28,ACIC,10.18000030517578,10.18000030517578,9.619999885559082,9.739999771118164,8.821287155151367,302900.0
2023-12-29,ACIC,9.739999771118164,9.739999771118164,9.3100004196167,9.460000038146973,8.56769847869873,286500.0
2024-01-02,ACIC,9.460000038146973,9.800000190734863,9.359999656677246,9.710000038146973,8.794116973876953,209200.0
2024-01-03,ACIC,9.6899995803833,10.43000030517578,9.6899995803833,10.229999542236328,9.265069007873535,377800.0
2024-01-04,ACIC,10.350000381469728,10.350000381469728,9.68000030517578,9.710000038146973,8.794116973876953,254800.0
2024-01-05,ACIC,9.979999542236328,10.050000190734863,9.800000190734863,9.899999618530272,8.966196060180664,195800.0
2024-01-08,ACIC,10.170000076293944,10.279999732971191,9.649999618530272,10.06999969482422,9.120160102844238,207600.0
2024-01-09,ACIC,10.079999923706056,10.09000015258789,9.619999885559082,10.079999923706056,9.129218101501465,162300.0
2024-01-10,ACIC,10.25,10.25,9.75,9.920000076293944,8.984309196472168,170200.0
2024-01-11,ACIC,10.039999961853027,10.039999961853027,9.579999923706056,9.890000343322754,8.957139015197754,161700.0
2024-01-12,ACIC,10.06999969482422,10.149999618530272,9.760000228881836,9.93000030517578,8.993366241455078,170200.0
2024-01-16,ACIC,9.979999542236328,10.15999984741211,9.720000267028809,9.890000343322754,8.957139015197754,209500.0
2024-01-17,ACIC,10.149999618530272,12.239999771118164,9.9399995803833,11.899999618530272,10.777548789978027,2275100.0
2024-01-18,ACIC,12.06999969482422,12.550000190734863,11.65999984741211,12.029999732971191,10.895286560058594,820800.0
2024-01-19,ACIC,12.010000228881836,12.06999969482422,11.390000343322754,11.5,10.415278434753418,545000.0
2024-01-22,ACIC,11.420000076293944,11.800000190734863,10.8100004196167,11.6899995803833,10.587356567382812,466700.0
2024-01-23,ACIC,11.800000190734863,11.869999885559082,11.470000267028809,11.710000038146973,10.605469703674316,256200.0
2024-01-24,ACIC,11.960000038146973,11.989999771118164,11.350000381469728,11.619999885559082,10.523958206176758,225800.0
2024-01-25,ACIC,11.729999542236328,11.729999542236328,11.3100004196167,11.59000015258789,10.49678897857666,180500.0
2024-01-26,ACIC,11.670000076293944,11.979999542236328,11.0600004196167,11.34000015258789,10.27036952972412,298000.0
2024-01-29,ACIC,11.380000114440918,11.739999771118164,11.300000190734863,11.600000381469728,10.50584602355957,160800.0
2024-01-30,ACIC,11.720000267028809,11.90999984741211,11.460000038146973,11.619999885559082,10.523958206176758,180200.0
2024-01-31,ACIC,11.68000030517578,12.039999961853027,11.56999969482422,11.56999969482422,10.47867488861084,309000.0
2024-02-01,ACIC,11.729999542236328,12.170000076293944,11.619999885559082,12.15999984741211,11.01302433013916,317300.0
2024-02-02,ACIC,12.18000030517578,12.40999984741211,11.399999618530272,11.40999984741211,10.33376693725586,1809700.0
2024-02-05,ACIC,11.579999923706056,11.779999732971191,11.010000228881836,11.300000190734863,10.234143257141112,360100.0
2024-02-06,ACIC,11.300000190734863,11.449999809265137,10.970000267028809,11.260000228881836,10.197916030883787,315500.0
2024-02-07,ACIC,11.229999542236328,11.31999969482422,10.93000030517578,10.970000267028809,9.935269355773926,376900.0
2024-02-08,ACIC,11.020000457763672,11.5,10.920000076293944,11.399999618530272,10.32470989227295,289100.0
2024-02-09,ACIC,11.380000114440918,11.760000228881836,11.100000381469728,11.68000030517578,10.578299522399902,299100.0
2024-02-12,ACIC,11.670000076293944,12.130000114440918,11.670000076293944,11.779999732971191,10.668867111206056,266000.0
2024-02-13,ACIC,11.449999809265137,11.970000267028809,11.4399995803833,11.619999885559082,10.523958206176758,214300.0
2024-02-14,ACIC,11.8100004196167,12.899999618530272,11.8100004196167,12.550000190734863,11.366238594055176,658800.0
2024-02-15,ACIC,12.550000190734863,12.789999961853027,12.31999969482422,12.739999771118164,11.538315773010254,331800.0
2024-02-16,ACIC,12.739999771118164,13.260000228881836,12.6899995803833,13.1899995803833,11.945870399475098,395900.0
2024-02-20,ACIC,13.079999923706056,13.68000030517578,12.960000038146973,13.390000343322754,12.12700653076172,439000.0
2024-02-21,ACIC,13.279999732971191,13.399999618530272,13.050000190734863,13.270000457763672,12.018325805664062,274000.0
2024-02-22,ACIC,13.270000457763672,13.81999969482422,13.109999656677246,13.34000015258789,12.081722259521484,462700.0
2024-02-23,ACIC,13.279999732971191,13.8100004196167,13.210000038146973,13.600000381469728,12.317198753356934,266800.0
2024-02-26,ACIC,13.880000114440918,13.920000076293944,13.260000228881836,13.6899995803833,12.398709297180176,286700.0
2024-02-27,ACIC,13.970000267028809,14.0600004196167,13.510000228881836,13.760000228881836,12.462106704711914,289400.0
2024-02-28,ACIC,13.640000343322754,14.010000228881836,13.510000228881836,13.949999809265137,12.634184837341309,178100.0
2024-02-29,ACIC,14.25,14.25,13.579999923706056,13.9399995803833,12.625127792358398,416800.0
2024-03-01,ACIC,13.68000030517578,14.0,11.43000030517578,11.899999618530272,10.777548789978027,1090700.0
2024-03-04,ACIC,12.210000038146973,12.470000267028809,10.8100004196167,10.850000381469728,9.82658863067627,754900.0
2024-03-05,ACIC,10.789999961853027,11.279999732971191,10.239999771118164,10.350000381469728,9.373750686645508,685300.0
2024-03-06,ACIC,10.529999732971191,10.720000267028809,10.140000343322754,10.380000114440918,9.400920867919922,403600.0
2024-03-07,ACIC,10.399999618530272,10.770000457763672,10.300000190734863,10.579999923706056,9.58205509185791,238600.0
2024-03-08,ACIC,10.59000015258789,10.670000076293944,10.0,10.039999961853027,9.092989921569824,330400.0
2024-03-11,ACIC,10.0,10.329999923706056,9.970000267028809,10.100000381469728,9.147331237792969,274700.0
2024-03-12,ACIC,10.020000457763672,10.710000038146973,9.850000381469728,10.670000076293944,9.663566589355469,377400.0
2024-03-13,ACIC,10.59000015258789,10.850000381469728,10.489999771118164,10.65999984741211,9.65450954437256,302700.0
2024-03-14,ACIC,10.600000381469728,10.649999618530272,10.390000343322754,10.600000381469728,9.600170135498049,197000.0
2024-03-15,ACIC,10.56999969482422,10.899999618530272,10.56999969482422,10.770000457763672,9.75413417816162,183200.0
2024-03-18,ACIC,10.6899995803833,10.93000030517578,10.59000015258789,10.6899995803833,9.681679725646973,175200.0
2024-03-19,ACIC,10.640000343322754,10.890000343322754,10.640000343322754,10.720000267028809,9.708850860595703,154100.0
2024-03-20,ACIC,10.720000267028809,10.850000381469728,10.399999618530272,10.550000190734863,9.554885864257812,277600.0
2024-03-21,ACIC,10.579999923706056,10.90999984741211,10.520000457763672,10.859999656677246,9.835644721984863,191400.0
2024-03-22,ACIC,10.4399995803833,10.460000038146973,9.890000343322754,10.109999656677246,9.15638828277588,741400.0
2024-03-25,ACIC,10.399999618530272,10.539999961853027,10.09000015258789,10.170000076293944,9.210728645324709,528900.0
2024-03-26,ACIC,10.029999732971191,10.229999542236328,9.899999618530272,10.109999656677246,9.15638828277588,512800.0
2024-03-27,ACIC,10.279999732971191,10.65999984741211,10.1899995803833,10.619999885559082,9.618282318115234,434100.0
2024-03-28,ACIC,10.539999961853027,10.869999885559082,10.539999961853027,10.6899995803833,9.681679725646973,2424100.0
2024-04-01,ACIC,10.829999923706056,10.829999923706056,10.260000228881836,10.359999656677246,9.382806777954102,354000.0
2024-04-02,ACIC,10.220000267028809,10.539999961853027,10.220000267028809,10.369999885559082,9.391863822937012,182700.0
2024-04-03,ACIC,10.279999732971191,10.8100004196167,10.279999732971191,10.760000228881836,9.745077133178713,214600.0
2024-04-04,ACIC,10.890000343322754,11.550000190734863,10.84000015258789,11.079999923706056,10.034893989562988,330800.0
2024-04-05,ACIC,10.979999542236328,11.470000267028809,10.979999542236328,11.210000038146973,10.152631759643556,203400.0
2024-04-08,ACIC,11.289999961853027,11.380000114440918,10.920000076293944,11.3100004196167,10.243199348449709,224000.0
2024-04-09,ACIC,11.369999885559082,11.529999732971191,11.100000381469728,11.350000381469728,10.279427528381348,264100.0
2024-04-10,ACIC,11.229999542236328,11.670000076293944,11.140000343322754,11.270000457763672,10.2069730758667,231300.0
2024-04-11,ACIC,11.260000228881836,11.3100004196167,11.010000228881836,11.130000114440918,10.080177307128906,144600.0
2024-04-12,ACIC,11.09000015258789,11.289999961853027,10.760000228881836,10.850000381469728,9.82658863067627,182600.0
2024-04-15,ACIC,10.800000190734863,10.850000381469728,10.630000114440918,10.729999542236328,9.717906951904297,155300.0
2024-04-16,ACIC,10.670000076293944,10.880000114440918,10.5600004196167,10.789999961853027,9.772247314453123,141300.0
2024-04-17,ACIC,10.789999961853027,10.789999961853027,10.220000267028809,10.289999961853027,9.31941032409668,265400.0
2024-04-18,ACIC,10.31999969482422,10.449999809265137,10.170000076293944,10.329999923706056,9.355636596679688,225300.0
2024-04-19,ACIC,10.270000457763672,10.640000343322754,10.270000457763672,10.630000114440918,9.627339363098145,216200.0
2024-04-22,ACIC,10.65999984741211,10.760000228881836,10.390000343322754,10.470000267028809,9.482431411743164,152000.0
2024-04-23,ACIC,10.510000228881836,10.850000381469728,10.479999542236328,10.729999542236328,9.717906951904297,152800.0
2024-04-24,ACIC,10.489999771118164,11.079999923706056,10.489999771118164,10.899999618530272,9.871871948242188,173300.0
2024-04-25,ACIC,10.800000190734863,11.06999969482422,10.729999542236328,10.9399995803833,9.908099174499512,150300.0
2024-04-26,ACIC,10.949999809265137,10.949999809265137,10.600000381469728,10.75,9.736021041870115,105800.0
2024-04-29,ACIC,10.779999732971191,10.880000114440918,10.460000038146973,10.600000381469728,9.600170135498049,180600.0
2024-04-30,ACIC,10.5,10.630000114440918,10.390000343322754,10.470000267028809,9.482431411743164,197800.0
2024-05-01,ACIC,10.449999809265137,10.789999961853027,10.4399995803833,10.6899995803833,9.681679725646973,151800.0
2024-05-02,ACIC,10.760000228881836,10.770000457763672,10.31999969482422,10.420000076293944,9.437148094177246,137400.0
2024-05-03,ACIC,10.5,10.520000457763672,10.229999542236328,10.329999923706056,9.355636596679688,156000.0
2024-05-06,ACIC,10.300000190734863,10.56999969482422,10.289999961853027,10.350000381469728,9.373750686645508,152000.0
2024-05-07,ACIC,10.289999961853027,10.5600004196167,10.25,10.539999961853027,9.545828819274902,136600.0
2024-05-08,ACIC,10.510000228881836,10.770000457763672,10.460000038146973,10.729999542236328,9.717906951904297,199800.0
2024-05-09,ACIC,10.649999618530272,10.93000030517578,10.600000381469728,10.90999984741211,9.880928993225098,237000.0
2024-05-10,ACIC,11.699999809265137,13.329999923706056,11.600000381469728,12.18000030517578,11.03113842010498,825900.0
2024-05-13,ACIC,12.100000381469728,12.390000343322754,11.829999923706056,11.960000038146973,10.831889152526855,397900.0
2024-05-14,ACIC,12.170000076293944,12.380000114440918,12.0,12.229999542236328,11.076421737670898,201700.0
2024-05-15,ACIC,12.34000015258789,12.75,12.029999732971191,12.5,11.320953369140623,364700.0
2024-05-16,ACIC,12.5,12.829999923706056,12.3100004196167,12.600000381469728,11.41152286529541,141300.0
2024-05-17,ACIC,12.729999542236328,13.420000076293944,12.729999542236328,13.15999984741211,11.918700218200684,318600.0
2024-05-20,ACIC,13.149999618530272,13.890000343322754,13.119999885559082,13.859999656677246,12.55267333984375,484500.0
2024-05-21,ACIC,13.869999885559082,14.380000114440918,13.43000030517578,13.470000267028809,12.19946002960205,379800.0
2024-05-22,ACIC,13.59000015258789,13.75,13.260000228881836,13.5,12.22663116455078,193700.0
2024-05-23,ACIC,13.579999923706056,13.579999923706056,12.800000190734863,12.93000030517578,11.71039581298828,228800.0
2024-05-24,ACIC,13.0,13.0600004196167,12.039999961853027,12.050000190734863,10.913400650024414,386500.0
2024-05-28,ACIC,12.15999984741211,12.43000030517578,11.81999969482422,11.979999542236328,10.85000228881836,259400.0
2024-05-29,ACIC,11.949999809265137,12.06999969482422,11.779999732971191,11.9399995803833,10.813775062561035,173500.0
2024-05-30,ACIC,11.920000076293944,12.649999618530272,11.800000190734863,12.0,10.86811637878418,376200.0
2024-05-31,ACIC,12.170000076293944,12.170000076293944,11.779999732971191,11.800000190734863,10.68698024749756,216800.0
2024-06-03,ACIC,11.899999618530272,12.18000030517578,11.479999542236328,11.789999961853027,10.677924156188965,318800.0
2024-06-04,ACIC,11.720000267028809,11.75,11.460000038146973,11.5,10.415278434753418,248500.0
2024-06-05,ACIC,11.510000228881836,11.640000343322754,11.210000038146973,11.460000038146973,10.379051208496094,201800.0
2024-06-06,ACIC,11.380000114440918,11.43000030517578,11.100000381469728,11.34000015258789,10.27036952972412,165900.0
2024-06-07,ACIC,11.229999542236328,11.420000076293944,11.09000015258789,11.130000114440918,10.080177307128906,129300.0
2024-06-10,ACIC,11.079999923706056,11.140000343322754,10.850000381469728,10.989999771118164,9.953383445739746,301800.0
2024-06-11,ACIC,10.90999984741211,10.989999771118164,10.729999542236328,10.770000457763672,9.75413417816162,179900.0
2024-06-12,ACIC,10.93000030517578,11.329999923706056,10.789999961853027,10.979999542236328,9.94432544708252,248400.0
2024-06-13,ACIC,10.949999809265137,10.979999542236328,10.710000038146973,10.859999656677246,9.835644721984863,144500.0
2024-06-14,ACIC,10.739999771118164,10.899999618530272,10.600000381469728,10.75,9.736021041870115,164100.0
2024-06-17,ACIC,10.699999809265137,10.960000038146973,10.640000343322754,10.93000030517578,9.899043083190918,188400.0
2024-06-18,ACIC,10.93000030517578,11.300000190734863,10.829999923706056,10.84000015258789,9.81753158569336,186300.0
2024-06-20,ACIC,10.84000015258789,11.15999984741211,10.8100004196167,11.09000015258789,10.043951034545898,182600.0
2024-06-21,ACIC,11.15999984741211,11.1899995803833,10.960000038146973,11.010000228881836,9.97149658203125,316900.0
2024-06-24,ACIC,11.0,11.239999771118164,10.81999969482422,10.93000030517578,9.899043083190918,219100.0
2024-06-25,ACIC,10.949999809265137,10.949999809265137,10.390000343322754,10.5,9.509601593017578,265700.0
2024-06-26,ACIC,10.539999961853027,10.81999969482422,10.31999969482422,10.8100004196167,9.790362358093262,179300.0
2024-06-27,ACIC,10.720000267028809,10.739999771118164,10.40999984741211,10.539999961853027,9.545828819274902,144000.0
2024-06-28,ACIC,10.5,10.68000030517578,10.420000076293944,10.550000190734863,9.554885864257812,1410100.0
2024-07-01,ACIC,10.68000030517578,10.949999809265137,10.670000076293944,10.850000381469728,9.82658863067627,198500.0
2024-07-02,ACIC,10.850000381469728,10.850000381469728,10.40999984741211,10.600000381469728,9.600170135498049,414500.0
2024-07-03,ACIC,10.609999656677246,10.68000030517578,10.420000076293944,10.56999969482422,9.572999000549316,115100.0
2024-07-05,ACIC,10.460000038146973,10.539999961853027,10.09000015258789,10.119999885559082,9.165444374084473,241800.0
2024-07-08,ACIC,10.140000343322754,10.720000267028809,10.140000343322754,10.4399995803833,9.45526123046875,211500.0
2024-07-09,ACIC,10.449999809265137,10.520000457763672,10.220000267028809,10.350000381469728,9.373750686645508,127700.0
2024-07-10,ACIC,10.289999961853027,10.529999732971191,10.25,10.369999885559082,9.391863822937012,119800.0
2024-07-11,ACIC,10.399999618530272,10.6899995803833,10.390000343322754,10.539999961853027,9.545828819274902,169700.0
2024-07-12,ACIC,10.520000457763672,10.699999809265137,10.420000076293944,10.670000076293944,9.663566589355469,267800.0
2024-07-15,ACIC,10.789999961853027,11.06999969482422,10.770000457763672,10.979999542236328,9.94432544708252,246200.0
2024-07-16,ACIC,11.079999923706056,11.399999618530272,10.90999984741211,11.390000343322754,10.315653800964355,323100.0
2024-07-17,ACIC,11.300000190734863,11.5,11.0600004196167,11.3100004196167,10.243199348449709,236000.0
2024-07-18,ACIC,11.300000190734863,11.359999656677246,10.949999809265137,11.050000190734863,10.007723808288574,109400.0
2024-07-19,ACIC,11.0600004196167,11.0600004196167,10.81999969482422,10.850000381469728,9.82658863067627,125000.0
2024-07-22,ACIC,10.850000381469728,11.380000114440918,10.779999732971191,11.300000190734863,10.234143257141112,197800.0
2024-07-23,ACIC,11.25,11.550000190734863,11.079999923706056,11.529999732971191,10.442448616027832,161400.0
2024-07-24,ACIC,11.470000267028809,11.710000038146973,11.300000190734863,11.579999923706056,10.48773193359375,130700.0
2024-07-25,ACIC,11.640000343322754,11.890000343322754,11.5,11.81999969482422,10.70509433746338,171600.0
2024-07-26,ACIC,11.93000030517578,12.130000114440918,11.8100004196167,12.09000015258789,10.949626922607422,179400.0
2024-07-29,ACIC,11.949999809265137,12.079999923706056,11.800000190734863,11.949999809265137,10.822832107543944,121200.0
2024-07-30,ACIC,11.890000343322754,12.34000015258789,11.8100004196167,12.270000457763672,11.112648963928224,141900.0
2024-07-31,ACIC,12.270000457763672,12.420000076293944,11.920000076293944,12.210000038146973,11.058308601379396,184000.0
2024-08-01,ACIC,12.25,12.369999885559082,11.720000267028809,11.90999984741211,10.78660488128662,157800.0
2024-08-02,ACIC,11.609999656677246,11.729999542236328,11.270000457763672,11.350000381469728,10.279427528381348,139200.0
2024-08-05,ACIC,10.40999984741211,11.229999542236328,10.279999732971191,11.220000267028809,10.161688804626465,321100.0
2024-08-06,ACIC,11.229999542236328,11.789999961853027,11.130000114440918,11.649999618530272,10.551128387451172,246300.0
2024-08-07,ACIC,11.640000343322754,11.699999809265137,11.4399995803833,11.649999618530272,10.551128387451172,198400.0
2024-08-08,ACIC,10.789999961853027,11.390000343322754,10.789999961853027,11.270000457763672,10.2069730758667,368800.0
2024-08-09,ACIC,11.34000015258789,11.59000015258789,11.100000381469728,11.479999542236328,10.397164344787598,309600.0
2024-08-12,ACIC,11.579999923706056,11.579999923706056,10.5,10.510000228881836,9.518658638000488,329000.0
2024-08-13,ACIC,10.579999923706056,11.479999542236328,10.550000190734863,11.140000343322754,10.089235305786133,308000.0
2024-08-14,ACIC,11.210000038146973,11.420000076293944,11.079999923706056,11.210000038146973,10.152631759643556,234000.0
2024-08-15,ACIC,11.229999542236328,11.65999984741211,11.229999542236328,11.4399995803833,10.360937118530272,209600.0
2024-08-16,ACIC,11.470000267028809,11.899999618530272,11.449999809265137,11.579999923706056,10.48773193359375,287200.0
2024-08-19,ACIC,11.550000190734863,11.65999984741211,11.1899995803833,11.289999961853027,10.225086212158203,163900.0
2024-08-20,ACIC,11.199999809265137,11.460000038146973,11.199999809265137,11.260000228881836,10.197916030883787,158200.0
2024-08-21,ACIC,11.34000015258789,11.479999542236328,11.06999969482422,11.229999542236328,10.17074489593506,138500.0
2024-08-22,ACIC,11.270000457763672,11.34000015258789,10.93000030517578,11.100000381469728,10.053007125854492,150300.0
2024-08-23,ACIC,11.1899995803833,11.630000114440918,11.119999885559082,11.289999961853027,10.225086212158203,214000.0
2024-08-26,ACIC,11.4399995803833,11.5,11.0,11.239999771118164,10.179801940917969,237100.0
2024-08-27,ACIC,11.239999771118164,11.399999618530272,11.170000076293944,11.229999542236328,10.17074489593506,114300.0
2024-08-28,ACIC,11.170000076293944,11.289999961853027,10.970000267028809,11.020000457763672,9.98055362701416,155000.0
2024-08-29,ACIC,11.109999656677246,11.199999809265137,10.550000190734863,11.0,9.96243953704834,193700.0
2024-08-30,ACIC,11.020000457763672,11.25,10.869999885559082,11.229999542236328,10.17074489593506,175500.0
2024-09-03,ACIC,11.09000015258789,11.300000190734863,10.9399995803833,11.010000228881836,9.97149658203125,146800.0
2024-09-04,ACIC,10.970000267028809,11.140000343322754,10.869999885559082,10.880000114440918,9.853758811950684,122500.0
2024-09-05,ACIC,10.93000030517578,11.140000343322754,10.869999885559082,11.119999885559082,10.071121215820312,142300.0
2024-09-06,ACIC,11.140000343322754,11.289999961853027,10.8100004196167,10.859999656677246,9.835644721984863,115000.0
2024-09-09,ACIC,10.920000076293944,11.380000114440918,10.90999984741211,11.170000076293944,10.116405487060549,213500.0
2024-09-10,ACIC,11.210000038146973,11.210000038146973,10.859999656677246,10.890000343322754,9.862814903259276,115600.0
2024-09-11,ACIC,10.81999969482422,10.880000114440918,10.550000190734863,10.670000076293944,9.663566589355469,217100.0
2024-09-12,ACIC,10.68000030517578,11.0600004196167,10.600000381469728,10.75,9.736021041870115,162800.0
2024-09-13,ACIC,10.81999969482422,11.06999969482422,10.770000457763672,10.960000038146973,9.926213264465332,88000.0
2024-09-16,ACIC,10.9399995803833,11.130000114440918,10.84000015258789,10.979999542236328,9.94432544708252,118900.0
2024-09-17,ACIC,10.960000038146973,11.359999656677246,10.770000457763672,11.210000038146973,10.152631759643556,408600.0
2024-09-18,ACIC,11.1899995803833,11.5,11.119999885559082,11.289999961853027,10.225086212158203,194600.0
2024-09-19,ACIC,11.5,11.720000267028809,11.119999885559082,11.520000457763672,10.433391571044922,216800.0
2024-09-20,ACIC,11.520000457763672,11.739999771118164,11.329999923706056,11.359999656677246,10.288482666015623,443800.0
2024-09-23,ACIC,11.4399995803833,11.449999809265137,11.3100004196167,11.369999885559082,10.297539710998535,216200.0
2024-09-24,ACIC,11.329999923706056,11.329999923706056,10.979999542236328,11.050000190734863,10.007723808288574,320400.0
2024-09-25,ACIC,11.029999732971191,11.050000190734863,10.789999961853027,10.81999969482422,9.79941749572754,202600.0
2024-09-26,ACIC,11.050000190734863,11.739999771118164,10.970000267028809,11.4399995803833,10.360937118530272,412700.0
2024-09-27,ACIC,11.479999542236328,11.65999984741211,11.359999656677246,11.380000114440918,10.306597709655762,210400.0
2024-09-30,ACIC,11.350000381469728,11.470000267028809,11.0600004196167,11.270000457763672,10.2069730758667,173800.0
2024-10-01,ACIC,11.1899995803833,11.199999809265137,10.949999809265137,11.020000457763672,9.98055362701416,132100.0
2024-10-02,ACIC,11.039999961853027,11.100000381469728,10.899999618530272,10.93000030517578,9.899043083190918,138100.0
2024-10-03,ACIC,10.899999618530272,11.140000343322754,10.899999618530272,11.020000457763672,9.98055362701416,172400.0
2024-10-04,ACIC,11.130000114440918,11.210000038146973,11.06999969482422,11.199999809265137,10.14357566833496,112300.0
2024-10-07,ACIC,10.81999969482422,10.890000343322754,9.140000343322754,9.489999771118164,8.594867706298828,1237800.0
2024-10-08,ACIC,9.4399995803833,9.760000228881836,9.34000015258789,9.5600004196167,8.658266067504883,771300.0
2024-10-09,ACIC,9.5,9.5,8.819999694824219,9.369999885559082,8.486186981201172,744900.0
2024-10-10,ACIC,10.220000267028809,10.479999542236328,9.600000381469728,10.18000030517578,9.219785690307615,596600.0
2024-10-11,ACIC,10.149999618530272,10.699999809265137,10.149999618530272,10.630000114440918,9.627339363098145,454100.0
2024-10-14,ACIC,10.640000343322754,10.640000343322754,10.130000114440918,10.300000190734863,9.328466415405272,252500.0
2024-10-15,ACIC,10.390000343322754,10.920000076293944,10.279999732971191,10.609999656677246,9.609225273132324,273900.0
2024-10-16,ACIC,10.720000267028809,11.039999961853027,10.649999618530272,10.93000030517578,9.899043083190918,209200.0
2024-10-17,ACIC,10.9399995803833,10.9399995803833,10.619999885559082,10.649999618530272,9.645452499389648,112700.0
2024-10-18,ACIC,10.649999618530272,10.670000076293944,10.289999961853027,10.5600004196167,9.563941955566406,304300.0
2024-10-21,ACIC,10.59000015258789,10.869999885559082,10.359999656677246,10.4399995803833,9.45526123046875,385600.0
2024-10-22,ACIC,10.399999618530272,10.56999969482422,10.079999923706056,10.4399995803833,9.45526123046875,183800.0
2024-10-23,ACIC,10.4399995803833,10.4399995803833,10.18000030517578,10.350000381469728,9.373750686645508,133400.0
2024-10-24,ACIC,10.949999809265137,12.729999542236328,10.949999809265137,12.649999618530272,11.456805229187012,1071200.0
2024-10-25,ACIC,12.5,12.5,12.06999969482422,12.109999656677246,10.967740058898926,388900.0
2024-10-28,ACIC,12.130000114440918,12.289999961853027,11.989999771118164,12.0600004196167,10.922456741333008,242300.0
2024-10-29,ACIC,11.970000267028809,12.09000015258789,11.739999771118164,11.789999961853027,10.677924156188965,204100.0
2024-10-30,ACIC,11.770000457763672,12.300000190734863,11.75,12.15999984741211,11.01302433013916,155600.0
2024-10-31,ACIC,12.09000015258789,12.43000030517578,12.010000228881836,12.149999618530272,11.00396728515625,202700.0
2024-11-01,ACIC,12.239999771118164,12.56999969482422,12.15999984741211,12.300000190734863,11.139819145202637,154900.0
2024-11-04,ACIC,12.300000190734863,12.369999885559082,11.859999656677246,11.9399995803833,10.813775062561035,176100.0
2024-11-05,ACIC,12.0600004196167,12.899999618530272,12.0,12.829999923706056,11.619827270507812,161400.0
2024-11-06,ACIC,13.09000015258789,13.520000457763672,12.90999984741211,13.300000190734863,12.045495986938477,367000.0
2024-11-07,ACIC,13.470000267028809,13.470000267028809,12.59000015258789,12.640000343322754,11.447749137878418,227700.0
2024-11-08,ACIC,12.8100004196167,13.149999618530272,12.359999656677246,13.140000343322754,11.900588035583496,176100.0
2024-11-11,ACIC,13.109999656677246,13.420000076293944,13.06999969482422,13.40999984741211,12.145119667053224,155400.0
2024-11-12,ACIC,13.3100004196167,13.489999771118164,13.109999656677246,13.470000267028809,12.19946002960205,203000.0
2024-11-13,ACIC,13.5,13.5,13.029999732971191,13.170000076293944,11.92775821685791,170600.0
2024-11-14,ACIC,13.149999618530272,13.210000038146973,12.710000038146973,12.850000381469728,11.637941360473633,357000.0
2024-11-15,ACIC,12.970000267028809,13.130000114440918,12.699999809265137,12.899999618530272,11.68322467803955,187600.0
2024-11-18,ACIC,12.9399995803833,13.3100004196167,12.899999618530272,13.079999923706056,11.846246719360352,176400.0
2024-11-19,ACIC,12.989999771118164,13.239999771118164,12.93000030517578,13.100000381469728,11.864359855651855,130700.0
2024-11-20,ACIC,13.079999923706056,13.170000076293944,12.9399995803833,12.989999771118164,11.76473617553711,187700.0
2024-11-21,ACIC,13.15999984741211,13.329999923706056,12.960000038146973,13.31999969482422,12.06360912322998,116900.0
2024-11-22,ACIC,13.34000015258789,13.5,13.239999771118164,13.460000038146973,12.19040298461914,133200.0
2024-11-25,ACIC,13.550000190734863,13.90999984741211,13.449999809265137,13.56999969482422,12.290027618408203,168000.0
2024-11-26,ACIC,13.489999771118164,13.640000343322754,13.229999542236328,13.520000457763672,12.244744300842283,127400.0
2024-11-27,ACIC,13.600000381469728,13.729999542236328,13.539999961853027,13.640000343322754,12.353425979614258,93900.0
2024-11-29,ACIC,13.640000343322754,13.829999923706056,13.579999923706056,13.729999542236328,12.434935569763184,92600.0
2024-12-02,ACIC,13.75,13.760000228881836,13.3100004196167,13.460000038146973,12.19040298461914,131600.0
2024-12-03,ACIC,13.4399995803833,13.520000457763672,13.199999809265137,13.270000457763672,12.018325805664062,151900.0
2024-12-04,ACIC,13.40999984741211,15.079999923706056,13.399999618530272,14.3100004196167,12.96022891998291,597500.0
2024-12-05,ACIC,14.550000190734863,14.550000190734863,14.079999923706056,14.300000190734863,12.951171875,207700.0
2024-12-06,ACIC,14.449999809265137,14.619999885559082,13.880000114440918,14.119999885559082,12.7881498336792,177000.0
2024-12-09,ACIC,14.1899995803833,14.359999656677246,13.670000076293944,14.0,12.679469108581545,182400.0
2024-12-10,ACIC,14.020000457763672,14.170000076293944,13.84000015258789,13.90999984741211,12.597957611083984,136100.0
2024-12-11,ACIC,14.029999732971191,14.329999923706056,13.649999618530272,14.149999618530272,12.815320014953612,276900.0
2024-12-12,ACIC,14.149999618530272,14.25,13.760000228881836,13.859999656677246,12.55267333984375,87400.0
2024-12-13,ACIC,13.859999656677246,13.970000267028809,13.729999542236328,13.880000114440918,12.57078742980957,57000.0
2024-12-16,ACIC,13.859999656677246,14.149999618530272,13.800000190734863,13.989999771118164,12.670412063598633,117300.0
2024-12-17,ACIC,13.850000381469728,14.029999732971191,13.729999542236328,13.829999923706056,12.525503158569336,132100.0
2024-12-18,ACIC,14.210000038146973,14.210000038146973,13.229999542236328,13.350000381469728,12.090780258178713,139000.0
2024-12-19,ACIC,13.479999542236328,13.93000030517578,12.979999542236328,13.010000228881836,11.782849311828612,246400.0
2024-12-20,ACIC,12.850000381469728,13.300000190734863,12.779999732971191,13.130000114440918,11.89153003692627,279200.0
2024-12-23,ACIC,13.130000114440918,13.140000343322754,12.899999618530272,13.020000457763672,11.791906356811523,148000.0
2024-12-24,ACIC,13.109999656677246,13.210000038146973,12.979999542236328,13.199999809265137,11.954927444458008,50700.0
2024-12-26,ACIC,13.210000038146973,13.6899995803833,13.100000381469728,13.649999618530272,12.362481117248535,154400.0
2024-12-27,ACIC,13.529999732971191,13.779999732971191,13.279999732971191,13.380000114440918,12.117950439453123,125800.0
2024-12-30,ACIC,13.31999969482422,13.350000381469728,13.0600004196167,13.279999732971191,12.02738094329834,102700.0
2024-12-31,ACIC,13.420000076293944,13.640000343322754,13.279999732971191,13.460000038146973,12.19040298461914,205900.0
2025-01-02,ACIC,13.029999732971191,13.34000015258789,12.579999923706056,12.729999542236328,11.974061012268066,326800.0
2025-01-03,ACIC,12.729999542236328,12.729999542236328,12.130000114440918,12.279999732971191,11.550783157348633,252600.0
2025-01-06,ACIC,12.270000457763672,12.449999809265137,12.039999961853027,12.0600004196167,11.34384822845459,279300.0
2025-01-07,ACIC,12.020000457763672,12.210000038146973,11.829999923706056,12.18000030517578,11.456722259521484,226700.0
2025-01-08,ACIC,12.079999923706056,12.4399995803833,11.84000015258789,12.31999969482422,11.588408470153809,158200.0
2025-01-10,ACIC,12.1899995803833,12.300000190734863,11.75,11.850000381469728,11.146318435668944,288900.0
2025-01-13,ACIC,11.949999809265137,12.229999542236328,11.59000015258789,12.010000228881836,11.2968168258667,268100.0
2025-01-14,ACIC,12.119999885559082,12.359999656677246,12.029999732971191,12.31999969482422,11.588408470153809,147500.0
2025-01-15,ACIC,12.609999656677246,12.869999885559082,12.289999961853027,12.390000343322754,11.654252052307127,135700.0
2025-01-16,ACIC,12.4399995803833,12.4399995803833,11.979999542236328,12.09000015258789,11.372066497802734,121900.0
2025-01-17,ACIC,12.18000030517578,12.329999923706056,12.09000015258789,12.119999885559082,11.40028476715088,134500.0
2025-01-21,ACIC,12.229999542236328,12.40999984741211,12.18000030517578,12.369999885559082,11.635438919067385,154500.0
2025-01-22,ACIC,12.369999885559082,12.380000114440918,12.100000381469728,12.100000381469728,11.38147258758545,179300.0
2025-01-23,ACIC,12.140000343322754,12.3100004196167,11.890000343322754,12.199999809265137,11.475534439086914,126800.0
2025-01-24,ACIC,12.119999885559082,12.40999984741211,12.100000381469728,12.359999656677246,11.626032829284668,117200.0
2025-01-27,ACIC,12.3100004196167,12.649999618530272,12.3100004196167,12.539999961853027,11.795344352722168,118000.0
2025-01-28,ACIC,12.5,12.600000381469728,12.420000076293944,12.510000228881836,11.767126083374023,67200.0
2025-01-29,ACIC,12.5,12.609999656677246,12.350000381469728,12.420000076293944,11.682470321655272,71200.0
2025-01-30,ACIC,12.59000015258789,12.65999984741211,12.4399995803833,12.489999771118164,11.748312950134276,73600.0
2025-01-31,ACIC,12.470000267028809,12.489999771118164,12.15999984741211,12.1899995803833,11.466127395629885,81500.0
2025-02-03,ACIC,12.0,12.34000015258789,11.8100004196167,11.989999771118164,11.27800464630127,119100.0
2025-02-04,ACIC,11.949999809265137,12.010000228881836,11.829999923706056,11.920000076293944,11.21216106414795,98800.0
2025-02-05,ACIC,11.979999542236328,12.130000114440918,11.90999984741211,12.0600004196167,11.34384822845459,87100.0
2025-02-06,ACIC,12.119999885559082,12.199999809265137,11.989999771118164,12.119999885559082,11.40028476715088,75700.0
2025-02-07,ACIC,12.130000114440918,12.239999771118164,11.8100004196167,11.81999969482422,11.118099212646484,118200.0
2025-02-10,ACIC,11.84000015258789,12.029999732971191,11.779999732971191,11.869999885559082,11.165130615234377,120200.0
2025-02-11,ACIC,11.850000381469728,12.010000228881836,11.739999771118164,11.880000114440918,11.17453670501709,119700.0
2025-02-12,ACIC,11.81999969482422,11.949999809265137,11.65999984741211,11.81999969482422,11.118099212646484,102600.0
2025-02-13,ACIC,11.800000190734863,12.220000267028809,11.739999771118164,12.100000381469728,11.38147258758545,121900.0
2025-02-14,ACIC,12.1899995803833,12.380000114440918,11.9399995803833,12.350000381469728,11.61662769317627,139400.0
2025-02-18,ACIC,12.760000228881836,13.260000228881836,12.579999923706056,12.760000228881836,12.002280235290527,213800.0
2025-02-19,ACIC,12.760000228881836,13.5,12.6899995803833,13.380000114440918,12.585463523864746,223200.0
2025-02-20,ACIC,13.279999732971191,13.449999809265137,12.600000381469728,12.699999809265137,11.945842742919922,274000.0
2025-02-21,ACIC,12.829999923706056,12.960000038146973,12.510000228881836,12.510000228881836,11.767126083374023,136300.0
2025-02-24,ACIC,12.630000114440918,13.0600004196167,12.5,13.0,12.228028297424316,187000.0
2025-02-25,ACIC,13.100000381469728,13.199999809265137,12.8100004196167,12.880000114440918,12.115154266357422,145800.0
2025-02-26,ACIC,12.9399995803833,13.100000381469728,12.619999885559082,12.789999961853027,12.030498504638672,90200.0
2025-02-27,ACIC,12.739999771118164,13.079999923706056,12.670000076293944,12.6899995803833,11.936436653137209,106600.0
2025-02-28,ACIC,12.65999984741211,12.699999809265137,11.210000038146973,12.140000343322754,11.419097900390623,218200.0
2025-03-03,ACIC,11.899999618530272,12.149999618530272,11.649999618530272,11.729999542236328,11.033443450927734,268300.0
2025-03-04,ACIC,11.789999961853027,12.25,11.56999969482422,11.960000038146973,11.249786376953123,241900.0
2025-03-05,ACIC,12.029999732971191,12.84000015258789,11.9399995803833,12.779999732971191,12.021092414855955,196700.0
2025-03-06,ACIC,12.720000267028809,12.720000267028809,12.079999923706056,12.100000381469728,11.38147258758545,148800.0
2025-03-07,ACIC,12.039999961853027,12.329999923706056,11.770000457763672,12.010000228881836,11.2968168258667,128200.0
2025-03-10,ACIC,11.84000015258789,12.119999885559082,11.699999809265137,11.890000343322754,11.183942794799805,178900.0
2025-03-11,ACIC,11.9399995803833,12.09000015258789,11.779999732971191,11.949999809265137,11.240379333496094,150500.0
2025-03-12,ACIC,12.390000343322754,12.470000267028809,11.729999542236328,11.9399995803833,11.23097324371338,134600.0
2025-03-13,ACIC,11.920000076293944,12.170000076293944,11.609999656677246,11.829999923706056,11.1275053024292,131800.0
2025-03-14,ACIC,11.960000038146973,12.289999961853027,11.8100004196167,12.279999732971191,11.550783157348633,206500.0
2025-03-17,ACIC,12.119999885559082,12.34000015258789,12.0600004196167,12.260000228881836,11.53197193145752,175000.0
2025-03-18,ACIC,12.15999984741211,12.470000267028809,12.050000190734863,12.140000343322754,11.419097900390623,155800.0
2025-03-19,ACIC,12.149999618530272,12.229999542236328,11.899999618530272,12.050000190734863,11.334442138671877,169900.0
2025-03-20,ACIC,12.010000228881836,12.170000076293944,11.949999809265137,11.989999771118164,11.27800464630127,113100.0
2025-03-21,ACIC,11.859999656677246,12.020000457763672,11.8100004196167,11.93000030517578,11.22156810760498,220300.0
2025-03-24,ACIC,12.029999732971191,12.079999923706056,11.619999885559082,11.6899995803833,10.995819091796877,100600.0
2025-03-25,ACIC,11.6899995803833,11.779999732971191,11.350000381469728,11.479999542236328,10.79828929901123,270900.0
2025-03-26,ACIC,11.56999969482422,12.1899995803833,11.56999969482422,11.869999885559082,11.165130615234377,256500.0
2025-03-27,ACIC,11.850000381469728,11.93000030517578,11.529999732971191,11.630000114440918,10.939382553100586,136500.0
2025-03-28,ACIC,11.609999656677246,11.670000076293944,11.470000267028809,11.529999732971191,10.84532070159912,97400.0
2025-03-31,ACIC,11.390000343322754,11.649999618530272,11.380000114440918,11.56999969482422,10.88294506072998,200700.0
2025-04-01,ACIC,11.539999961853027,11.6899995803833,11.350000381469728,11.529999732971191,10.84532070159912,163700.0
2025-04-02,ACIC,11.449999809265137,11.65999984741211,11.34000015258789,11.390000343322754,10.713634490966797,153900.0
2025-04-03,ACIC,11.279999732971191,11.399999618530272,10.9399995803833,11.079999923706056,10.422042846679688,201400.0
2025-04-04,ACIC,10.739999771118164,10.90999984741211,10.489999771118164,10.8100004196167,10.168076515197754,287900.0
2025-04-07,ACIC,10.380000114440918,11.149999618530272,10.260000228881836,10.529999732971191,9.904703140258787,271300.0
2025-04-08,ACIC,10.920000076293944,11.0,10.43000030517578,10.539999961853027,9.914109230041504,193100.0
2025-04-09,ACIC,10.699999809265137,11.359999656677246,10.4399995803833,10.770000457763672,10.130451202392578,234100.0
2025-04-10,ACIC,10.649999618530272,11.470000267028809,10.329999923706056,10.789999961853027,10.149263381958008,359500.0
2025-04-11,ACIC,10.75,11.1899995803833,10.550000190734863,11.079999923706056,10.422042846679688,338200.0
2025-04-14,ACIC,11.079999923706056,11.220000267028809,10.859999656677246,11.100000381469728,10.440855026245115,154700.0
2025-04-15,ACIC,11.149999618530272,11.359999656677246,11.140000343322754,11.170000076293944,10.506698608398438,104200.0
2025-04-16,ACIC,11.149999618530272,11.380000114440918,11.130000114440918,11.1899995803833,10.52550983428955,88000.0
2025-04-17,ACIC,11.1899995803833,11.300000190734863,11.020000457763672,11.06999969482422,10.412635803222656,135000.0
2025-04-21,ACIC,11.050000190734863,11.229999542236328,10.760000228881836,10.890000343322754,10.243325233459473,123800.0
2025-04-22,ACIC,11.020000457763672,11.199999809265137,10.949999809265137,11.18000030517578,10.516104698181152,158900.0
2025-04-23,ACIC,11.1899995803833,11.329999923706056,10.949999809265137,11.15999984741211,10.497291564941406,234300.0
2025-04-24,ACIC,11.170000076293944,11.210000038146973,11.029999732971191,11.140000343322754,10.478480339050291,84100.0
2025-04-25,ACIC,11.109999656677246,11.220000267028809,11.0,11.18000030517578,10.516104698181152,119000.0
2025-04-28,ACIC,11.1899995803833,11.529999732971191,11.170000076293944,11.510000228881836,10.826508522033691,136200.0
2025-04-29,ACIC,11.479999542236328,11.600000381469728,11.279999732971191,11.59000015258789,10.90175724029541,108900.0
2025-04-30,ACIC,11.5,11.640000343322754,11.270000457763672,11.43000030517578,10.751258850097656,142000.0
2025-05-01,ACIC,11.420000076293944,11.420000076293944,11.1899995803833,11.329999923706056,10.657196998596191,95200.0
2025-05-02,ACIC,11.479999542236328,11.720000267028809,11.350000381469728,11.6899995803833,10.995819091796877,105300.0
2025-05-05,ACIC,11.630000114440918,11.760000228881836,11.350000381469728,11.670000076293944,10.977006912231444,101200.0
2025-05-06,ACIC,11.600000381469728,11.6899995803833,11.479999542236328,11.56999969482422,10.88294506072998,77400.0
2025-05-07,ACIC,11.720000267028809,11.760000228881836,11.470000267028809,11.630000114440918,10.939382553100586,95800.0
2025-05-08,ACIC,11.630000114440918,11.970000267028809,11.470000267028809,11.920000076293944,11.21216106414795,160100.0
2025-05-09,ACIC,11.119999885559082,11.5,10.539999961853027,11.15999984741211,10.497291564941406,434100.0
2025-05-12,ACIC,11.329999923706056,11.380000114440918,10.859999656677246,11.130000114440918,10.469073295593262,308700.0
2025-05-13,ACIC,11.229999542236328,11.34000015258789,11.140000343322754,11.170000076293944,10.506698608398438,199500.0
2025-05-14,ACIC,11.149999618530272,11.199999809265137,10.859999656677246,11.010000228881836,10.356199264526367,220100.0
2025-05-15,ACIC,11.050000190734863,11.15999984741211,10.93000030517578,11.0,10.346793174743652,158200.0
2025-05-16,ACIC,10.970000267028809,11.100000381469728,10.56999969482422,11.0600004196167,10.403230667114258,438200.0
2025-05-19,ACIC,10.960000038146973,11.0600004196167,10.56999969482422,10.720000267028809,10.083420753479004,222200.0
2025-05-20,ACIC,10.81999969482422,11.260000228881836,10.649999618530272,11.18000030517578,10.516104698181152,361800.0
2025-05-21,ACIC,11.0600004196167,11.149999618530272,10.899999618530272,11.029999732971191,10.375011444091797,221400.0
2025-05-22,ACIC,10.93000030517578,11.0600004196167,10.93000030517578,10.970000267028809,10.318574905395508,258500.0
2025-05-23,ACIC,10.6899995803833,10.899999618530272,10.6899995803833,10.850000381469728,10.205700874328612,131300.0
2025-05-27,ACIC,10.949999809265137,10.970000267028809,10.789999961853027,10.81999969482422,10.177481651306152,100400.0
2025-05-28,ACIC,10.789999961853027,10.829999923706056,10.68000030517578,10.760000228881836,10.121045112609863,248800.0
2025-05-29,ACIC,10.789999961853027,10.9399995803833,10.699999809265137,10.84000015258789,10.196294784545898,279500.0
2025-05-30,ACIC,10.81999969482422,10.850000381469728,10.720000267028809,10.800000190734863,10.158669471740724,269400.0
2025-06-02,ACIC,10.760000228881836,11.329999923706056,10.75,11.279999732971191,10.6101655960083,634900.0
2025-06-03,ACIC,11.3100004196167,12.010000228881836,11.3100004196167,11.960000038146973,11.249786376953123,623600.0
2025-06-04,ACIC,11.920000076293944,11.920000076293944,11.550000190734863,11.75,11.05225658416748,315400.0
2025-06-05,ACIC,11.029999732971191,11.420000076293944,10.829999923706056,10.960000038146973,10.309168815612791,552600.0
2025-06-06,ACIC,11.029999732971191,11.170000076293944,10.720000267028809,10.920000076293944,10.271543502807615,344800.0
2025-06-09,ACIC,10.920000076293944,10.949999809265137,10.68000030517578,10.920000076293944,10.271543502807615,356100.0
2025-06-10,ACIC,10.81999969482422,10.890000343322754,10.630000114440918,10.739999771118164,10.102231979370115,365100.0
2025-06-11,ACIC,10.81999969482422,10.81999969482422,10.640000343322754,10.65999984741211,10.026983261108398,204500.0
2025-06-12,ACIC,10.619999885559082,10.739999771118164,10.600000381469728,10.649999618530272,10.017576217651367,177400.0
2025-06-13,ACIC,10.6899995803833,10.6899995803833,10.390000343322754,10.43000030517578,9.810641288757324,188600.0
2025-06-16,ACIC,10.460000038146973,10.510000228881836,10.380000114440918,10.479999542236328,9.857671737670898,220300.0
2025-06-17,ACIC,10.40999984741211,10.68000030517578,10.369999885559082,10.470000267028809,9.848265647888184,370600.0
2025-06-18,ACIC,10.460000038146973,10.5,10.100000381469728,10.109999656677246,9.5096435546875,237000.0
2025-06-20,ACIC,10.199999809265137,10.550000190734863,10.15999984741211,10.390000343322754,9.773016929626465,420300.0
2025-06-23,ACIC,10.359999656677246,10.56999969482422,10.279999732971191,10.520000457763672,9.895297050476074,210700.0
2025-06-24,ACIC,10.609999656677246,10.649999618530272,10.40999984741211,10.529999732971191,9.904703140258787,358200.0
2025-06-25,ACIC,10.56999969482422,10.56999969482422,10.359999656677246,10.4399995803833,9.82004737854004,151900.0
2025-06-26,ACIC,10.630000114440918,10.630000114440918,10.369999885559082,10.5600004196167,9.932921409606934,153000.0
2025-06-27,ACIC,10.529999732971191,10.760000228881836,10.470000267028809,10.6899995803833,10.055201530456545,416200.0
2025-06-30,ACIC,10.75,11.15999984741211,10.699999809265137,11.119999885559082,10.459667205810549,266500.0
2025-07-01,ACIC,11.050000190734863,11.229999542236328,10.890000343322754,11.0,10.346793174743652,244100.0
2025-07-02,ACIC,10.970000267028809,10.970000267028809,10.640000343322754,10.869999885559082,10.224513053894045,308100.0
2025-07-03,ACIC,10.899999618530272,11.119999885559082,10.899999618530272,11.039999961853027,10.384417533874512,177400.0
2025-07-07,ACIC,10.93000030517578,11.15999984741211,10.890000343322754,10.9399995803833,10.290355682373049,241600.0
2025-07-08,ACIC,11.0,11.0600004196167,10.890000343322754,11.039999961853027,10.384417533874512,190400.0
2025-07-09,ACIC,11.050000190734863,11.050000190734863,10.920000076293944,11.0,10.346793174743652,204300.0
2025-07-10,ACIC,10.970000267028809,10.979999542236328,10.84000015258789,10.859999656677246,10.215106010437012,149000.0
2025-07-11,ACIC,10.859999656677246,10.989999771118164,10.75,10.770000457763672,10.130451202392578,157500.0
2025-07-14,ACIC,10.729999542236328,10.880000114440918,10.65999984741211,10.8100004196167,10.168076515197754,164700.0
2025-07-15,ACIC,10.850000381469728,10.949999809265137,10.710000038146973,10.760000228881836,10.121045112609863,215000.0
2025-07-16,ACIC,10.800000190734863,10.869999885559082,10.710000038146973,10.84000015258789,10.196294784545898,107200.0
2025-07-17,ACIC,10.81999969482422,10.949999809265137,10.710000038146973,10.899999618530272,10.252731323242188,158700.0
2025-07-18,ACIC,10.960000038146973,10.960000038146973,10.789999961853027,10.800000190734863,10.158669471740724,109700.0
2025-07-21,ACIC,10.800000190734863,10.81999969482422,10.65999984741211,10.65999984741211,10.026983261108398,93300.0
2025-07-22,ACIC,10.699999809265137,10.970000267028809,10.670000076293944,10.890000343322754,10.243325233459473,114000.0
2025-07-23,ACIC,10.93000030517578,10.93000030517578,10.6899995803833,10.90999984741211,10.262137413024902,137500.0
2025-07-24,ACIC,10.899999618530272,10.899999618530272,10.5600004196167,10.65999984741211,10.026983261108398,142200.0
2025-07-25,ACIC,10.670000076293944,10.81999969482422,10.609999656677246,10.630000114440918,9.998764991760254,152000.0
2025-07-28,ACIC,10.649999618530272,10.649999618530272,10.289999961853027,10.420000076293944,9.80123519897461,127800.0
2025-07-29,ACIC,10.5,10.649999618530272,10.460000038146973,10.489999771118164,9.867077827453612,110200.0
2025-07-30,ACIC,10.489999771118164,10.56999969482422,10.3100004196167,10.350000381469728,9.735392570495604,91800.0
2025-07-31,ACIC,10.279999732971191,10.529999732971191,10.279999732971191,10.40999984741211,9.791829109191896,178200.0
2025-08-01,ACIC,10.300000190734863,10.359999656677246,9.970000267028809,10.130000114440918,9.52845573425293,226300.0
2025-08-04,ACIC,10.140000343322754,10.279999732971191,10.140000343322754,10.270000457763672,9.66014289855957,111000.0
2025-08-05,ACIC,10.359999656677246,10.420000076293944,10.210000038146973,10.260000228881836,9.650736808776855,111400.0
2025-08-06,ACIC,10.239999771118164,10.300000190734863,9.989999771118164,10.18000030517578,9.57548713684082,386100.0
2025-08-07,ACIC,10.619999885559082,10.899999618530272,10.020000457763672,10.710000038146973,10.074013710021973,669700.0
2025-08-08,ACIC,10.739999771118164,10.789999961853027,10.170000076293944,10.239999771118164,9.63192367553711,348700.0
2025-08-11,ACIC,10.239999771118164,10.760000228881836,10.010000228881836,10.739999771118164,10.102231979370115,254600.0
2025-08-12,ACIC,10.75,10.84000015258789,10.399999618530272,10.6899995803833,10.055201530456545,164500.0
2025-08-13,ACIC,10.770000457763672,10.899999618530272,10.720000267028809,10.880000114440918,10.233919143676758,185200.0
2025-08-14,ACIC,10.84000015258789,11.119999885559082,10.829999923706056,11.06999969482422,10.412635803222656,195200.0
2025-08-15,ACIC,11.119999885559082,11.119999885559082,10.890000343322754,10.920000076293944,10.271543502807615,245000.0
2025-08-18,ACIC,10.880000114440918,10.9399995803833,10.630000114440918,10.65999984741211,10.026983261108398,99400.0
2025-08-19,ACIC,10.600000381469728,10.9399995803833,10.600000381469728,10.90999984741211,10.262137413024902,181200.0
2025-08-20,ACIC,10.949999809265137,11.220000267028809,10.890000343322754,11.029999732971191,10.375011444091797,308000.0
2025-08-21,ACIC,10.970000267028809,11.199999809265137,10.869999885559082,10.899999618530272,10.252731323242188,171700.0
2025-08-22,ACIC,10.93000030517578,11.0,10.850000381469728,10.869999885559082,10.224513053894045,192000.0
2025-08-25,ACIC,10.829999923706056,10.829999923706056,10.380000114440918,10.5,9.876483917236328,140600.0
2025-08-26,ACIC,10.470000267028809,10.550000190734863,10.3100004196167,10.489999771118164,9.867077827453612,180800.0
2025-08-27,ACIC,10.40999984741211,10.739999771118164,10.40999984741211,10.699999809265137,10.064607620239258,152000.0
2025-08-28,ACIC,10.699999809265137,10.9399995803833,10.59000015258789,10.869999885559082,10.224513053894045,252900.0
2025-08-29,ACIC,10.890000343322754,11.09000015258789,10.829999923706056,11.050000190734863,10.393824577331545,214000.0
2025-09-02,ACIC,11.0,11.380000114440918,11.0,11.329999923706056,10.657196998596191,257200.0
2025-09-03,ACIC,11.279999732971191,11.380000114440918,11.079999923706056,11.15999984741211,10.497291564941406,111000.0
2025-09-04,ACIC,11.170000076293944,11.670000076293944,11.170000076293944,11.65999984741211,10.96760082244873,270800.0
2025-09-05,ACIC,11.699999809265137,11.81999969482422,11.350000381469728,11.369999885559082,10.69482135772705,168500.0
2025-09-08,ACIC,11.359999656677246,11.5,11.18000030517578,11.270000457763672,10.600760459899902,144500.0
2025-09-09,ACIC,11.399999618530272,11.399999618530272,10.979999542236328,11.0600004196167,10.403230667114258,145100.0
2025-09-10,ACIC,11.039999961853027,11.279999732971191,10.770000457763672,10.779999732971191,10.139857292175291,108600.0
2025-09-11,ACIC,10.770000457763672,11.0600004196167,10.770000457763672,11.0600004196167,10.403230667114258,104800.0
2025-09-12,ACIC,11.050000190734863,11.09000015258789,10.920000076293944,11.029999732971191,10.375011444091797,93700.0
2025-09-15,ACIC,11.050000190734863,11.170000076293944,10.829999923706056,10.890000343322754,10.243325233459473,166200.0
2025-09-16,ACIC,10.850000381469728,10.920000076293944,10.710000038146973,10.899999618530272,10.252731323242188,145100.0
2025-09-17,ACIC,10.93000030517578,11.270000457763672,10.93000030517578,11.130000114440918,10.469073295593262,254200.0
2025-09-18,ACIC,11.119999885559082,11.25,11.029999732971191,11.140000343322754,10.478480339050291,170200.0
2025-09-19,ACIC,11.199999809265137,11.300000190734863,11.119999885559082,11.199999809265137,10.534916877746582,353000.0
2025-09-22,ACIC,11.1899995803833,11.550000190734863,11.170000076293944,11.460000038146973,10.7794771194458,188600.0
2025-09-23,ACIC,11.479999542236328,11.479999542236328,11.149999618530272,11.15999984741211,10.497291564941406,122000.0
2025-09-24,ACIC,11.1899995803833,11.34000015258789,11.170000076293944,11.300000190734863,10.628978729248049,133400.0
2025-09-25,ACIC,11.300000190734863,11.350000381469728,11.0600004196167,11.31999969482422,10.647790908813477,132000.0
2025-09-26,ACIC,11.359999656677246,11.600000381469728,11.31999969482422,11.579999923706056,10.892351150512695,105400.0
2025-09-29,ACIC,11.579999923706056,11.59000015258789,11.25,11.260000228881836,10.591354370117188,102700.0
2025-09-30,ACIC,11.25,11.399999618530272,11.1899995803833,11.390000343322754,10.713634490966797,87800.0
2025-10-01,ACIC,11.329999923706056,11.460000038146973,11.140000343322754,11.149999618530272,10.487885475158691,153300.0
2025-10-02,ACIC,11.149999618530272,11.43000030517578,11.039999961853027,11.40999984741211,10.732446670532228,309800.0
2025-10-03,ACIC,11.40999984741211,11.699999809265137,11.350000381469728,11.65999984741211,10.96760082244873,126400.0
2025-10-06,ACIC,11.729999542236328,11.899999618530272,11.710000038146973,11.850000381469728,11.146318435668944,134700.0
2025-10-07,ACIC,11.800000190734863,12.170000076293944,11.75,12.109999656677246,11.390878677368164,188100.0
2025-10-08,ACIC,12.15999984741211,12.40999984741211,12.15999984741211,12.300000190734863,11.56959629058838,103800.0
2025-10-09,ACIC,12.359999656677246,12.359999656677246,11.880000114440918,12.050000190734863,11.334442138671877,119000.0
2025-10-10,ACIC,12.050000190734863,12.100000381469728,11.739999771118164,11.81999969482422,11.118099212646484,186900.0
2025-10-13,ACIC,11.880000114440918,11.989999771118164,11.670000076293944,11.989999771118164,11.27800464630127,169200.0
2025-10-14,ACIC,11.949999809265137,12.369999885559082,11.869999885559082,12.300000190734863,11.56959629058838,106600.0
2025-10-15,ACIC,12.3100004196167,12.3100004196167,11.899999618530272,12.130000114440918,11.409690856933594,215800.0
2025-10-16,ACIC,12.170000076293944,12.170000076293944,11.609999656677246,11.649999618530272,10.9581937789917,273100.0
2025-10-17,ACIC,11.65999984741211,11.880000114440918,11.5600004196167,11.789999961853027,11.08988094329834,166700.0
2025-10-20,ACIC,11.8100004196167,11.869999885559082,11.649999618530272,11.829999923706056,11.1275053024292,103900.0
2025-10-21,ACIC,11.789999961853027,11.90999984741211,11.65999984741211,11.859999656677246,11.155723571777344,77400.0
2025-10-22,ACIC,11.859999656677246,11.9399995803833,11.770000457763672,11.93000030517578,11.22156810760498,84900.0
2025-10-23,ACIC,11.9399995803833,11.979999542236328,11.760000228881836,11.869999885559082,11.165130615234377,105100.0
2025-10-24,ACIC,11.869999885559082,11.90999984741211,11.770000457763672,11.890000343322754,11.183942794799805,108600.0
2025-10-27,ACIC,11.90999984741211,12.010000228881836,11.670000076293944,11.800000190734863,11.099287033081056,144200.0
2025-10-28,ACIC,11.829999923706056,11.859999656677246,11.630000114440918,11.630000114440918,10.939382553100586,153800.0
2025-10-29,ACIC,11.5600004196167,11.920000076293944,11.5600004196167,11.90999984741211,11.202754974365234,214800.0
2025-10-30,ACIC,11.829999923706056,12.0600004196167,11.729999542236328,11.729999542236328,11.033443450927734,162300.0
2025-10-31,ACIC,11.729999542236328,11.859999656677246,11.5,11.84000015258789,11.13691234588623,247900.0
2025-11-03,ACIC,11.770000457763672,11.93000030517578,11.56999969482422,11.739999771118164,11.04284954071045,237000.0
2025-11-04,ACIC,11.739999771118164,12.140000343322754,11.720000267028809,12.0600004196167,11.34384822845459,183900.0
2025-11-05,ACIC,12.029999732971191,12.40999984741211,11.949999809265137,12.399999618530272,11.663657188415527,167100.0
2025-11-06,ACIC,12.5,12.739999771118164,11.989999771118164,12.1899995803833,11.466127395629885,234300.0
2025-11-07,ACIC,12.199999809265137,12.359999656677246,12.06999969482422,12.140000343322754,11.419097900390623,181200.0
2025-11-10,ACIC,12.119999885559082,12.119999885559082,11.649999618530272,11.970000267028809,11.25919246673584,196200.0
2025-11-11,ACIC,11.979999542236328,12.109999656677246,11.90999984741211,12.039999961853027,11.325035095214844,156900.0
2025-11-12,ACIC,12.020000457763672,12.15999984741211,11.949999809265137,12.039999961853027,11.325035095214844,122800.0
2025-11-13,ACIC,12.020000457763672,12.029999732971191,11.829999923706056,11.949999809265137,11.240379333496094,144900.0
2025-11-14,ACIC,11.9399995803833,11.9399995803833,11.649999618530272,11.68000030517578,10.98641300201416,109900.0
2025-11-17,ACIC,11.739999771118164,11.920000076293944,11.609999656677246,11.65999984741211,10.96760082244873,145700.0
2025-11-18,ACIC,11.65999984741211,11.779999732971191,11.56999969482422,11.640000343322754,10.9487886428833,116400.0
2025-11-19,ACIC,11.59000015258789,11.6899995803833,11.350000381469728,11.350000381469728,10.676010131835938,191400.0
2025-11-20,ACIC,11.460000038146973,11.460000038146973,11.18000030517578,11.229999542236328,10.563135147094728,135300.0
2025-11-21,ACIC,11.25,11.84000015258789,11.229999542236328,11.699999809265137,11.00522518157959,267400.0
2025-11-24,ACIC,11.720000267028809,11.880000114440918,11.5,11.850000381469728,11.146318435668944,125900.0
2025-11-25,ACIC,11.829999923706056,12.0,11.789999961853027,11.949999809265137,11.240379333496094,102800.0
2025-11-26,ACIC,11.899999618530272,12.06999969482422,11.829999923706056,12.0,11.287410736083984,102600.0
2025-11-28,ACIC,11.970000267028809,11.989999771118164,11.899999618530272,11.949999809265137,11.240379333496094,30500.0
2025-12-01,ACIC,11.84000015258789,11.989999771118164,11.779999732971191,11.829999923706056,11.1275053024292,99300.0
2025-12-02,ACIC,12.460000038146973,12.470000267028809,12.020000457763672,12.100000381469728,11.38147258758545,127300.0
2025-12-03,ACIC,12.09000015258789,12.289999961853027,12.029999732971191,12.279999732971191,11.550783157348633,85100.0
2025-12-04,ACIC,12.239999771118164,12.300000190734863,12.140000343322754,12.199999809265137,11.475534439086914,87300.0
2025-12-05,ACIC,12.18000030517578,12.199999809265137,12.039999961853027,12.109999656677246,11.390878677368164,94200.0
2025-12-08,ACIC,12.100000381469728,12.100000381469728,11.90999984741211,11.920000076293944,11.21216106414795,111900.0
2025-12-09,ACIC,11.920000076293944,12.199999809265137,11.920000076293944,12.1899995803833,11.466127395629885,110600.0
2025-12-10,ACIC,12.170000076293944,12.40999984741211,12.050000190734863,12.239999771118164,11.513158798217772,211000.0
2025-12-11,ACIC,12.289999961853027,12.6899995803833,12.279999732971191,12.649999618530272,11.898811340332031,173600.0
2025-12-12,ACIC,12.670000076293944,12.710000038146973,12.520000457763672,12.670000076293944,11.917624473571776,96900.0
2025-12-15,ACIC,12.729999542236328,12.869999885559082,12.6899995803833,12.81999969482422,12.058716773986816,168300.0
2025-12-16,ACIC,12.869999885559082,12.869999885559082,12.710000038146973,12.8100004196167,12.049311637878418,115100.0
2025-12-17,ACIC,12.800000190734863,12.81999969482422,12.6899995803833,12.779999732971191,12.021092414855955,139300.0
2025-12-18,ACIC,12.770000457763672,13.0600004196167,12.710000038146973,13.029999732971191,12.25624656677246,159700.0
2025-12-19,ACIC,12.970000267028809,13.039999961853027,12.65999984741211,12.739999771118164,11.98346710205078,193400.0
2025-12-22,ACIC,12.890000343322754,12.970000267028809,12.68000030517578,12.880000114440918,12.115154266357422,101200.0
2025-12-23,ACIC,12.850000381469728,12.9399995803833,12.510000228881836,12.710000038146973,11.955248832702637,79900.0
2025-12-24,ACIC,12.710000038146973,12.789999961853027,12.600000381469728,12.68000030517578,11.927030563354492,45800.0
2025-12-26,ACIC,12.710000038146973,12.729999542236328,12.460000038146973,12.539999961853027,11.795344352722168,103000.0
2025-12-29,ACIC,12.5,12.56999969482422,12.4399995803833,12.479999542236328,11.738906860351562,89000.0
2025-12-30,ACIC,12.479999542236328,12.6899995803833,12.4399995803833,12.5600004196167,11.814156532287598,147200.0
2025-12-31,ACIC,12.5600004196167,12.81999969482422,12.460000038146973,12.630000114440918,11.880000114440918,199400.0
2026-01-02,ACIC,11.880000114440918,11.960000038146973,11.3100004196167,11.380000114440918,11.380000114440918,239900.0
2026-01-05,ACIC,11.380000114440918,11.470000267028809,11.279999732971191,11.420000076293944,11.420000076293944,203700.0
2026-01-06,ACIC,11.34000015258789,11.43000030517578,11.130000114440918,11.149999618530272,11.149999618530272,169800.0
2026-01-07,ACIC,11.170000076293944,11.329999923706056,11.149999618530272,11.329999923706056,11.329999923706056,142800.0
2026-01-08,ACIC,11.31999969482422,11.84000015258789,11.239999771118164,11.699999809265137,11.699999809265137,187200.0
2026-01-09,ACIC,11.6899995803833,11.699999809265137,11.229999542236328,11.3100004196167,11.3100004196167,204500.0
2026-01-12,ACIC,11.270000457763672,11.34000015258789,11.199999809265137,11.270000457763672,11.270000457763672,125000.0
2026-01-13,ACIC,11.239999771118164,11.289999961853027,10.989999771118164,11.079999923706056,11.079999923706056,142800.0
2026-01-14,ACIC,11.0600004196167,11.34000015258789,10.899999618530272,11.289999961853027,11.289999961853027,235300.0
2026-01-15,ACIC,11.270000457763672,11.449999809265137,11.229999542236328,11.25,11.25,191700.0
2026-01-16,ACIC,11.18000030517578,11.270000457763672,11.010000228881836,11.06999969482422,11.06999969482422,216400.0
2026-01-20,ACIC,11.09000015258789,11.220000267028809,11.020000457763672,11.029999732971191,11.029999732971191,183000.0
2026-01-21,ACIC,11.100000381469728,11.359999656677246,11.0600004196167,11.239999771118164,11.239999771118164,260300.0
2026-01-22,ACIC,11.270000457763672,11.279999732971191,11.09000015258789,11.15999984741211,11.15999984741211,182600.0
2026-01-23,ACIC,11.100000381469728,11.149999618530272,10.9399995803833,11.0600004196167,11.0600004196167,160400.0
2026-01-26,ACIC,11.079999923706056,11.15999984741211,10.9399995803833,11.029999732971191,11.029999732971191,104900.0
2026-01-27,ACIC,11.0,11.0,10.779999732971191,10.850000381469728,10.850000381469728,154000.0
2026-01-28,ACIC,10.850000381469728,10.960000038146973,10.779999732971191,10.8100004196167,10.8100004196167,192700.0
2026-01-29,ACIC,10.899999618530272,11.039999961853027,10.81999969482422,10.970000267028809,10.970000267028809,217300.0
2026-01-30,ACIC,10.970000267028809,11.109999656677246,10.9399995803833,11.050000190734863,11.050000190734863,304900.0
2026-02-02,ACIC,11.0600004196167,11.279999732971191,11.0600004196167,11.220000267028809,11.220000267028809,212600.0
2026-02-03,ACIC,11.210000038146973,11.34000015258789,11.010000228881836,11.06999969482422,11.06999969482422,276400.0
2026-02-04,ACIC,11.119999885559082,11.270000457763672,11.119999885559082,11.18000030517578,11.18000030517578,434700.0
2026-02-05,ACIC,11.140000343322754,11.369999885559082,11.119999885559082,11.25,11.25,286200.0
2026-02-06,ACIC,11.270000457763672,11.380000114440918,11.260000228881836,11.3100004196167,11.3100004196167,246300.0
2026-02-09,ACIC,11.329999923706056,11.329999923706056,10.9399995803833,10.979999542236328,10.979999542236328,204900.0
2026-02-10,ACIC,11.0,11.229999542236328,11.0,11.140000343322754,11.140000343322754,229400.0
2026-02-11,ACIC,11.15999984741211,11.210000038146973,10.960000038146973,11.0600004196167,11.0600004196167,196600.0
2026-02-12,ACIC,11.100000381469728,11.15999984741211,11.0,11.06999969482422,11.06999969482422,291700.0
2026-02-13,ACIC,11.100000381469728,11.130000114440918,10.81999969482422,11.09000015258789,11.09000015258789,219300.0
2026-02-17,ACIC,11.119999885559082,11.449999809265137,10.989999771118164,11.289999961853027,11.289999961853027,436600.0
2026-02-18,ACIC,11.279999732971191,11.279999732971191,10.960000038146973,11.010000228881836,11.010000228881836,285600.0
2026-02-19,ACIC,10.90999984741211,11.329999923706056,10.890000343322754,11.130000114440918,11.130000114440918,476400.0
2026-02-20,ACIC,11.289999961853027,11.5600004196167,10.3100004196167,10.890000343322754,10.890000343322754,558800.0
2026-02-23,ACIC,10.869999885559082,11.140000343322754,10.520000457763672,10.6899995803833,10.6899995803833,436400.0
2026-02-24,ACIC,10.6899995803833,11.079999923706056,10.670000076293944,11.050000190734863,11.050000190734863,720500.0
2026-02-25,ACIC,11.18000030517578,11.34000015258789,10.789999961853027,11.270000457763672,11.270000457763672,422100.0
2026-02-26,ACIC,11.300000190734863,11.56999969482422,11.100000381469728,11.359999656677246,11.359999656677246,400900.0
2026-02-27,ACIC,11.279999732971191,11.43000030517578,11.100000381469728,11.390000343322754,11.390000343322754,295500.0
2026-03-02,ACIC,11.479999542236328,11.56999969482422,11.31999969482422,11.539999961853027,11.539999961853027,303300.0
2026-03-03,ACIC,11.40999984741211,11.6899995803833,11.31999969482422,11.600000381469728,11.600000381469728,299900.0
2026-03-04,ACIC,11.65999984741211,11.720000267028809,11.380000114440918,11.68000030517578,11.68000030517578,248400.0
2026-03-05,ACIC,11.59000015258789,11.6899995803833,11.5,11.630000114440918,11.630000114440918,327700.0
2026-03-06,ACIC,11.550000190734863,11.670000076293944,11.40999984741211,11.630000114440918,11.630000114440918,302800.0
2026-03-09,ACIC,11.539999961853027,11.600000381469728,11.199999809265137,11.5,11.5,210300.0
2026-03-10,ACIC,11.5,11.68000030517578,11.5,11.579999923706056,11.579999923706056,284700.0
2026-03-11,ACIC,11.520000457763672,11.529999732971191,11.119999885559082,11.140000343322754,11.140000343322754,238100.0
2026-03-12,ACIC,11.010000228881836,11.380000114440918,11.010000228881836,11.300000190734863,11.300000190734863,171600.0
2026-03-13,ACIC,11.31999969482422,11.40999984741211,11.1899995803833,11.3100004196167,11.3100004196167,110900.0
2026-03-16,ACIC,11.359999656677246,11.479999542236328,11.229999542236328,11.359999656677246,11.359999656677246,122100.0
2026-03-17,ACIC,11.369999885559082,11.600000381469728,11.369999885559082,11.420000076293944,11.420000076293944,119100.0
2026-03-18,ACIC,11.359999656677246,11.390000343322754,11.15999984741211,11.270000457763672,11.270000457763672,183700.0
2026-03-19,ACIC,11.239999771118164,11.270000457763672,11.0600004196167,11.0600004196167,11.0600004196167,123800.0
2026-03-20,ACIC,11.15999984741211,11.279999732971191,11.020000457763672,11.0600004196167,11.0600004196167,271500.0
2026-03-23,ACIC,11.25,11.470000267028809,11.149999618530272,11.359999656677246,11.359999656677246,152300.0
2026-03-24,ACIC,11.34000015258789,11.399999618530272,11.279999732971191,11.300000190734863,11.300000190734863,137000.0
2026-03-25,ACIC,11.40999984741211,11.449999809265137,11.359999656677246,11.40999984741211,11.40999984741211,145900.0
2026-03-26,ACIC,11.369999885559082,11.510000228881836,11.34000015258789,11.489999771118164,11.489999771118164,101700.0
2026-03-27,ACIC,11.420000076293944,11.420000076293944,11.100000381469728,11.130000114440918,11.130000114440918,122600.0
2026-03-30,ACIC,11.149999618530272,11.329999923706056,11.130000114440918,11.3100004196167,11.3100004196167,84600.0
2026-03-31,ACIC,11.390000343322754,11.390000343322754,11.170000076293944,11.25,11.25,117000.0
2026-04-01,ACIC,11.220000267028809,11.239999771118164,10.979999542236328,10.989999771118164,10.989999771118164,124400.0
2026-04-02,ACIC,10.850000381469728,11.09000015258789,10.600000381469728,10.970000267028809,10.970000267028809,139000.0
2026-04-06,ACIC,10.949999809265137,11.199999809265137,10.9399995803833,11.109999656677246,11.109999656677246,147900.0
2026-04-07,ACIC,11.09000015258789,11.31999969482422,10.949999809265137,11.260000228881836,11.260000228881836,183300.0
2026-04-08,ACIC,11.380000114440918,11.529999732971191,11.369999885559082,11.479999542236328,11.479999542236328,192100.0
2026-04-09,ACIC,11.40999984741211,11.789999961853027,11.40999984741211,11.729999542236328,11.729999542236328,211800.0
2026-04-10,ACIC,11.699999809265137,11.760000228881836,11.369999885559082,11.470000267028809,11.470000267028809,112200.0
2026-04-13,ACIC,11.470000267028809,11.619999885559082,11.449999809265137,11.479999542236328,11.479999542236328,126800.0
2026-04-14,ACIC,11.470000267028809,11.649999618530272,11.470000267028809,11.619999885559082,11.619999885559082,132000.0
2026-04-15,ACIC,11.68000030517578,11.770000457763672,11.59000015258789,11.729999542236328,11.729999542236328,362500.0
2026-04-16,ACIC,11.710000038146973,11.890000343322754,11.6899995803833,11.800000190734863,11.800000190734863,184000.0
2026-04-17,ACIC,11.880000114440918,11.949999809265137,11.84000015258789,11.90999984741211,11.90999984741211,167500.0
2026-04-20,ACIC,11.90999984741211,12.109999656677246,11.90999984741211,11.93000030517578,11.93000030517578,211200.0
2026-04-21,ACIC,11.90999984741211,11.960000038146973,11.800000190734863,11.859999656677246,11.859999656677246,84400.0
2026-04-22,ACIC,11.859999656677246,11.859999656677246,11.68000030517578,11.68000030517578,11.68000030517578,113900.0
2026-04-23,ACIC,11.68000030517578,11.9399995803833,11.68000030517578,11.9399995803833,11.9399995803833,91800.0
2026-04-24,ACIC,11.869999885559082,12.06999969482422,11.859999656677246,12.020000457763672,12.020000457763672,171000.0
2026-04-27,ACIC,11.970000267028809,12.199999809265137,11.93000030517578,12.119999885559082,12.119999885559082,168100.0
2026-04-28,ACIC,12.170000076293944,12.300000190734863,12.109999656677246,12.25,12.25,216000.0
2026-04-29,ACIC,12.18000030517578,12.18000030517578,11.8100004196167,11.850000381469728,11.850000381469728,116900.0
2026-04-30,ACIC,11.760000228881836,11.899999618530272,11.739999771118164,11.899999618530272,11.899999618530272,85500.0
2026-05-01,ACIC,11.920000076293944,11.949999809265137,11.81999969482422,11.81999969482422,11.81999969482422,91500.0
2026-05-04,ACIC,11.760000228881836,11.90999984741211,11.600000381469728,11.649999618530272,11.649999618530272,111500.0
2026-05-05,ACIC,11.670000076293944,11.93000030517578,11.630000114440918,11.869999885559082,11.869999885559082,139500.0
2026-05-06,ACIC,11.010000228881836,11.31999969482422,9.800000190734863,10.4399995803833,10.4399995803833,857100.0
2026-05-07,ACIC,10.609999656677246,11.010000228881836,10.529999732971191,10.850000381469728,10.850000381469728,401500.0
2026-05-08,ACIC,10.970000267028809,10.970000267028809,10.510000228881836,10.529999732971191,10.529999732971191,281100.0
2026-05-11,ACIC,10.529999732971191,10.630000114440918,10.09000015258789,10.170000076293944,10.170000076293944,223300.0
2026-05-12,ACIC,10.18000030517578,10.609999656677246,10.140000343322754,10.59000015258789,10.59000015258789,532000.0
2026-05-13,ACIC,10.479999542236328,10.739999771118164,10.369999885559082,10.739999771118164,10.739999771118164,318100.0
2026-05-14,ACIC,10.729999542236328,10.850000381469728,10.520000457763672,10.630000114440918,10.630000114440918,235500.0
2026-05-15,ACIC,10.649999618530272,10.890000343322754,10.56999969482422,10.850000381469728,10.850000381469728,368200.0
2026-05-18,ACIC,10.6899995803833,11.109999656677246,10.6899995803833,11.0600004196167,11.0600004196167,175600.0
2026-05-19,ACIC,10.869999885559082,11.270000457763672,10.869999885559082,11.0600004196167,11.0600004196167,155800.0
2026-05-20,ACIC,11.06999969482422,11.149999618530272,10.850000381469728,10.9399995803833,10.9399995803833,197200.0
2026-05-21,ACIC,10.869999885559082,10.880000114440918,10.640000343322754,10.850000381469728,10.850000381469728,391000.0
2026-05-22,ACIC,10.850000381469728,10.90999984741211,10.6899995803833,10.800000190734863,10.800000190734863,301300.0
2026-05-26,ACIC,10.779999732971191,11.010000228881836,10.609999656677246,10.779999732971191,10.779999732971191,267000.0
2026-05-27,ACIC,10.789999961853027,10.959699630737305,10.579999923706056,10.760000228881836,10.760000228881836,209573.0
2023-12-07,AMD,120.79000091552734,128.67999267578125,119.55999755859376,128.3699951171875,128.3699951171875,118579100.0
2023-12-08,AMD,129.5399932861328,131.0,126.88999938964844,128.9199981689453,128.9199981689453,89341000.0
2023-12-11,AMD,130.55999755859375,135.0399932861328,128.25,134.41000366210938,134.41000366210938,98668300.0
2023-12-12,AMD,132.25,139.88999938964844,131.89999389648438,137.61000061035156,137.61000061035156,111677800.0
2023-12-13,AMD,137.97000122070312,139.24000549316406,136.02999877929688,138.19000244140625,138.19000244140625,70651600.0
2023-12-14,AMD,138.88999938964844,141.82000732421875,135.72999572753906,138.0,138.0,76115200.0
2023-12-15,AMD,139.52000427246094,140.88999938964844,137.25,139.14999389648438,139.14999389648438,70211800.0
2023-12-18,AMD,139.14999389648438,139.7899932861328,137.64999389648438,138.89999389648438,138.89999389648438,45199500.0
2023-12-19,AMD,138.57000732421875,143.47000122070312,138.55999755859375,140.14999389648438,140.14999389648438,63739800.0
2023-12-20,AMD,139.0,139.5800018310547,135.3699951171875,135.47000122070312,135.47000122070312,54671700.0
2023-12-21,AMD,138.13999938964844,139.97999572753906,137.3800048828125,139.91000366210938,139.91000366210938,47179400.0
2023-12-22,AMD,140.47999572753906,140.6999969482422,138.30999755859375,139.60000610351562,139.60000610351562,35396600.0
2023-12-26,AMD,140.07000732421875,143.85000610351562,139.9199981689453,143.41000366210938,143.41000366210938,47157400.0
2023-12-27,AMD,144.72000122070312,146.25,143.17999267578125,146.07000732421875,146.07000732421875,49033400.0
2023-12-28,AMD,146.8000030517578,150.41000366210938,145.9499969482422,148.75999450683594,148.75999450683594,63800700.0
2023-12-29,AMD,149.5,151.0500030517578,147.1999969482422,147.41000366210938,147.41000366210938,62079200.0
2024-01-02,AMD,144.27999877929688,144.39999389648438,137.42999267578125,138.5800018310547,138.5800018310547,64902000.0
2024-01-03,AMD,135.7100067138672,137.42999267578125,133.74000549316406,135.32000732421875,135.32000732421875,61988600.0
2024-01-04,AMD,134.3000030517578,137.6999969482422,134.0,136.00999450683594,136.00999450683594,58610300.0
2024-01-05,AMD,136.77999877929688,141.00999450683594,136.44000244140625,138.5800018310547,138.5800018310547,69657700.0
2024-01-08,AMD,140.36000061035156,147.14999389648438,140.14999389648438,146.17999267578125,146.17999267578125,71756900.0
2024-01-09,AMD,145.9499969482422,149.86000061035156,145.0800018310547,149.25999450683594,149.25999450683594,67875700.0
2024-01-10,AMD,150.07000732421875,150.8800048828125,146.64999389648438,148.5399932861328,148.5399932861328,56951200.0
2024-01-11,AMD,148.52000427246094,150.3800048828125,143.69000244140625,148.02000427246094,148.02000427246094,62764600.0
2024-01-12,AMD,148.0399932861328,148.75,145.0,146.55999755859375,146.55999755859375,48293100.0
2024-01-16,AMD,150.36000061035156,159.72000122070312,149.97999572753906,158.74000549316406,158.74000549316406,112711400.0
2024-01-17,AMD,158.4499969482422,160.63999938964844,154.39999389648438,160.1699981689453,160.1699981689453,104085000.0
2024-01-18,AMD,166.1999969482422,168.60000610351562,158.22000122070312,162.6699981689453,162.6699981689453,131864900.0
2024-01-19,AMD,165.8000030517578,174.25,162.1999969482422,174.22999572753906,174.22999572753906,140367900.0
2024-01-22,AMD,174.38999938964844,174.72000122070312,164.14999389648438,168.17999267578125,168.17999267578125,122973800.0
2024-01-23,AMD,166.5,169.6300048828125,164.27000427246094,168.4199981689453,168.4199981689453,76830500.0
2024-01-24,AMD,172.5500030517578,180.5800018310547,170.55999755859375,178.2899932861328,178.2899932861328,125516400.0
2024-01-25,AMD,183.41000366210935,184.9199981689453,177.6300048828125,180.3300018310547,180.3300018310547,127171400.0
2024-01-26,AMD,175.2899932861328,181.22999572753903,174.14999389648438,177.25,177.25,107381200.0
2024-01-29,AMD,178.77000427246094,178.88999938964844,174.39999389648438,177.8300018310547,177.8300018310547,89384500.0
2024-01-30,AMD,176.1300048828125,178.47999572753906,169.52000427246094,172.05999755859375,172.05999755859375,122265700.0
2024-01-31,AMD,165.74000549316406,171.3000030517578,162.55999755859375,167.69000244140625,167.69000244140625,133157300.0
2024-02-01,AMD,169.27000427246094,171.13999938964844,165.86000061035156,170.47999572753906,170.47999572753906,91576700.0
2024-02-02,AMD,173.7899932861328,179.0,173.0500030517578,177.66000366210938,177.66000366210938,82134300.0
2024-02-05,AMD,179.08999633789062,180.00999450683594,171.11000061035156,174.22999572753906,174.22999572753906,76349200.0
2024-02-06,AMD,173.14999389648438,173.8800048828125,165.5,167.8800048828125,167.8800048828125,68854100.0
2024-02-07,AMD,169.47000122070312,172.97000122070312,168.1999969482422,170.94000244140625,170.94000244140625,53665400.0
2024-02-08,AMD,170.3300018310547,172.1699981689453,168.60000610351562,169.35000610351562,169.35000610351562,43385300.0
2024-02-09,AMD,171.0,175.10000610351562,168.66000366210938,172.47999572753906,172.47999572753906,56375700.0
2024-02-12,AMD,172.67999267578125,177.41000366210938,170.6699981689453,171.91000366210938,171.91000366210938,58177100.0
2024-02-13,AMD,167.94000244140625,173.1699981689453,164.3000030517578,171.5399932861328,171.5399932861328,63071300.0
2024-02-14,AMD,173.47000122070312,178.74000549316406,172.8800048828125,178.6999969482422,178.6999969482422,57402500.0
2024-02-15,AMD,179.13999938964844,180.5,175.25999450683594,176.75999450683594,176.75999450683594,51126400.0
2024-02-16,AMD,177.4499969482422,180.3300018310547,173.25,173.8699951171875,173.8699951171875,53940300.0
2024-02-20,AMD,171.13999938964844,171.80999755859375,162.0,165.69000244140625,165.69000244140625,66550000.0
2024-02-21,AMD,162.74000549316406,164.89999389648438,161.80999755859375,164.2899932861328,164.2899932861328,48365700.0
2024-02-22,AMD,173.1999969482422,183.8300018310547,172.0,181.86000061035156,181.86000061035156,100684700.0
2024-02-23,AMD,181.86000061035156,183.8000030517578,174.5500030517578,176.52000427246094,176.52000427246094,69207400.0
2024-02-26,AMD,178.77999877929688,179.83999633789062,174.80999755859375,176.00999450683594,176.00999450683594,45435100.0
2024-02-27,AMD,175.9199981689453,178.4600067138672,172.49000549316406,178.0,178.0,43665200.0
2024-02-28,AMD,176.25,176.83999633789062,173.58999633789062,176.5399932861328,176.5399932861328,35914400.0
2024-02-29,AMD,179.82000732421875,193.0,179.82000732421875,192.52999877929688,192.52999877929688,105538500.0
2024-03-01,AMD,197.91000366210935,202.72000122070312,195.4199981689453,202.63999938964844,202.63999938964844,103820800.0
2024-03-04,AMD,205.16000366210935,211.0099945068359,203.5,205.36000061035156,205.36000061035156,86835300.0
2024-03-05,AMD,200.5,205.3300018310547,199.1499938964844,205.1300048828125,205.1300048828125,65407100.0
2024-03-06,AMD,210.42999267578125,214.80999755859375,207.32000732421875,210.6300048828125,210.6300048828125,86687000.0
2024-03-07,AMD,212.52000427246097,213.8300018310547,208.22000122070312,211.3800048828125,211.3800048828125,63869000.0
2024-03-08,AMD,213.41000366210935,227.3000030517578,205.6000061035156,207.38999938964844,207.38999938964844,120815200.0
2024-03-11,AMD,203.0099945068359,203.5500030517578,196.6999969482422,198.38999938964844,198.38999938964844,73098600.0
2024-03-12,AMD,200.52000427246097,202.8500061035156,194.27000427246097,202.7599945068359,202.7599945068359,68951700.0
2024-03-13,AMD,198.72999572753903,198.8300018310547,192.6999969482422,194.7899932861328,194.7899932861328,70526900.0
2024-03-14,AMD,192.9199981689453,196.92999267578125,184.02999877929688,187.05999755859375,187.05999755859375,84490500.0
2024-03-15,AMD,184.8300018310547,193.8000030517578,184.47999572753903,191.05999755859375,191.05999755859375,95289500.0
2024-03-18,AMD,193.2899932861328,193.5,188.0500030517578,190.6499938964844,190.6499938964844,59306900.0
2024-03-19,AMD,183.16000366210935,185.61000061035156,177.36000061035156,181.4199981689453,181.4199981689453,83509500.0
2024-03-20,AMD,182.02999877929688,182.67999267578125,174.0,179.72999572753906,179.72999572753906,81773100.0
2024-03-21,AMD,185.97000122070312,187.69000244140625,177.66000366210938,178.67999267578125,178.67999267578125,75265600.0
2024-03-22,AMD,177.2100067138672,180.7599945068359,175.0500030517578,179.64999389648438,179.64999389648438,57899100.0
2024-03-25,AMD,172.89999389648438,182.8000030517578,172.0,178.6300048828125,178.6300048828125,71935300.0
2024-03-26,AMD,179.5399932861328,182.6000061035156,176.3300018310547,177.8699951171875,177.8699951171875,65322400.0
2024-03-27,AMD,179.9600067138672,181.22999572753903,175.39999389648438,179.58999633789062,179.58999633789062,55685600.0
2024-03-28,AMD,179.47000122070312,183.3999938964844,178.3000030517578,180.4900054931641,180.4900054931641,57628600.0
2024-04-01,AMD,180.10000610351562,187.2400054931641,179.89999389648438,183.33999633789065,183.33999633789065,74299900.0
2024-04-02,AMD,179.47000122070312,180.10000610351562,174.8300018310547,178.6999969482422,178.6999969482422,61598800.0
2024-04-03,AMD,177.5399932861328,182.0500030517578,176.6999969482422,180.77000427246097,180.77000427246097,49835100.0
2024-04-04,AMD,182.9199981689453,183.02000427246097,165.64999389648438,165.8300018310547,165.8300018310547,88280000.0
2024-04-05,AMD,168.10000610351562,172.69000244140625,165.5800018310547,170.4199981689453,170.4199981689453,66080300.0
2024-04-08,AMD,168.1999969482422,171.66000366210938,166.82000732421875,169.89999389648438,169.89999389648438,43997500.0
2024-04-09,AMD,170.2100067138672,171.60000610351562,167.2899932861328,170.77999877929688,170.77999877929688,42886100.0
2024-04-10,AMD,166.7100067138672,169.77999877929688,164.0,167.13999938964844,167.13999938964844,59600000.0
2024-04-11,AMD,167.5500030517578,170.9499969482422,166.5500030517578,170.5,170.5,48994500.0
2024-04-12,AMD,164.52999877929688,165.6999969482422,161.82000732421875,163.27999877929688,163.27999877929688,63519600.0
2024-04-15,AMD,164.42999267578125,164.44000244140625,158.75999450683594,160.32000732421875,160.32000732421875,61461200.0
2024-04-16,AMD,162.27999877929688,164.8800048828125,161.6699981689453,163.4600067138672,163.4600067138672,55302100.0
2024-04-17,AMD,163.97000122070312,164.4499969482422,153.8800048828125,154.02000427246094,154.02000427246094,75909000.0
2024-04-18,AMD,155.50999450683594,156.9600067138672,152.32000732421875,155.0800018310547,155.0800018310547,52669800.0
2024-04-19,AMD,151.58999633789062,154.25,145.2899932861328,146.63999938964844,146.63999938964844,71618200.0
2024-04-22,AMD,148.14999389648438,149.88999938964844,145.6300048828125,148.63999938964844,148.63999938964844,49397000.0
2024-04-23,AMD,151.64999389648438,153.5,150.35000610351562,152.27000427246094,152.27000427246094,46051900.0
2024-04-24,AMD,156.55999755859375,157.66000366210938,150.6300048828125,151.74000549316406,151.74000549316406,43412600.0
2024-04-25,AMD,149.14999389648438,155.13999938964844,146.75,153.75999450683594,153.75999450683594,41471400.0
2024-04-26,AMD,154.24000549316406,158.6300048828125,153.42999267578125,157.39999389648438,157.39999389648438,42510700.0
2024-04-29,AMD,159.0800018310547,160.77000427246094,156.25999450683594,160.1999969482422,160.1999969482422,43478200.0
2024-04-30,AMD,160.6300048828125,162.2899932861328,158.35000610351562,158.3800048828125,158.3800048828125,60742800.0
2024-05-01,AMD,148.11000061035156,151.3699951171875,142.13999938964844,144.27000427246094,144.27000427246094,89413200.0
2024-05-02,AMD,145.50999450683594,147.6199951171875,141.16000366210938,146.16000366210938,146.16000366210938,50034700.0
2024-05-03,AMD,148.75,150.7899932861328,147.24000549316406,150.60000610351562,150.60000610351562,49361100.0
2024-05-06,AMD,153.10000610351562,156.64999389648438,151.25999450683594,155.77999877929688,155.77999877929688,44624500.0
2024-05-07,AMD,156.32000732421875,157.6999969482422,153.66000366210938,154.42999267578125,154.42999267578125,37374900.0
2024-05-08,AMD,153.39999389648438,155.3300018310547,152.52000427246094,153.6199951171875,153.6199951171875,28728000.0
2024-05-09,AMD,153.1300048828125,154.08999633789062,150.61000061035156,152.38999938964844,152.38999938964844,33018000.0
2024-05-10,AMD,154.2899932861328,156.3699951171875,151.30999755859375,151.9199981689453,151.9199981689453,37652800.0
2024-05-13,AMD,151.27999877929688,153.3300018310547,150.39999389648438,150.55999755859375,150.55999755859375,27859200.0
2024-05-14,AMD,150.42999267578125,153.49000549316406,148.77999877929688,153.16000366210938,153.16000366210938,31938300.0
2024-05-15,AMD,155.58999633789062,159.69000244140625,154.6999969482422,159.6699981689453,159.6699981689453,43195900.0
2024-05-16,AMD,160.9199981689453,168.05999755859375,159.89999389648438,162.6199951171875,162.6199951171875,76726700.0
2024-05-17,AMD,168.42999267578125,169.72000122070312,162.32000732421875,164.47000122070312,164.47000122070312,65944400.0
2024-05-20,AMD,165.5500030517578,168.49000549316406,164.47000122070312,166.3300018310547,166.3300018310547,45618000.0
2024-05-21,AMD,164.0,165.8300018310547,163.10000610351562,164.66000366210938,164.66000366210938,30005500.0
2024-05-22,AMD,167.41000366210938,169.80999755859375,163.86000061035156,165.52000427246094,165.52000427246094,47426700.0
2024-05-23,AMD,170.17999267578125,173.13999938964844,158.27000427246094,160.42999267578125,160.42999267578125,91888800.0
2024-05-24,AMD,161.41000366210938,167.66000366210938,160.25,166.36000061035156,166.36000061035156,54868600.0
2024-05-28,AMD,169.4199981689453,174.5500030517578,164.9600067138672,171.61000061035156,171.61000061035156,66495400.0
2024-05-29,AMD,167.4600067138672,168.47999572753906,162.91000366210938,165.13999938964844,165.13999938964844,56537500.0
2024-05-30,AMD,167.89999389648438,168.75,163.8000030517578,166.75,166.75,46367000.0
2024-05-31,AMD,166.64999389648438,169.5,160.07000732421875,166.89999389648438,166.89999389648438,64331900.0
2024-06-03,AMD,170.82000732421875,171.0800018310547,160.91000366210938,163.5500030517578,163.5500030517578,59157600.0
2024-06-04,AMD,162.83999633789062,164.8300018310547,158.8699951171875,159.99000549316406,159.99000549316406,48157200.0
2024-06-05,AMD,162.07000732421875,167.1199951171875,161.3800048828125,166.1699981689453,166.1699981689453,60507500.0
2024-06-06,AMD,165.4600067138672,169.50999450683594,163.86000061035156,166.77999877929688,166.77999877929688,47153700.0
2024-06-07,AMD,166.58999633789062,169.4499969482422,165.86000061035156,167.8699951171875,167.8699951171875,44796000.0
2024-06-10,AMD,162.47999572753906,165.5500030517578,159.61000061035156,160.33999633789062,160.33999633789062,67444600.0
2024-06-11,AMD,160.5,161.5399932861328,156.9199981689453,158.9600067138672,158.9600067138672,40497100.0
2024-06-12,AMD,160.32000732421875,162.24000549316406,158.6199951171875,160.24000549316406,160.24000549316406,48325800.0
2024-06-13,AMD,160.39999389648438,162.66000366210938,157.30999755859375,159.89999389648438,159.89999389648438,44442500.0
2024-06-14,AMD,158.5,161.33999633789062,157.61000061035156,159.6300048828125,159.6300048828125,34054000.0
2024-06-17,AMD,158.0,159.22999572753906,154.13999938964844,158.39999389648438,158.39999389648438,44507700.0
2024-06-18,AMD,156.99000549316406,157.24000549316406,153.33999633789062,154.6300048828125,154.6300048828125,51852000.0
2024-06-20,AMD,155.82000732421875,166.82000732421875,155.5,161.77999877929688,161.77999877929688,93245700.0
2024-06-21,AMD,161.75,163.1999969482422,157.88999938964844,161.22999572753906,161.22999572753906,61293900.0
2024-06-24,AMD,159.75,163.39999389648438,158.19000244140625,160.25,160.25,45954100.0
2024-06-25,AMD,160.72999572753906,161.0,156.4499969482422,160.25,160.25,40572300.0
2024-06-26,AMD,160.60000610351562,160.74000549316406,156.0,157.5399932861328,157.5399932861328,36973400.0
2024-06-27,AMD,157.17999267578125,160.61000061035156,156.80999755859375,159.47000122070312,159.47000122070312,34018200.0
2024-06-28,AMD,160.22999572753906,166.4499969482422,159.41000366210938,162.2100067138672,162.2100067138672,56204600.0
2024-07-01,AMD,161.25,161.50999450683594,153.63999938964844,157.69000244140625,157.69000244140625,50436700.0
2024-07-02,AMD,157.0399932861328,164.5800018310547,156.6999969482422,164.30999755859375,164.30999755859375,57838600.0
2024-07-03,AMD,164.1999969482422,165.25999450683594,162.50999450683594,163.89999389648438,163.89999389648438,26980900.0
2024-07-05,AMD,165.97000122070312,174.0399932861328,165.67999267578125,171.89999389648438,171.89999389648438,61857100.0
2024-07-08,AMD,174.89999389648438,178.9499969482422,173.22000122070312,178.69000244140625,178.69000244140625,60223400.0
2024-07-09,AMD,177.97000122070312,180.41000366210935,174.6999969482422,177.10000610351562,177.10000610351562,43395600.0
2024-07-10,AMD,179.99000549316406,187.27999877929688,177.8000030517578,183.9600067138672,183.9600067138672,90247000.0
2024-07-11,AMD,184.07000732421875,187.11000061035156,177.25,181.94000244140625,181.94000244140625,59231400.0
2024-07-12,AMD,182.02000427246097,186.9900054931641,179.69000244140625,181.61000061035156,181.61000061035156,50827400.0
2024-07-15,AMD,184.4499969482422,185.5,178.5399932861328,179.8300018310547,179.8300018310547,42202700.0
2024-07-16,AMD,179.69000244140625,179.75,174.52999877929688,177.5500030517578,177.5500030517578,40633100.0
2024-07-17,AMD,169.8000030517578,169.8000030517578,159.3699951171875,159.42999267578125,159.42999267578125,76954200.0
2024-07-18,AMD,163.41000366210938,163.41000366210938,153.1999969482422,155.77000427246094,155.77000427246094,69420300.0
2024-07-19,AMD,154.86000061035156,155.80999755859375,150.6199951171875,151.5800018310547,151.5800018310547,47513100.0
2024-07-22,AMD,154.22999572753906,156.6999969482422,152.5399932861328,155.8699951171875,155.8699951171875,43912500.0
2024-07-23,AMD,154.9499969482422,157.0500030517578,153.8000030517578,154.0,154.0,31950600.0
2024-07-24,AMD,152.72000122070312,153.67999267578125,144.52999877929688,144.6300048828125,144.6300048828125,49203100.0
2024-07-25,AMD,144.07000732421875,144.75,136.80999755859375,138.32000732421875,138.32000732421875,60578500.0
2024-07-26,AMD,140.32000732421875,141.2899932861328,138.27000427246094,139.99000549316406,139.99000549316406,49435800.0
2024-07-29,AMD,141.19000244140625,144.58999633789062,138.75,139.75,139.75,47447200.0
2024-07-30,AMD,139.8800048828125,141.6999969482422,134.0500030517578,138.44000244140625,138.44000244140625,68801700.0
2024-07-31,AMD,150.72999572753906,153.60000610351562,140.02999877929688,144.47999572753906,144.47999572753906,114306800.0
2024-08-01,AMD,145.0,147.2899932861328,130.24000549316406,132.5399932861328,132.5399932861328,94731900.0
2024-08-02,AMD,133.5,137.10000610351562,131.3300018310547,132.5,132.5,78562000.0
2024-08-05,AMD,122.16000366210938,139.13999938964844,121.83000183105467,134.82000732421875,134.82000732421875,76089400.0
2024-08-06,AMD,135.14999389648438,136.44000244140625,129.10000610351562,130.17999267578125,130.17999267578125,64455600.0
2024-08-07,AMD,133.75,136.24000549316406,128.3699951171875,128.6699981689453,128.6699981689453,54676500.0
2024-08-08,AMD,131.97000122070312,136.47999572753906,128.94000244140625,136.32000732421875,136.32000732421875,49037500.0
2024-08-09,AMD,134.69000244140625,135.5,132.44000244140625,134.27000427246094,134.27000427246094,40583000.0
2024-08-12,AMD,134.44000244140625,137.99000549316406,133.22999572753906,136.77000427246094,136.77000427246094,39724300.0
2024-08-13,AMD,138.1199951171875,141.19000244140625,137.52000427246094,141.1300048828125,141.1300048828125,42218000.0
2024-08-14,AMD,143.0,143.25,137.63999938964844,140.75,140.75,35506400.0
2024-08-15,AMD,143.0,147.9600067138672,141.80999755859375,147.36000061035156,147.36000061035156,43582400.0
2024-08-16,AMD,145.6999969482422,149.3699951171875,145.1999969482422,148.55999755859375,148.55999755859375,31123900.0
2024-08-19,AMD,148.42999267578125,155.3699951171875,147.72000122070312,155.27999877929688,155.27999877929688,60766900.0
2024-08-20,AMD,156.49000549316406,162.0399932861328,154.50999450683594,156.39999389648438,156.39999389648438,76851200.0
2024-08-21,AMD,156.1199951171875,158.64999389648438,155.07000732421875,157.80999755859375,157.80999755859375,42791200.0
2024-08-22,AMD,158.8699951171875,159.83999633789062,151.00999450683594,151.6999969482422,151.6999969482422,45737300.0
2024-08-23,AMD,153.60000610351562,156.39999389648438,151.8300018310547,154.97999572753906,154.97999572753906,43694600.0
2024-08-26,AMD,154.6999969482422,158.27999877929688,148.91000366210938,149.99000549316406,149.99000549316406,49893300.0
2024-08-27,AMD,150.1300048828125,151.6999969482422,148.44000244140625,150.5,150.5,35102700.0
2024-08-28,AMD,149.39999389648438,150.42999267578125,144.72000122070312,146.36000061035156,146.36000061035156,34075800.0
2024-08-29,AMD,146.58999633789062,149.49000549316406,144.47000122070312,145.49000549316406,145.49000549316406,31602100.0
2024-08-30,AMD,147.52000427246094,148.99000549316406,145.25,148.55999755859375,148.55999755859375,31169100.0
2024-09-03,AMD,146.41000366210938,146.49000549316406,136.10000610351562,136.94000244140625,136.94000244140625,42172700.0
2024-09-04,AMD,140.50999450683594,143.3699951171875,138.50999450683594,140.8699951171875,140.8699951171875,42130600.0
2024-09-05,AMD,138.1999969482422,141.7100067138672,137.8300018310547,139.44000244140625,139.44000244140625,25023000.0
2024-09-06,AMD,138.6999969482422,139.1300048828125,132.11000061035156,134.35000610351562,134.35000610351562,39993500.0
2024-09-09,AMD,136.10000610351562,138.4499969482422,134.86000061035156,138.14999389648438,138.14999389648438,27194500.0
2024-09-10,AMD,139.05999755859375,143.0800018310547,137.25,142.83999633789062,142.83999633789062,37217500.0
2024-09-11,AMD,145.32000732421875,150.16000366210938,140.7100067138672,149.86000061035156,149.86000061035156,50935400.0
2024-09-12,AMD,148.42999267578125,151.5399932861328,147.64999389648438,150.77000427246094,150.77000427246094,29233700.0
2024-09-13,AMD,152.32000732421875,153.02999877929688,150.6999969482422,152.30999755859375,152.30999755859375,25117200.0
2024-09-16,AMD,151.6999969482422,154.44000244140625,150.91000366210938,152.0800018310547,152.0800018310547,27677800.0
2024-09-17,AMD,153.5500030517578,154.0399932861328,149.22999572753906,150.82000732421875,150.82000732421875,29889000.0
2024-09-18,AMD,150.89999389648438,152.82000732421875,148.00999450683594,148.2899932861328,148.2899932861328,26320100.0
2024-09-19,AMD,153.80999755859375,159.25,152.77000427246094,156.74000549316406,156.74000549316406,44500000.0
2024-09-20,AMD,156.0,157.4499969482422,152.47000122070312,155.9499969482422,155.9499969482422,40248200.0
2024-09-23,AMD,156.4499969482422,157.19000244140625,154.97000122070312,156.75,156.75,21728500.0
2024-09-24,AMD,157.4600067138672,159.63999938964844,154.5800018310547,158.32000732421875,158.32000732421875,27531200.0
2024-09-25,AMD,158.5,162.9499969482422,158.17999267578125,162.02000427246094,162.02000427246094,35233300.0
2024-09-26,AMD,167.05999755859375,168.67999267578125,164.0500030517578,167.49000549316406,167.49000549316406,38044900.0
2024-09-27,AMD,167.47999572753906,168.72999572753906,163.74000549316406,164.35000610351562,164.35000610351562,27876000.0
2024-09-30,AMD,163.10000610351562,165.0800018310547,162.17999267578125,164.0800018310547,164.0800018310547,21881600.0
2024-10-01,AMD,164.47999572753906,165.39999389648438,158.0800018310547,159.75,159.75,31831900.0
2024-10-02,AMD,159.30999755859375,163.10000610351562,158.6699981689453,159.77999877929688,159.77999877929688,24630400.0
2024-10-03,AMD,159.7100067138672,166.7899932861328,159.39999389648438,162.85000610351562,162.85000610351562,29598800.0
2024-10-04,AMD,166.52999877929688,171.2100067138672,164.4199981689453,170.89999389648438,170.89999389648438,44556500.0
2024-10-07,AMD,171.0800018310547,172.41000366210938,168.2100067138672,170.97000122070312,170.97000122070312,38379900.0
2024-10-08,AMD,171.75,173.60000610351562,170.0,172.8000030517578,172.8000030517578,34730200.0
2024-10-09,AMD,174.0500030517578,174.0500030517578,169.5500030517578,171.02000427246094,171.02000427246094,33890700.0
2024-10-10,AMD,169.75999450683594,172.00999450683594,162.0,164.17999267578125,164.17999267578125,75113600.0
2024-10-11,AMD,164.19000244140625,169.35000610351562,163.00999450683594,167.88999938964844,167.88999938964844,42136200.0
2024-10-14,AMD,167.77000427246094,168.89999389648438,165.14999389648438,165.27000427246094,165.27000427246094,31757200.0
2024-10-15,AMD,163.2100067138672,164.1300048828125,155.74000549316406,156.63999938964844,156.63999938964844,50768000.0
2024-10-16,AMD,158.07000732421875,158.27999877929688,154.9199981689453,156.1300048828125,156.1300048828125,30575800.0
2024-10-17,AMD,160.0,160.44000244140625,156.1999969482422,156.25,156.25,29491900.0
2024-10-18,AMD,157.41000366210938,158.00999450683594,155.55999755859375,155.97000122070312,155.97000122070312,23823000.0
2024-10-21,AMD,155.75999450683594,158.0,154.14999389648438,157.89999389648438,157.89999389648438,25781200.0
2024-10-22,AMD,156.60000610351562,156.74000549316406,151.91000366210938,154.08999633789062,154.08999633789062,34997400.0
2024-10-23,AMD,153.0,153.4499969482422,150.52000427246094,152.91000366210938,152.91000366210938,26095900.0
2024-10-24,AMD,154.74000549316406,155.19000244140625,152.35000610351562,153.44000244140625,153.44000244140625,22877000.0
2024-10-25,AMD,155.39999389648438,158.91000366210938,155.0500030517578,156.22999572753906,156.22999572753906,29758500.0
2024-10-28,AMD,158.5,160.27999877929688,157.0399932861328,159.9199981689453,159.9199981689453,36010100.0
2024-10-29,AMD,161.10000610351562,167.50999450683594,158.94000244140625,166.25,166.25,71896000.0
2024-10-30,AMD,153.00999450683594,153.1199951171875,148.10000610351562,148.60000610351562,148.60000610351562,87701700.0
2024-10-31,AMD,147.8000030517578,148.67999267578125,143.3300018310547,144.07000732421875,144.07000732421875,44386600.0
2024-11-01,AMD,144.44000244140625,144.5399932861328,141.32000732421875,141.86000061035156,141.86000061035156,39027400.0
2024-11-04,AMD,141.6999969482422,143.63999938964844,139.72000122070312,140.7100067138672,140.7100067138672,29117400.0
2024-11-05,AMD,141.94000244140625,143.0800018310547,140.8000030517578,141.66000366210938,141.66000366210938,27067300.0
2024-11-06,AMD,144.9499969482422,145.6300048828125,141.52000427246094,145.10000610351562,145.10000610351562,32911500.0
2024-11-07,AMD,146.67999267578125,150.1199951171875,145.66000366210938,149.82000732421875,149.82000732421875,30326400.0
2024-11-08,AMD,149.38999938964844,150.7100067138672,147.52999877929688,147.9499969482422,147.9499969482422,27560300.0
2024-11-11,AMD,147.3800048828125,148.57000732421875,144.91000366210938,147.35000610351562,147.35000610351562,29868100.0
2024-11-12,AMD,147.0,147.4499969482422,141.5500030517578,143.6300048828125,143.6300048828125,33560300.0
2024-11-13,AMD,142.86000061035156,144.49000549316406,139.07000732421875,139.3000030517578,139.3000030517578,35146600.0
2024-11-14,AMD,140.33999633789062,141.39999389648438,138.55999755859375,138.83999633789062,138.83999633789062,31681400.0
2024-11-15,AMD,136.57000732421875,137.35000610351562,133.64999389648438,134.89999389648438,134.89999389648438,44217500.0
2024-11-18,AMD,138.19000244140625,140.89999389648438,137.2100067138672,138.92999267578125,138.92999267578125,38705400.0
2024-11-19,AMD,137.41000366210938,139.75,137.13999938964844,139.38999938964844,139.38999938964844,23131400.0
2024-11-20,AMD,138.9600067138672,140.77000427246094,135.47999572753906,137.60000610351562,137.60000610351562,28843100.0
2024-11-21,AMD,138.8699951171875,140.27999877929688,134.92999267578125,137.49000549316406,137.49000549316406,29311400.0
2024-11-22,AMD,137.35000610351562,139.1300048828125,137.0399932861328,138.35000610351562,138.35000610351562,21784700.0
2024-11-25,AMD,140.49000549316406,142.35000610351562,139.0500030517578,141.1300048828125,141.1300048828125,30923100.0
2024-11-26,AMD,142.5500030517578,142.8000030517578,136.6199951171875,137.72000122070312,137.72000122070312,32092400.0
2024-11-27,AMD,137.1999969482422,137.94000244140625,132.9600067138672,136.24000549316406,136.24000549316406,30175300.0
2024-11-29,AMD,136.24000549316406,138.58999633789062,135.77999877929688,137.17999267578125,137.17999267578125,16085700.0
2024-12-02,AMD,137.9199981689453,142.82000732421875,137.8000030517578,142.05999755859375,142.05999755859375,33102400.0
2024-12-03,AMD,142.5800018310547,143.4499969482422,141.0800018310547,141.97999572753906,141.97999572753906,22665300.0
2024-12-04,AMD,142.9600067138672,144.1199951171875,141.17999267578125,143.99000549316406,143.99000549316406,25942700.0
2024-12-05,AMD,143.67999267578125,143.9499969482422,140.3800048828125,141.36000061035156,141.36000061035156,29576900.0
2024-12-06,AMD,141.47999572753906,142.7899932861328,137.39999389648438,138.58999633789062,138.58999633789062,33576800.0
2024-12-09,AMD,135.7100067138672,135.77000427246094,130.0,130.8699951171875,130.8699951171875,57055600.0
2024-12-10,AMD,131.55999755859375,131.55999755859375,127.06999969482422,127.73999786376952,127.73999786376952,38907200.0
2024-12-11,AMD,128.52000427246094,131.2100067138672,126.22000122070312,130.14999389648438,130.14999389648438,45588100.0
2024-12-12,AMD,130.0,132.32000732421875,129.07000732421875,130.60000610351562,130.60000610351562,34267100.0
2024-12-13,AMD,131.3000030517578,131.3000030517578,124.7699966430664,126.91000366210938,126.91000366210938,67544700.0
2024-12-16,AMD,126.01000213623048,127.76000213623048,123.12000274658205,126.69000244140624,126.69000244140624,42090300.0
2024-12-17,AMD,124.4499969482422,127.08000183105467,123.1500015258789,125.0199966430664,125.0199966430664,43314900.0
2024-12-18,AMD,125.43000030517578,127.75,120.43000030517578,121.41000366210938,121.41000366210938,49724400.0
2024-12-19,AMD,122.16000366210938,123.37999725341795,118.4499969482422,118.87999725341795,118.87999725341795,46160700.0
2024-12-20,AMD,118.0,121.86000061035156,117.9000015258789,119.20999908447266,119.20999908447266,53591200.0
2024-12-23,AMD,120.70999908447266,126.33999633789062,120.47000122070312,124.5999984741211,124.5999984741211,47777900.0
2024-12-24,AMD,127.51000213623048,127.51000213623048,124.66000366210938,126.29000091552734,126.29000091552734,24829600.0
2024-12-26,AMD,125.5199966430664,127.3000030517578,125.0500030517578,125.05999755859376,125.05999755859376,24998200.0
2024-12-27,AMD,124.37000274658205,126.18000030517578,122.26000213623048,125.19000244140624,125.19000244140624,32924000.0
2024-12-30,AMD,123.55999755859376,124.0999984741211,122.3499984741211,122.44000244140624,122.44000244140624,30501600.0
2024-12-31,AMD,123.0999984741211,123.5500030517578,120.13999938964844,120.79000091552734,120.79000091552734,30203400.0
2025-01-02,AMD,122.29000091552734,123.13999938964844,119.44000244140624,120.62999725341795,120.62999725341795,34256200.0
2025-01-03,AMD,121.6500015258789,125.55999755859376,121.41999816894533,125.37000274658205,125.37000274658205,36785300.0
2025-01-06,AMD,129.07000732421875,130.72999572753906,127.36000061035156,129.5500030517578,129.5500030517578,48020200.0
2025-01-07,AMD,130.50999450683594,131.7100067138672,126.8499984741211,127.33000183105467,127.33000183105467,39220400.0
2025-01-08,AMD,124.51000213623048,125.3000030517578,120.12000274658205,121.83999633789062,121.83999633789062,46723100.0
2025-01-10,AMD,118.18000030517578,118.70999908447266,114.4499969482422,116.04000091552734,116.04000091552734,59415600.0
2025-01-13,AMD,115.27999877929688,117.4800033569336,114.41000366210938,117.31999969482422,117.31999969482422,39128900.0
2025-01-14,AMD,118.0,118.66000366210938,114.5,116.08999633789062,116.08999633789062,37005300.0
2025-01-15,AMD,117.5500030517578,120.41999816894533,117.45999908447266,119.95999908447266,119.95999908447266,38185800.0
2025-01-16,AMD,120.23999786376952,121.08999633789062,118.25,118.44000244140624,118.44000244140624,29414100.0
2025-01-17,AMD,120.77999877929688,122.73999786376952,120.5500030517578,121.45999908447266,121.45999908447266,35765900.0
2025-01-21,AMD,122.38999938964844,123.75,121.12000274658205,122.27999877929688,122.27999877929688,31578800.0
2025-01-22,AMD,123.08000183105467,125.6500015258789,121.91000366210938,123.75,123.75,35023800.0
2025-01-23,AMD,121.43000030517578,123.70999908447266,120.62999725341795,123.04000091552734,123.04000091552734,24921100.0
2025-01-24,AMD,124.5500030517578,125.25,122.2300033569336,122.83999633789062,122.83999633789062,31570300.0
2025-01-27,AMD,117.8000030517578,118.08000183105467,112.8000030517578,115.01000213623048,115.01000213623048,61067900.0
2025-01-28,AMD,115.18000030517578,116.1500015258789,112.9499969482422,114.16999816894533,114.16999816894533,40554800.0
2025-01-29,AMD,115.7699966430664,118.5199966430664,114.95999908447266,117.3499984741211,117.3499984741211,40199100.0
2025-01-30,AMD,118.52999877929688,120.44000244140624,117.08999633789062,118.86000061035156,118.86000061035156,29788400.0
2025-01-31,AMD,119.13999938964844,119.56999969482422,115.33000183105467,115.9499969482422,115.9499969482422,40463400.0
2025-02-03,AMD,113.87999725341795,115.16000366210938,112.9800033569336,114.2699966430664,114.2699966430664,34586100.0
2025-02-04,AMD,115.4499969482422,119.8499984741211,114.79000091552734,119.5,119.5,69412100.0
2025-02-05,AMD,107.61000061035156,112.08999633789062,106.5,112.01000213623048,112.01000213623048,110385200.0
2025-02-06,AMD,110.93000030517578,112.55999755859376,109.0199966430664,110.16000366210938,110.16000366210938,50426600.0
2025-02-07,AMD,109.12999725341795,109.91999816894533,106.79000091552734,107.55999755859376,107.55999755859376,46082500.0
2025-02-10,AMD,108.44000244140624,111.4000015258789,108.1500015258789,110.4800033569336,110.4800033569336,34905400.0
2025-02-11,AMD,108.9800033569336,113.06999969482422,108.94000244140624,111.0999984741211,111.0999984741211,35033800.0
2025-02-12,AMD,109.5199966430664,111.83999633789062,109.05999755859376,111.72000122070312,111.72000122070312,25319700.0
2025-02-13,AMD,112.0,114.5999984741211,110.4000015258789,111.80999755859376,111.80999755859376,40911800.0
2025-02-14,AMD,112.6500015258789,114.62999725341795,111.6999969482422,113.0999984741211,113.0999984741211,32477200.0
2025-02-18,AMD,114.0500030517578,115.5500030517578,113.4499969482422,114.27999877929688,114.27999877929688,31720300.0
2025-02-19,AMD,114.25,116.11000061035156,113.13999938964844,114.69000244140624,114.69000244140624,28807700.0
2025-02-20,AMD,115.01000213623048,116.5500030517578,113.11000061035156,114.16999816894533,114.16999816894533,27219600.0
2025-02-21,AMD,114.8499984741211,115.76000213623048,110.43000030517578,110.83999633789062,110.83999633789062,41353700.0
2025-02-24,AMD,111.48999786376952,111.5999984741211,107.9800033569336,108.11000061035156,108.11000061035156,29072200.0
2025-02-25,AMD,107.88999938964844,108.63999938964844,103.62000274658205,103.95999908447266,103.95999908447266,39169200.0
2025-02-26,AMD,104.9499969482422,105.8000030517578,103.98999786376952,104.73999786376952,104.73999786376952,29178200.0
2025-02-27,AMD,105.08000183105467,105.76000213623048,99.5,99.51000213623048,99.51000213623048,47263700.0
2025-02-28,AMD,99.55999755859376,101.8000030517578,98.69000244140624,99.86000061035156,99.86000061035156,45194600.0
2025-03-03,AMD,101.5199966430664,102.33999633789062,97.08999633789062,98.2300033569336,98.2300033569336,38958000.0
2025-03-04,AMD,96.0,103.18000030517578,95.88999938964844,100.75,100.75,54156900.0
2025-03-05,AMD,100.36000061035156,101.83999633789062,98.87000274658205,101.66999816894533,101.66999816894533,27855500.0
2025-03-06,AMD,99.0500030517578,101.08000183105467,98.2699966430664,98.8499984741211,98.8499984741211,28985000.0
2025-03-07,AMD,98.87999725341795,100.6500015258789,96.38999938964844,100.30999755859376,100.30999755859376,33254400.0
2025-03-10,AMD,98.56999969482422,101.29000091552734,95.83000183105467,96.62999725341795,96.62999725341795,38733200.0
2025-03-11,AMD,96.79000091552734,98.16000366210938,94.7300033569336,96.76000213623048,96.76000213623048,34078300.0
2025-03-12,AMD,99.0500030517578,101.72000122070312,98.16999816894533,100.79000091552734,100.79000091552734,34241300.0
2025-03-13,AMD,99.72000122070312,100.06999969482422,97.2699966430664,98.11000061035156,98.11000061035156,28575200.0
2025-03-14,AMD,99.63999938964844,101.22000122070312,99.58000183105467,100.97000122070312,100.97000122070312,24715300.0
2025-03-17,AMD,102.5999984741211,106.1500015258789,102.5999984741211,104.58999633789062,104.58999633789062,43689500.0
2025-03-18,AMD,103.8499984741211,104.5500030517578,102.97000122070312,103.51000213623048,103.51000213623048,27152800.0
2025-03-19,AMD,104.41999816894533,107.9000015258789,101.95999908447266,106.2300033569336,106.2300033569336,32287500.0
2025-03-20,AMD,105.12000274658205,108.26000213623048,105.12000274658205,107.13999938964844,107.13999938964844,26871800.0
2025-03-21,AMD,105.33000183105467,107.25,104.33000183105467,106.44000244140624,106.44000244140624,30767900.0
2025-03-24,AMD,109.7300033569336,114.8499984741211,109.4000015258789,113.8499984741211,113.8499984741211,53342000.0
2025-03-25,AMD,113.2699966430664,114.9499969482422,112.70999908447266,114.80999755859376,114.80999755859376,29077500.0
2025-03-26,AMD,114.11000061035156,115.9000015258789,108.68000030517578,110.19000244140624,110.19000244140624,39824000.0
2025-03-27,AMD,106.11000061035156,107.62000274658205,105.5500030517578,106.6500015258789,106.6500015258789,32773700.0
2025-03-28,AMD,105.52999877929688,106.51000213623048,102.4800033569336,103.22000122070312,103.22000122070312,31069100.0
2025-03-31,AMD,100.23999786376952,102.81999969482422,98.8000030517578,102.73999786376952,102.73999786376952,30865300.0
2025-04-01,AMD,102.16000366210938,102.83000183105467,100.93000030517578,102.77999877929688,102.77999877929688,23523200.0
2025-04-02,AMD,101.5199966430664,104.19000244140624,100.76000213623048,102.95999908447266,102.95999908447266,20794000.0
2025-04-03,AMD,97.79000091552734,99.4499969482422,93.63999938964844,93.8000030517578,93.8000030517578,50472500.0
2025-04-04,AMD,90.0999984741211,91.08000183105467,83.66999816894531,85.76000213623047,85.76000213623047,65847000.0
2025-04-07,AMD,80.68000030517578,89.0,77.75,83.63999938964844,83.63999938964844,70515400.0
2025-04-08,AMD,86.1500015258789,88.93000030517578,76.4800033569336,78.20999908447266,78.20999908447266,69910200.0
2025-04-09,AMD,79.22000122070312,97.91000366210938,78.87000274658203,96.83999633789062,96.83999633789062,97827400.0
2025-04-10,AMD,91.0,92.9499969482422,85.05999755859375,88.69999694824219,88.69999694824219,65210600.0
2025-04-11,AMD,90.51000213623048,94.76000213623048,90.5,93.4000015258789,93.4000015258789,57892600.0
2025-04-14,AMD,97.11000061035156,97.37000274658205,93.4499969482422,94.5,94.5,36003000.0
2025-04-15,AMD,94.66000366210938,96.8499984741211,94.62000274658205,95.29000091552734,95.29000091552734,28116500.0
2025-04-16,AMD,87.61000061035156,90.47000122070312,85.30000305175781,88.29000091552734,88.29000091552734,62109000.0
2025-04-17,AMD,88.83999633789062,89.02999877929688,86.5199966430664,87.5,87.5,34801400.0
2025-04-21,AMD,86.0199966430664,86.13999938964844,83.75,85.55999755859375,85.55999755859375,33855400.0
2025-04-22,AMD,86.12000274658203,87.16999816894531,85.16999816894531,86.26000213623047,86.26000213623047,35236700.0
2025-04-23,AMD,91.87999725341795,93.73999786376952,90.12000274658205,90.38999938964844,90.38999938964844,41102600.0
2025-04-24,AMD,91.58999633789062,94.75,90.37000274658205,94.47000122070312,94.47000122070312,33681900.0
2025-04-25,AMD,93.27999877929688,97.0999984741211,92.8499984741211,96.6500015258789,96.6500015258789,28575300.0
2025-04-28,AMD,95.58000183105467,97.48999786376952,94.2699966430664,96.38999938964844,96.38999938964844,30456700.0
2025-04-29,AMD,95.76000213623048,97.18000030517578,95.33000183105467,96.05999755859376,96.05999755859376,20700600.0
2025-04-30,AMD,92.80999755859376,97.5500030517578,91.87000274658205,97.3499984741211,97.3499984741211,29730700.0
2025-05-01,AMD,99.2699966430664,100.0999984741211,96.4499969482422,96.6500015258789,96.6500015258789,29591500.0
2025-05-02,AMD,98.4000015258789,99.87999725341795,98.3000030517578,98.8000030517578,98.8000030517578,29957900.0
2025-05-05,AMD,99.0,102.0500030517578,98.76000213623048,100.58999633789062,100.58999633789062,41268900.0
2025-05-06,AMD,98.41000366210938,100.06999969482422,97.44000244140624,98.62000274658205,98.62000274658205,54264300.0
2025-05-07,AMD,100.75,103.41999816894533,96.87999725341795,100.36000061035156,100.36000061035156,86474400.0
2025-05-08,AMD,101.91999816894533,105.44000244140624,101.55999755859376,101.6999969482422,101.6999969482422,54231400.0
2025-05-09,AMD,102.58999633789062,103.54000091552734,101.5999984741211,102.83999633789062,102.83999633789062,31704300.0
2025-05-12,AMD,110.41999816894533,110.66999816894533,106.9800033569336,108.12000274658205,108.12000274658205,50543400.0
2025-05-13,AMD,109.5999984741211,113.12999725341795,109.0,112.45999908447266,112.45999908447266,55659500.0
2025-05-14,AMD,119.83000183105467,122.5199966430664,116.58999633789062,117.72000122070312,117.72000122070312,86743700.0
2025-05-15,AMD,117.0199966430664,117.5,114.01000213623048,114.98999786376952,114.98999786376952,43843200.0
2025-05-16,AMD,118.06999969482422,118.23999786376952,116.01000213623048,117.16999816894533,117.16999816894533,43419700.0
2025-05-19,AMD,115.0199966430664,115.52999877929688,114.05999755859376,114.73999786376952,114.73999786376952,37737400.0
2025-05-20,AMD,114.3499984741211,114.51000213623048,112.08000183105467,113.51000213623048,113.51000213623048,29030800.0
2025-05-21,AMD,113.8499984741211,116.0999984741211,111.08999633789062,112.05999755859376,112.05999755859376,43594600.0
2025-05-22,AMD,111.9000015258789,112.63999938964844,110.61000061035156,110.70999908447266,110.70999908447266,29252000.0
2025-05-23,AMD,108.08999633789062,111.0199966430664,107.66999816894533,110.30999755859376,110.30999755859376,30867300.0
2025-05-27,AMD,113.18000030517578,115.4000015258789,112.2699966430664,114.55999755859376,114.55999755859376,37885000.0
2025-05-28,AMD,114.91999816894533,114.9499969482422,112.66000366210938,112.86000061035156,112.86000061035156,27483700.0
2025-05-29,AMD,115.48999786376952,115.54000091552734,112.12999725341795,113.02999877929688,113.02999877929688,30501400.0
2025-05-30,AMD,111.58000183105467,112.11000061035156,108.62000274658205,110.7300033569336,110.7300033569336,36088500.0
2025-06-02,AMD,111.05999755859376,114.86000061035156,111.01000213623048,114.62999725341795,114.62999725341795,34078400.0
2025-06-03,AMD,114.5,117.68000030517578,113.27999877929688,117.30999755859376,117.30999755859376,37161500.0
2025-06-04,AMD,117.41000366210938,119.3000030517578,115.7300033569336,118.58000183105467,118.58000183105467,31025000.0
2025-06-05,AMD,118.9499969482422,119.23999786376952,114.70999908447266,115.69000244140624,115.69000244140624,34091000.0
2025-06-06,AMD,117.69000244140624,118.37999725341795,115.87999725341795,116.19000244140624,116.19000244140624,27042100.0
2025-06-09,AMD,119.18000030517578,122.37000274658205,119.04000091552734,121.7300033569336,121.7300033569336,55437700.0
2025-06-10,AMD,121.11000061035156,124.08999633789062,120.8000030517578,123.23999786376952,123.23999786376952,41691900.0
2025-06-11,AMD,124.44000244140624,124.47000122070312,119.87999725341795,121.13999938964844,121.13999938964844,32261900.0
2025-06-12,AMD,120.62000274658205,122.25,118.02999877929688,118.5,118.5,44718400.0
2025-06-13,AMD,116.0500030517578,117.87999725341795,115.05999755859376,116.16000366210938,116.16000366210938,39702700.0
2025-06-16,AMD,118.63999938964844,128.13999938964844,117.77999877929688,126.38999938964844,126.38999938964844,100968500.0
2025-06-17,AMD,127.93000030517578,130.6999969482422,126.58000183105467,127.0999984741211,127.0999984741211,86623900.0
2025-06-18,AMD,128.00999450683594,129.2100067138672,125.7699966430664,126.79000091552734,126.79000091552734,49627100.0
2025-06-20,AMD,129.0,132.80999755859375,127.5500030517578,128.24000549316406,128.24000549316406,79931000.0
2025-06-23,AMD,130.47000122070312,133.25,126.81999969482422,129.5800018310547,129.5800018310547,65152900.0
2025-06-24,AMD,133.42999267578125,138.7899932861328,132.92999267578125,138.42999267578125,138.42999267578125,78572000.0
2025-06-25,AMD,140.94000244140625,144.17999267578125,139.4600067138672,143.39999389648438,143.39999389648438,74607200.0
2025-06-26,AMD,145.97000122070312,146.0,141.91000366210938,143.67999267578125,143.67999267578125,58180100.0
2025-06-27,AMD,144.17999267578125,147.75,141.6300048828125,143.80999755859375,143.80999755859375,61937900.0
2025-06-30,AMD,144.0,146.0,141.00999450683594,141.89999389648438,141.89999389648438,42972500.0
2025-07-01,AMD,138.77000427246094,140.22999572753906,135.1199951171875,136.11000061035156,136.11000061035156,55257200.0
2025-07-02,AMD,135.52999877929688,139.77999877929688,135.22000122070312,138.52000427246094,138.52000427246094,39228000.0
2025-07-03,AMD,139.11000061035156,139.5,137.32000732421875,137.91000366210938,137.91000366210938,28646000.0
2025-07-07,AMD,136.55999755859375,137.44000244140625,133.5,134.8000030517578,134.8000030517578,37395000.0
2025-07-08,AMD,137.32000732421875,139.14999389648438,135.91000366210938,137.82000732421875,137.82000732421875,36124600.0
2025-07-09,AMD,138.69000244140625,140.64999389648438,137.58999633789062,138.41000366210938,138.41000366210938,37013100.0
2025-07-10,AMD,143.0,145.82000732421875,141.85000610351562,144.16000366210938,144.16000366210938,61101500.0
2025-07-11,AMD,142.60000610351562,147.39999389648438,141.60000610351562,146.4199981689453,146.4199981689453,50049200.0
2025-07-14,AMD,145.08999633789062,147.5800018310547,141.89999389648438,146.24000549316406,146.24000549316406,44718600.0
2025-07-15,AMD,153.75,158.67999267578125,153.55999755859375,155.61000061035156,155.61000061035156,93370100.0
2025-07-16,AMD,155.30999755859375,160.36000061035156,152.85000610351562,160.0800018310547,160.0800018310547,59492800.0
2025-07-17,AMD,161.80999755859375,161.9600067138672,158.67999267578125,160.41000366210938,160.41000366210938,50605100.0
2025-07-18,AMD,159.58999633789062,160.8300018310547,155.80999755859375,156.99000549316406,156.99000549316406,48859800.0
2025-07-21,AMD,157.6199951171875,160.33999633789062,156.9199981689453,157.0,157.0,39021100.0
2025-07-22,AMD,156.1999969482422,156.22999572753906,149.33999633789062,154.72000122070312,154.72000122070312,49028000.0
2025-07-23,AMD,156.32000732421875,159.4499969482422,156.0,158.64999389648438,158.64999389648438,41510900.0
2025-07-24,AMD,159.1199951171875,163.92999267578125,158.36000061035156,162.1199951171875,162.1199951171875,48440100.0
2025-07-25,AMD,163.50999450683594,167.17999267578125,162.36000061035156,166.47000122070312,166.47000122070312,53432300.0
2025-07-28,AMD,169.0800018310547,174.6999969482422,168.6699981689453,173.66000366210938,173.66000366210938,68267800.0
2025-07-29,AMD,175.2100067138672,182.30999755859375,174.67999267578125,177.44000244140625,177.44000244140625,108154800.0
2025-07-30,AMD,175.61000061035156,180.3699951171875,173.8000030517578,179.50999450683594,179.50999450683594,64820300.0
2025-07-31,AMD,182.02000427246097,182.5,173.0,176.30999755859375,176.30999755859375,71765300.0
2025-08-01,AMD,170.16000366210938,174.39999389648438,166.82000732421875,171.6999969482422,171.6999969482422,75396100.0
2025-08-04,AMD,174.61000061035156,177.86000061035156,173.55999755859375,176.77999877929688,176.77999877929688,52951000.0
2025-08-05,AMD,177.57000732421875,177.99000549316406,171.8000030517578,174.30999755859375,174.30999755859375,88808500.0
2025-08-06,AMD,165.0500030517578,166.17999267578125,157.8000030517578,163.1199951171875,163.1199951171875,133641800.0
2025-08-07,AMD,166.83999633789062,175.75,166.6999969482422,172.39999389648438,172.39999389648438,95448300.0
2025-08-08,AMD,174.0399932861328,176.47999572753906,170.52000427246094,172.75999450683594,172.75999450683594,68866700.0
2025-08-11,AMD,170.0399932861328,178.82000732421875,169.3800048828125,172.27999877929688,172.27999877929688,70651000.0
2025-08-12,AMD,173.32000732421875,175.16000366210938,168.5,174.9499969482422,174.9499969482422,52243500.0
2025-08-13,AMD,179.91000366210938,186.6499938964844,179.3800048828125,184.4199981689453,184.4199981689453,108305100.0
2025-08-14,AMD,179.8300018310547,185.44000244140625,179.55999755859375,180.9499969482422,180.9499969482422,66308800.0
2025-08-15,AMD,180.05999755859375,180.13999938964844,176.25,177.50999450683594,177.50999450683594,51543100.0
2025-08-18,AMD,176.75999450683594,178.8000030517578,174.36000061035156,176.13999938964844,176.13999938964844,35937500.0
2025-08-19,AMD,173.10000610351562,173.1699981689453,166.10000610351562,166.5500030517578,166.5500030517578,64455000.0
2025-08-20,AMD,164.10000610351562,166.64999389648438,158.25,165.1999969482422,165.1999969482422,60233200.0
2025-08-21,AMD,165.86000061035156,165.8800048828125,162.25999450683594,163.7100067138672,163.7100067138672,37880500.0
2025-08-22,AMD,162.1699981689453,168.52999877929688,161.8000030517578,167.75999450683594,167.75999450683594,43998600.0
2025-08-25,AMD,165.5500030517578,165.58999633789062,161.72000122070312,163.36000061035156,163.36000061035156,36134700.0
2025-08-26,AMD,168.64999389648438,169.77000427246094,164.91000366210938,166.6199951171875,166.6199951171875,52138600.0
2025-08-27,AMD,166.0399932861328,167.67999267578125,164.64999389648438,167.1300048828125,167.1300048828125,37031000.0
2025-08-28,AMD,168.5,170.99000549316406,166.64999389648438,168.5800018310547,168.5800018310547,36285200.0
2025-08-29,AMD,166.80999755859375,168.57000732421875,161.89999389648438,162.6300048828125,162.6300048828125,37516800.0
2025-09-02,AMD,158.4199981689453,162.38999938964844,156.6199951171875,162.32000732421875,162.32000732421875,38656100.0
2025-09-03,AMD,161.80999755859375,164.75,160.5800018310547,162.1300048828125,162.1300048828125,30752800.0
2025-09-04,AMD,159.94000244140625,162.0500030517578,157.7899932861328,161.7899932861328,161.7899932861328,32103500.0
2025-09-05,AMD,157.1199951171875,157.13999938964844,150.17999267578125,151.13999938964844,151.13999938964844,78256000.0
2025-09-08,AMD,151.8000030517578,152.63999938964844,149.22000122070312,151.41000366210938,151.41000366210938,41849000.0
2025-09-09,AMD,151.99000549316406,156.66000366210938,151.92999267578125,155.82000732421875,155.82000732421875,42802500.0
2025-09-10,AMD,163.5399932861328,164.52999877929688,158.0,159.5399932861328,159.5399932861328,52465300.0
2025-09-11,AMD,158.6199951171875,160.2100067138672,154.99000549316406,155.6699981689453,155.6699981689453,48817700.0
2025-09-12,AMD,157.0,160.41000366210938,154.9199981689453,158.57000732421875,158.57000732421875,42232800.0
2025-09-15,AMD,160.00999450683594,162.3000030517578,157.60000610351562,161.16000366210938,161.16000366210938,36808700.0
2025-09-16,AMD,161.3699951171875,161.9499969482422,159.22000122070312,160.4600067138672,160.4600067138672,27946500.0
2025-09-17,AMD,159.27999877929688,161.6300048828125,155.75999450683594,159.16000366210938,159.16000366210938,41823800.0
2025-09-18,AMD,150.9600067138672,158.77000427246094,149.85000610351562,157.9199981689453,157.9199981689453,84549500.0
2025-09-19,AMD,157.3800048828125,159.83999633789062,155.89999389648438,157.38999938964844,157.38999938964844,55448100.0
2025-09-22,AMD,157.4199981689453,162.67999267578125,157.4199981689453,159.7899932861328,159.7899932861328,46505500.0
2025-09-23,AMD,160.52000427246094,163.38999938964844,159.2100067138672,160.89999389648438,160.89999389648438,39448300.0
2025-09-24,AMD,162.97999572753906,165.10000610351562,158.42999267578125,160.8800048828125,160.8800048828125,38464100.0
2025-09-25,AMD,157.13999938964844,161.6300048828125,154.77999877929688,161.27000427246094,161.27000427246094,36809900.0
2025-09-26,AMD,160.52000427246094,162.11000061035156,157.0500030517578,159.4600067138672,159.4600067138672,30316900.0
2025-09-29,AMD,160.1199951171875,164.3000030517578,159.89999389648438,161.36000061035156,161.36000061035156,39828800.0
2025-09-30,AMD,160.7899932861328,162.27999877929688,159.3300018310547,161.7899932861328,161.7899932861328,29669300.0
2025-10-01,AMD,160.92999267578125,164.17999267578125,160.49000549316406,164.00999450683594,164.00999450683594,39895200.0
2025-10-02,AMD,168.67999267578125,171.05999755859375,166.1199951171875,169.72999572753906,169.72999572753906,55475200.0
2025-10-03,AMD,170.67999267578125,170.67999267578125,163.13999938964844,164.6699981689453,164.6699981689453,42699100.0
2025-10-06,AMD,226.4499969482422,226.7100067138672,203.0099945068359,203.7100067138672,203.7100067138672,248859600.0
2025-10-07,AMD,214.8500061035156,218.8999938964844,209.27999877929688,211.5099945068359,211.5099945068359,115748100.0
2025-10-08,AMD,212.9499969482422,235.8699951171875,210.6999969482422,235.55999755859375,235.55999755859375,159983500.0
2025-10-09,AMD,236.3000030517578,240.1000061035156,229.52999877929688,232.88999938964844,232.88999938964844,94290700.0
2025-10-10,AMD,232.77000427246097,234.22000122070312,213.1999969482422,214.8999938964844,214.8999938964844,118656600.0
2025-10-13,AMD,220.1999969482422,224.19000244140625,214.8999938964844,216.4199981689453,216.4199981689453,63104000.0
2025-10-14,AMD,219.1999969482422,224.97999572753903,215.8999938964844,218.08999633789065,218.08999633789065,71216300.0
2025-10-15,AMD,222.7100067138672,239.2400054931641,220.7599945068359,238.6000061035156,238.6000061035156,108481000.0
2025-10-16,AMD,236.2899932861328,241.1999969482422,232.2400054931641,234.55999755859375,234.55999755859375,69726400.0
2025-10-17,AMD,233.2599945068359,235.3800048828125,227.91000366210935,233.0800018310547,233.0800018310547,55804200.0
2025-10-20,AMD,236.47000122070312,242.8800048828125,234.3999938964844,240.55999755859375,240.55999755859375,56741700.0
2025-10-21,AMD,239.38999938964844,242.2599945068359,234.02000427246097,238.02999877929688,238.02999877929688,47122400.0
2025-10-22,AMD,236.8500061035156,240.1300048828125,224.8800048828125,230.22999572753903,230.22999572753903,59668800.0
2025-10-23,AMD,230.16000366210935,235.8999938964844,228.5399932861328,234.9900054931641,234.9900054931641,39024400.0
2025-10-24,AMD,243.36000061035156,253.38999938964844,241.9499969482422,252.9199981689453,252.9199981689453,71221100.0
2025-10-27,AMD,257.8800048828125,260.4200134277344,249.8000030517578,259.6700134277344,259.6700134277344,65613100.0
2025-10-28,AMD,259.1400146484375,264.5799865722656,257.0,258.010009765625,258.010009765625,47448700.0
2025-10-29,AMD,264.19000244140625,267.0799865722656,257.3999938964844,264.3299865722656,264.3299865722656,49335600.0
2025-10-30,AMD,259.9200134277344,263.8800048828125,252.30999755859375,254.83999633789065,254.83999633789065,45162500.0
2025-10-31,AMD,259.6000061035156,262.1300048828125,253.41000366210935,256.1199951171875,256.1199951171875,34449200.0
2025-11-03,AMD,259.3299865722656,260.9100036621094,253.88999938964844,259.6499938964844,259.6499938964844,36351400.0
2025-11-04,AMD,250.3500061035156,257.3800048828125,247.38999938964844,250.0500030517578,250.0500030517578,56491800.0
2025-11-05,AMD,243.2400054931641,259.6499938964844,242.80999755859375,256.3299865722656,256.3299865722656,67366600.0
2025-11-06,AMD,253.47000122070312,253.5099945068359,235.7400054931641,237.6999969482422,237.6999969482422,66049700.0
2025-11-07,AMD,230.94000244140625,235.8699951171875,224.63999938964844,233.5399932861328,233.5399932861328,52162600.0
2025-11-10,AMD,242.13999938964844,248.8999938964844,240.5,243.97999572753903,243.97999572753903,43361600.0
2025-11-11,AMD,241.66000366210935,248.4600067138672,234.63999938964844,237.52000427246097,237.52000427246097,61336800.0
2025-11-12,AMD,253.1300048828125,263.510009765625,250.0,258.8900146484375,258.8900146484375,108942000.0
2025-11-13,AMD,251.8999938964844,259.6300048828125,246.05999755859375,247.9600067138672,247.9600067138672,63178600.0
2025-11-14,AMD,240.11000061035156,253.44000244140625,235.0800018310547,246.80999755859375,246.80999755859375,47655600.0
2025-11-17,AMD,242.75,248.77000427246097,237.1499938964844,240.52000427246097,240.52000427246097,37942200.0
2025-11-18,AMD,236.77999877929688,238.0,224.7100067138672,230.2899932861328,230.2899932861328,45619900.0
2025-11-19,AMD,230.2599945068359,235.27999877929688,219.7100067138672,223.5500030517578,223.5500030517578,52093400.0
2025-11-20,AMD,232.6999969482422,234.25,204.52999877929688,206.02000427246097,206.02000427246097,66342900.0
2025-11-21,AMD,208.80999755859375,208.8300018310547,195.0,203.77999877929688,203.77999877929688,67421100.0
2025-11-24,AMD,207.16000366210935,217.1300048828125,205.8500061035156,215.0500030517578,215.0500030517578,46749600.0
2025-11-25,AMD,201.47999572753903,206.5800018310547,194.27999877929688,206.1300048828125,206.1300048828125,69773500.0
2025-11-26,AMD,210.0500030517578,215.58999633789065,207.0,214.2400054931641,214.2400054931641,43270200.0
2025-11-28,AMD,216.13999938964844,218.3000030517578,214.02000427246097,217.52999877929688,217.52999877929688,18658000.0
2025-12-01,AMD,213.8800048828125,220.97999572753903,213.5,219.7599945068359,219.7599945068359,30768700.0
2025-12-02,AMD,221.7899932861328,225.97999572753903,214.38999938964844,215.2400054931641,215.2400054931641,42002500.0
2025-12-03,AMD,216.2599945068359,218.1999969482422,211.77000427246097,217.6000061035156,217.6000061035156,28545200.0
2025-12-04,AMD,216.8800048828125,219.1199951171875,214.13999938964844,215.97999572753903,215.97999572753903,24478200.0
2025-12-05,AMD,217.1699981689453,223.63999938964844,216.2400054931641,217.97000122070312,217.97000122070312,33292400.0
2025-12-08,AMD,219.08999633789065,223.7100067138672,218.36000061035156,221.11000061035156,221.11000061035156,30943200.0
2025-12-09,AMD,221.0399932861328,224.83999633789065,217.91000366210935,221.6199951171875,221.6199951171875,25166100.0
2025-12-10,AMD,222.0,222.61000061035156,218.6699981689453,221.4199981689453,221.4199981689453,23279400.0
2025-12-11,AMD,217.80999755859375,221.5,210.19000244140625,221.42999267578125,221.42999267578125,30694600.0
2025-12-12,AMD,218.3699951171875,222.4900054931641,209.05999755859375,210.77999877929688,210.77999877929688,37073900.0
2025-12-15,AMD,212.27999877929688,215.36000061035156,206.5800018310547,207.5800018310547,207.5800018310547,27222200.0
2025-12-16,AMD,206.9199981689453,210.22000122070312,205.11000061035156,209.1699981689453,209.1699981689453,23467600.0
2025-12-17,AMD,210.0399932861328,211.5,197.52999877929688,198.11000061035156,198.11000061035156,31595400.0
2025-12-18,AMD,203.82000732421875,206.36000061035156,200.5,201.05999755859375,201.05999755859375,29720100.0
2025-12-19,AMD,204.6000061035156,215.17999267578125,204.1999969482422,213.42999267578125,213.42999267578125,58445500.0
2025-12-22,AMD,220.0,220.1699981689453,213.30999755859375,214.9499969482422,214.9499969482422,24950700.0
2025-12-23,AMD,212.86000061035156,217.02999877929688,212.27999877929688,214.8999938964844,214.8999938964844,20272300.0
2025-12-24,AMD,214.97999572753903,216.5399932861328,213.97000122070312,215.0399932861328,215.0399932861328,7956800.0
2025-12-26,AMD,215.42999267578125,216.8300018310547,213.02999877929688,214.9900054931641,214.9900054931641,15792600.0
2025-12-29,AMD,211.5800018310547,216.0500030517578,209.2400054931641,215.61000061035156,215.61000061035156,20326900.0
2025-12-30,AMD,215.8699951171875,216.82000732421875,214.3300018310547,215.33999633789065,215.33999633789065,16409600.0
2025-12-31,AMD,215.82000732421875,217.63999938964844,213.8000030517578,214.16000366210935,214.16000366210935,17591600.0
2026-01-02,AMD,218.8999938964844,227.1499938964844,218.8999938964844,223.47000122070312,223.47000122070312,36446200.0
2026-01-05,AMD,230.25,234.02000427246097,220.47999572753903,221.0800018310547,221.0800018310547,31941100.0
2026-01-06,AMD,222.7100067138672,222.9199981689453,211.25,214.3500061035156,214.3500061035156,40033200.0
2026-01-07,AMD,212.1300048828125,212.1300048828125,207.1699981689453,210.02000427246097,210.02000427246097,29715500.0
2026-01-08,AMD,210.8999938964844,210.94000244140625,203.3300018310547,204.67999267578125,204.67999267578125,27505000.0
2026-01-09,AMD,205.72000122070312,207.3000030517578,203.07000732421875,203.1699981689453,203.1699981689453,24217300.0
2026-01-12,AMD,201.17999267578125,209.8800048828125,199.8000030517578,207.69000244140625,207.69000244140625,27287300.0
2026-01-13,AMD,215.1000061035156,223.11000061035156,214.97999572753903,220.97000122070312,220.97000122070312,56894900.0
2026-01-14,AMD,217.5399932861328,224.08999633789065,215.11000061035156,223.6000061035156,223.6000061035156,40466500.0
2026-01-15,AMD,227.8999938964844,238.3500061035156,227.22000122070312,227.9199981689453,227.9199981689453,55270200.0
2026-01-16,AMD,234.3000030517578,234.4900054931641,228.86000061035156,231.8300018310547,231.8300018310547,42545600.0
2026-01-20,AMD,226.0800018310547,239.5,225.41000366210935,231.9199981689453,231.9199981689453,44327700.0
2026-01-21,AMD,235.9900054931641,252.8999938964844,235.77999877929688,249.8000030517578,249.8000030517578,62385600.0
2026-01-22,AMD,251.75,256.0799865722656,246.6300048828125,253.72999572753903,253.72999572753903,37945000.0
2026-01-23,AMD,261.17999267578125,266.9599914550781,256.25,259.67999267578125,259.67999267578125,47525900.0
2026-01-26,AMD,256.75,258.2900085449219,250.3000030517578,251.30999755859375,251.30999755859375,30672500.0
2026-01-27,AMD,252.16000366210935,255.5500030517578,247.9600067138672,252.02999877929688,252.02999877929688,25691600.0
2026-01-28,AMD,254.1300048828125,257.3999938964844,250.2100067138672,252.7400054931641,252.7400054931641,27061200.0
2026-01-29,AMD,254.66000366210935,260.5299987792969,240.91000366210935,252.17999267578125,252.17999267578125,31685200.0
2026-01-30,AMD,236.92999267578125,245.2400054931641,234.5500030517578,236.72999572753903,236.72999572753903,40035700.0
2026-02-02,AMD,235.77000427246097,249.97000122070312,235.0,246.27000427246097,246.27000427246097,36308100.0
2026-02-03,AMD,251.5500030517578,252.6499938964844,237.0399932861328,242.11000061035156,242.11000061035156,53097100.0
2026-02-04,AMD,215.0,218.5800018310547,199.1499938964844,200.19000244140625,200.19000244140625,107173300.0
2026-02-05,AMD,201.86000061035156,204.0399932861328,190.72000122070312,192.5,192.5,62196400.0
2026-02-06,AMD,197.1300048828125,209.27000427246097,196.42999267578125,208.44000244140625,208.44000244140625,54504500.0
2026-02-09,AMD,206.8999938964844,217.6000061035156,204.1499938964844,216.0,216.0,38810800.0
2026-02-10,AMD,215.13999938964844,219.38999938964844,213.1300048828125,213.57000732421875,213.57000732421875,25326700.0
2026-02-11,AMD,217.8800048828125,219.6499938964844,209.2100067138672,213.5800018310547,213.5800018310547,33384700.0
2026-02-12,AMD,215.8300018310547,218.4600067138672,205.13999938964844,205.94000244140625,205.94000244140625,32181000.0
2026-02-13,AMD,204.02000427246097,210.0500030517578,203.8800048828125,207.32000732421875,207.32000732421875,26123900.0
2026-02-17,AMD,202.1499938964844,205.3000030517578,194.8300018310547,203.0800018310547,203.0800018310547,33712100.0
2026-02-18,AMD,198.41000366210935,203.1999969482422,195.0,200.1199951171875,200.1199951171875,35664100.0
2026-02-19,AMD,200.11000061035156,204.1000061035156,198.2899932861328,203.3699951171875,203.3699951171875,25842300.0
2026-02-20,AMD,200.1199951171875,204.8699951171875,198.55999755859375,200.1499938964844,200.1499938964844,36317300.0
2026-02-23,AMD,198.08999633789065,199.3800048828125,194.1499938964844,196.6000061035156,196.6000061035156,28187900.0
2026-02-24,AMD,211.6300048828125,216.7100067138672,206.5,213.83999633789065,213.83999633789065,81367000.0
2026-02-25,AMD,214.82000732421875,216.6999969482422,210.3300018310547,210.86000061035156,210.86000061035156,44588100.0
2026-02-26,AMD,208.8000030517578,209.7899932861328,201.4600067138672,203.67999267578125,203.67999267578125,35020500.0
2026-02-27,AMD,200.11000061035156,201.88999938964844,197.7400054931641,200.2100067138672,200.2100067138672,31312400.0
2026-03-02,AMD,193.8500061035156,198.7400054931641,190.0,198.6199951171875,198.6199951171875,34120200.0
2026-03-03,AMD,191.4600067138672,193.63999938964844,188.22000122070312,190.9499969482422,190.9499969482422,37785700.0
2026-03-04,AMD,192.1199951171875,202.44000244140625,189.86000061035156,202.07000732421875,202.07000732421875,40912600.0
2026-03-05,AMD,197.77000427246097,203.7899932861328,194.8800048828125,199.4499969482422,199.4499969482422,36000700.0
2026-03-06,AMD,195.27000427246097,200.2400054931641,191.25,192.42999267578125,192.42999267578125,33913800.0
2026-03-09,AMD,189.36000061035156,202.97000122070312,189.02000427246097,202.67999267578125,202.67999267578125,38877200.0
2026-03-10,AMD,202.5099945068359,206.58999633789065,202.1999969482422,203.22999572753903,203.22999572753903,29139200.0
2026-03-11,AMD,205.11000061035156,209.2100067138672,203.6300048828125,204.8300018310547,204.8300018310547,23076400.0
2026-03-12,AMD,202.8300018310547,203.6199951171875,196.6699981689453,197.7400054931641,197.7400054931641,28886900.0
2026-03-13,AMD,198.11000061035156,199.67999267578125,192.27000427246097,193.38999938964844,193.38999938964844,27561900.0
2026-03-16,AMD,194.97999572753903,200.1699981689453,194.8000030517578,196.5800018310547,196.5800018310547,30285200.0
2026-03-17,AMD,196.67999267578125,199.2100067138672,195.2599945068359,196.30999755859375,196.30999755859375,22779700.0
2026-03-18,AMD,196.0,202.86000061035156,195.75,199.4600067138672,199.4600067138672,28569100.0
2026-03-19,AMD,195.02999877929688,205.8800048828125,192.8300018310547,205.27000427246097,205.27000427246097,32245300.0
2026-03-20,AMD,204.88999938964844,206.3000030517578,198.2599945068359,201.3300018310547,201.3300018310547,37265100.0
2026-03-23,AMD,206.3999938964844,209.11000061035156,201.7100067138672,202.67999267578125,202.67999267578125,31857800.0
2026-03-24,AMD,201.38999938964844,206.42999267578125,200.1300048828125,205.3699951171875,205.3699951171875,27258800.0
2026-03-25,AMD,211.5099945068359,221.3300018310547,211.5099945068359,220.27000427246097,220.27000427246097,48518300.0
2026-03-26,AMD,217.97999572753903,221.0,203.42999267578125,203.77000427246097,203.77000427246097,49213000.0
2026-03-27,AMD,201.77000427246097,203.27000427246097,197.69000244140625,201.9900054931641,201.9900054931641,29206600.0
2026-03-30,AMD,204.9499969482422,208.42999267578125,192.8699951171875,196.0399932861328,196.0399932861328,41053300.0
2026-03-31,AMD,198.0500030517578,204.0,196.41000366210935,203.42999267578125,203.42999267578125,42318700.0
2026-04-01,AMD,207.58999633789065,213.8300018310547,205.83999633789065,210.2100067138672,210.2100067138672,40835800.0
2026-04-02,AMD,204.0500030517578,217.77999877929688,200.6199951171875,217.5,217.5,38463500.0
2026-04-06,AMD,219.27999877929688,226.30999755859375,217.72999572753903,220.17999267578125,220.17999267578125,30786400.0
2026-04-07,AMD,218.2599945068359,222.1000061035156,215.3800048828125,221.52999877929688,221.52999877929688,26483000.0
2026-04-08,AMD,232.1199951171875,234.0,227.08999633789065,231.82000732421875,231.82000732421875,35496400.0
2026-04-09,AMD,233.0099945068359,237.1000061035156,230.91000366210935,236.63999938964844,236.63999938964844,27126200.0
2026-04-10,AMD,239.0,249.5800018310547,238.9600067138672,245.0399932861328,245.0399932861328,36477200.0
2026-04-13,AMD,245.02999877929688,247.3300018310547,242.02999877929688,246.8300018310547,246.8300018310547,22781800.0
2026-04-14,AMD,249.7899932861328,255.4600067138672,245.6999969482422,255.07000732421875,255.07000732421875,25733200.0
2026-04-15,AMD,254.9600067138672,258.17999267578125,251.8500061035156,258.1199951171875,258.1199951171875,24695200.0
2026-04-16,AMD,264.989990234375,279.3399963378906,261.510009765625,278.260009765625,278.260009765625,64850800.0
2026-04-17,AMD,281.0,281.04998779296875,274.1400146484375,278.3900146484375,278.3900146484375,35519900.0
2026-04-20,AMD,280.6000061035156,287.6099853515625,272.0,274.95001220703125,274.95001220703125,34833900.0
2026-04-21,AMD,277.3299865722656,286.20001220703125,276.6199951171875,284.489990234375,284.489990234375,38950900.0
2026-04-22,AMD,291.2200012207031,304.25,286.1400146484375,303.4599914550781,303.4599914550781,49054200.0
2026-04-23,AMD,302.010009765625,310.2200012207031,299.760009765625,305.3299865722656,305.3299865722656,45619700.0
2026-04-24,AMD,336.760009765625,352.989990234375,334.5400085449219,347.80999755859375,347.80999755859375,81616700.0
2026-04-27,AMD,346.32000732421875,349.2099914550781,328.80999755859375,334.6300048828125,334.6300048828125,50585300.0
2026-04-28,AMD,311.8599853515625,327.5,310.0,323.2099914550781,323.2099914550781,43002500.0
2026-04-29,AMD,326.5799865722656,340.1700134277344,318.8599853515625,337.1099853515625,337.1099853515625,44704400.0
2026-04-30,AMD,341.3599853515625,354.9599914550781,332.6000061035156,354.489990234375,354.489990234375,42115300.0
2026-05-01,AMD,351.8699951171875,362.7900085449219,349.25,360.5400085449219,360.5400085449219,34279200.0
2026-05-04,AMD,360.30999755859375,361.8500061035156,338.70001220703125,341.5400085449219,341.5400085449219,42000200.0
2026-05-05,AMD,351.510009765625,359.57000732421875,344.8800048828125,355.260009765625,355.260009765625,64235100.0
2026-05-06,AMD,409.489990234375,430.6000061035156,402.0400085449219,421.3900146484375,421.3900146484375,87732200.0
2026-05-07,AMD,417.0700073242187,421.7099914550781,401.0799865722656,408.4599914550781,408.4599914550781,44885500.0
2026-05-08,AMD,418.5899963378906,456.2900085449219,418.2900085449219,455.19000244140625,455.19000244140625,58134900.0
2026-05-11,AMD,460.5499877929687,469.2200012207031,450.8800048828125,458.7900085449219,458.7900085449219,46085400.0
2026-05-12,AMD,449.25,458.7999877929687,426.1099853515625,448.2900085449219,448.2900085449219,39140100.0
2026-05-13,AMD,457.0400085449219,459.5,432.6499938964844,445.5,445.5,30423400.0
2026-05-14,AMD,440.6000061035156,453.30999755859375,435.6799926757813,449.7000122070313,449.7000122070313,26113600.0
2026-05-15,AMD,433.3399963378906,439.0,423.3599853515625,424.1000061035156,424.1000061035156,29131600.0
2026-05-18,AMD,429.5,438.7999877929687,410.7099914550781,420.989990234375,420.989990234375,28432100.0
2026-05-19,AMD,412.6000061035156,428.75,393.3599853515625,414.0499877929687,414.0499877929687,38756900.0
2026-05-20,AMD,428.0400085449219,449.3900146484375,426.0499877929687,447.5799865722656,447.5799865722656,36137500.0
2026-05-21,AMD,441.989990234375,451.2000122070313,431.6000061035156,449.5899963378906,449.5899963378906,27252000.0
2026-05-22,AMD,469.8399963378906,481.4100036621094,461.7099914550781,467.510009765625,467.510009765625,34661300.0
2023-12-07,AVGO,90.5540008544922,92.41200256347656,90.36399841308594,92.22599792480467,89.58463287353516,43517000.0
2023-12-08,AVGO,92.78399658203124,95.072998046875,91.0530014038086,94.43000030517578,91.72550964355467,69668000.0
2023-12-11,AVGO,95.70099639892578,103.95099639892578,95.60900115966795,102.92400360107422,99.97623443603516,101184000.0
2023-12-12,AVGO,102.79900360107422,107.93900299072266,102.45800018310548,107.22799682617188,104.15697479248048,90242000.0
2023-12-13,AVGO,106.8000030517578,109.97799682617188,106.25399780273438,108.96900177001952,105.8480987548828,71654000.0
2023-12-14,AVGO,109.21800231933594,112.14600372314452,109.02799987792967,110.64900207519533,107.47999572753906,66964000.0
2023-12-15,AVGO,109.52200317382812,114.98799896240234,109.46199798583984,112.9739990234375,109.7384033203125,118544000.0
2023-12-18,AVGO,112.08000183105467,115.18199920654295,111.86399841308594,114.6999969482422,111.41495513916016,54741000.0
2023-12-19,AVGO,114.1999969482422,115.0459976196289,113.2509994506836,113.95800018310548,111.20323181152344,36020000.0
2023-12-20,AVGO,113.2699966430664,114.13600158691406,110.9260025024414,111.03800201416016,108.3538055419922,34523000.0
2023-12-21,AVGO,113.26499938964844,113.54199981689452,111.5,112.72899627685548,110.00390625,24106000.0
2023-12-22,AVGO,112.7979965209961,113.1999969482422,111.35299682617188,112.197998046875,109.48574829101562,19089000.0
2023-12-26,AVGO,112.42400360107422,113.5500030517578,112.302001953125,113.18900299072266,110.45280456542967,16793000.0
2023-12-27,AVGO,113.5999984741211,113.95700073242188,112.2959976196289,112.61699676513672,109.89462280273438,20055000.0
2023-12-28,AVGO,113.16899871826172,113.2239990234375,111.90499877929688,112.24099731445312,109.52771759033205,21247000.0
2023-12-29,AVGO,112.14600372314452,112.43800354003906,111.46700286865234,111.625,108.92662048339844,20558000.0
2024-01-02,AVGO,109.21199798583984,110.1999969482422,107.70899963378906,108.53800201416016,105.91424560546876,28831000.0
2024-01-03,AVGO,107.0199966430664,107.5,105.53099822998048,105.85800170898438,103.29901885986328,34735000.0
2024-01-04,AVGO,105.7959976196289,106.9499969482422,104.73699951171876,104.9010009765625,102.36515808105467,25658000.0
2024-01-05,AVGO,105.16000366210938,105.5459976196289,104.1510009765625,104.9280014038086,102.39149475097656,22475000.0
2024-01-08,AVGO,105.6500015258789,107.8000030517578,105.1999969482422,107.48500061035156,104.88668823242188,33110000.0
2024-01-09,AVGO,106.56199645996094,108.8550033569336,106.47100067138672,108.2490005493164,105.6322250366211,23225000.0
2024-01-10,AVGO,108.03500366210938,108.2959976196289,106.26000213623048,108.05699920654295,105.44485473632812,17643000.0
2024-01-11,AVGO,108.43199920654295,110.12999725341795,107.45099639892578,109.9980010986328,107.33894348144533,25757000.0
2024-01-12,AVGO,111.20999908447266,111.56900024414062,110.0009994506836,110.76799774169922,108.09032440185548,26882000.0
2024-01-16,AVGO,111.23400115966795,112.6240005493164,109.86299896240234,111.49600219726562,108.80072021484376,26145000.0
2024-01-17,AVGO,110.62899780273438,111.31099700927734,109.02100372314452,110.36699676513672,107.6990203857422,18314000.0
2024-01-18,AVGO,112.48999786376952,114.65499877929688,112.18800354003906,114.39099884033205,111.625732421875,32228000.0
2024-01-19,AVGO,115.7310028076172,121.6999969482422,115.5999984741211,121.12000274658205,118.1920928955078,53077000.0
2024-01-22,AVGO,121.625,123.13300323486328,120.8219985961914,122.0500030517578,119.09961700439452,31222000.0
2024-01-23,AVGO,122.0999984741211,122.697998046875,120.35199737548828,122.63099670410156,119.6665496826172,16952000.0
2024-01-24,AVGO,124.2300033569336,128.4550018310547,123.10099792480467,125.38700103759766,122.3559341430664,34805000.0
2024-01-25,AVGO,128.10000610351562,128.10000610351562,122.87999725341795,123.0,120.0266342163086,36356000.0
2024-01-26,AVGO,121.97000122070312,122.12100219726562,120.02300262451172,120.48799896240234,117.57535552978516,25818000.0
2024-01-29,AVGO,121.49099731445312,122.36699676513672,120.4990005493164,121.7770004272461,118.8332061767578,21526000.0
2024-01-30,AVGO,121.677001953125,122.8000030517578,120.4290008544922,120.81600189208984,117.89543151855467,20683000.0
2024-01-31,AVGO,118.94499969482422,119.72200012207033,117.43099975585938,118.0,115.14749908447266,27400000.0
2024-02-01,AVGO,118.73500061035156,120.30899810791016,117.91100311279295,120.0009994506836,117.10013580322266,19411000.0
2024-02-02,AVGO,120.875,123.46900177001952,120.51499938964844,122.43399810791016,119.47431182861328,26689000.0
2024-02-05,AVGO,122.6959991455078,124.7750015258789,122.21499633789062,124.30999755859376,121.3049545288086,22045000.0
2024-02-06,AVGO,126.35700225830078,127.21099853515624,121.19400024414062,122.26499938964844,119.30940246582033,25354000.0
2024-02-07,AVGO,123.4000015258789,125.95099639892578,122.66999816894533,125.70600128173828,122.66722869873048,25768000.0
2024-02-08,AVGO,126.6999969482422,129.5970001220703,126.5009994506836,127.47599792480467,124.3944320678711,29326000.0
2024-02-09,AVGO,125.2030029296875,128.5749969482422,124.89900207519533,128.343994140625,125.24144744873048,26293000.0
2024-02-12,AVGO,129.00100708007812,129.0070037841797,125.9000015258789,126.5,123.44202423095705,24778000.0
2024-02-13,AVGO,123.51200103759766,125.58699798583984,122.70899963378906,125.16500091552734,122.13931274414062,31907000.0
2024-02-14,AVGO,126.92400360107422,127.3000030517578,124.13200378417967,126.22200012207033,123.17074584960938,27306000.0
2024-02-15,AVGO,127.99500274658205,128.0,124.48500061035156,126.50700378417967,123.44886016845705,21873000.0
2024-02-16,AVGO,125.90399932861328,127.56800079345705,124.23899841308594,124.5479965209961,121.5372085571289,21268000.0
2024-02-20,AVGO,123.58599853515624,123.77200317382812,121.25599670410156,122.65499877929688,119.68997955322266,26329000.0
2024-02-21,AVGO,121.8000030517578,122.80500030517578,120.26399993896484,122.74500274658205,119.7778091430664,20579000.0
2024-02-22,AVGO,128.17100524902344,131.09800720214844,127.64700317382812,130.49000549316406,127.3355941772461,40819000.0
2024-02-23,AVGO,130.83700561523438,131.96200561523438,128.8820037841797,129.63699340820312,126.50318145751952,23115000.0
2024-02-26,AVGO,131.0,131.87899780273438,130.14599609375,130.91299438476562,127.74836730957033,16282000.0
2024-02-27,AVGO,130.91299438476562,131.19400024414062,129.2220001220703,129.6230010986328,126.4895248413086,12126000.0
2024-02-28,AVGO,129.3000030517578,129.8520050048828,128.2969970703125,128.94200134277344,125.82500457763672,10967000.0
2024-02-29,AVGO,130.33099365234375,130.83999633789062,128.72799682617188,130.0489959716797,126.9052276611328,27536000.0
2024-03-01,AVGO,132.59300231933594,140.7760009765625,132.0,139.91700744628906,136.53469848632812,44488000.0
2024-03-04,AVGO,140.31500244140625,143.81700134277344,138.5189971923828,140.2259979248047,136.83621215820312,34854000.0
2024-03-05,AVGO,139.5,139.5,133.23699951171875,134.27499389648438,131.029052734375,36040000.0
2024-03-06,AVGO,139.1580047607422,139.48300170898438,134.70599365234375,135.0,131.73654174804688,43196000.0
2024-03-07,AVGO,138.19900512695312,141.43099975585938,137.28900146484375,140.7010040283203,137.29974365234375,62832000.0
2024-03-08,AVGO,139.4250030517578,141.3000030517578,130.1580047607422,130.8719940185547,127.70833587646484,74025000.0
2024-03-11,AVGO,127.79299926757812,129.90199279785156,125.25599670410156,129.31199645996094,126.18605041503906,31105000.0
2024-03-12,AVGO,130.6999969482422,130.7790069580078,125.9280014038086,129.18800354003906,126.06505584716795,42789000.0
2024-03-13,AVGO,128.28799438476562,128.28799438476562,125.23600006103516,125.78700256347656,122.74626159667967,37838000.0
2024-03-14,AVGO,126.25399780273438,127.31300354003906,124.77100372314452,126.22699737548828,123.17562866210938,38029000.0
2024-03-15,AVGO,125.34600067138672,126.73699951171876,123.00700378417967,123.5500030517578,120.56334686279295,88823000.0
2024-03-18,AVGO,125.39800262451172,126.28800201416016,123.16999816894533,123.7239990234375,120.7331314086914,25737000.0
2024-03-19,AVGO,121.69499969482422,124.0270004272461,120.4020004272461,123.8010025024414,120.80828857421876,24491000.0
2024-03-20,AVGO,123.9020004272461,128.7989959716797,122.65899658203124,127.5999984741211,125.0457000732422,40946000.0
2024-03-21,AVGO,132.83200073242188,140.36099243164062,131.60000610351562,134.8000030517578,132.10159301757812,72468000.0
2024-03-22,AVGO,135.0,137.6219940185547,134.61500549316406,135.3470001220703,132.63763427734375,38624000.0
2024-03-25,AVGO,134.5030059814453,135.843994140625,133.7469940185547,135.1580047607422,132.45242309570312,21237000.0
2024-03-26,AVGO,136.468994140625,137.99400329589844,133.05099487304688,133.1490020751953,130.483642578125,23522000.0
2024-03-27,AVGO,135.0,135.0,129.6020050048828,131.8730010986328,129.23318481445312,25583000.0
2024-03-28,AVGO,131.7899932861328,133.00900268554688,131.1529998779297,132.54100036621094,129.88783264160156,19856000.0
2024-04-01,AVGO,132.5679931640625,136.29800415039062,132.54100036621094,135.0260009765625,132.3230743408203,17252000.0
2024-04-02,AVGO,131.57899475097656,134.23699951171875,130.34100341796875,133.87600708007812,131.1960906982422,24694000.0
2024-04-03,AVGO,132.8000030517578,137.6820068359375,132.52699279785156,136.3209991455078,133.59214782714844,28650000.0
2024-04-04,AVGO,138.53199768066406,140.3979949951172,131.5,131.75,129.11265563964844,27014000.0
2024-04-05,AVGO,132.60000610351562,136.1230010986328,131.4199981689453,133.9429931640625,131.26173400878906,19438000.0
2024-04-08,AVGO,133.36500549316406,134.25,131.5749969482422,133.61000061035156,130.93540954589844,17139000.0
2024-04-09,AVGO,135.73699951171875,135.947998046875,130.86399841308594,133.4080047607422,130.73745727539062,17986000.0
2024-04-10,AVGO,132.3000030517578,133.5749969482422,131.54800415039062,132.23699951171875,129.5898895263672,17467000.0
2024-04-11,AVGO,133.26800537109375,139.18699645996094,132.36500549316406,138.24600219726562,135.47860717773438,31713000.0
2024-04-12,AVGO,135.2010040283203,136.6510009765625,133.66200256347656,134.40699768066406,131.71646118164062,27823000.0
2024-04-15,AVGO,137.0,137.0,130.60000610351562,131.06900024414062,128.4452667236328,24370000.0
2024-04-16,AVGO,131.53799438476562,133.6320037841797,131.10000610351562,132.906005859375,130.24551391601562,18923000.0
2024-04-17,AVGO,134.31100463867188,134.6999969482422,128.14199829101562,128.26300048828125,125.69544219970705,24718000.0
2024-04-18,AVGO,128.8000030517578,129.26499938964844,125.5459976196289,125.89900207519533,123.37877655029295,24888000.0
2024-04-19,AVGO,125.89900207519533,126.0,119.75599670410156,120.47100067138672,118.0594253540039,44797000.0
2024-04-22,AVGO,122.4499969482422,123.31999969482422,120.0540008544922,122.4459991455078,119.9948959350586,25162000.0
2024-04-23,AVGO,122.81700134277344,125.79000091552734,122.802001953125,124.91899871826172,122.41838836669922,22025000.0
2024-04-24,AVGO,126.38999938964844,128.56199645996094,124.49600219726562,125.68199920654295,123.16610717773438,20108000.0
2024-04-25,AVGO,127.24500274658205,130.80299377441406,125.6999969482422,129.44200134277344,126.85083770751952,30410000.0
2024-04-26,AVGO,131.0,135.58299255371094,130.31300354003906,134.40699768066406,131.71646118164062,24100000.0
2024-04-29,AVGO,134.4080047607422,135.29800415039062,132.57000732421875,133.86199951171875,131.182373046875,13372000.0
2024-04-30,AVGO,132.88800048828125,134.8350067138672,129.90499877929688,130.02699279785156,127.4241180419922,22113000.0
2024-05-01,AVGO,127.83300018310548,129.23699951171875,124.13500213623048,124.28600311279295,121.79806518554688,30958000.0
2024-05-02,AVGO,125.62799835205078,126.44499969482422,122.33100128173828,123.85700225830078,121.37765502929688,29480000.0
2024-05-03,AVGO,125.9000015258789,128.38800048828125,124.71399688720705,127.81099700927734,125.25249481201172,24898000.0
2024-05-06,AVGO,128.6219940185547,131.07699584960938,127.50700378417967,131.031005859375,128.40805053710938,16287000.0
2024-05-07,AVGO,131.6439971923828,131.8990020751953,129.67599487304688,130.31100463867188,127.70244598388672,12413000.0
2024-05-08,AVGO,129.35000610351562,133.79100036621094,128.8489990234375,132.53700256347656,129.88388061523438,13918000.0
2024-05-09,AVGO,131.7830047607422,132.16099548339844,130.1999969482422,130.56700134277344,127.95331573486328,12170000.0
2024-05-10,AVGO,131.531005859375,134.39999389648438,131.531005859375,133.27999877929688,130.6119842529297,16300000.0
2024-05-13,AVGO,134.8000030517578,135.83900451660156,133.01100158691406,133.75100708007812,131.07359313964844,18507000.0
2024-05-14,AVGO,133.23399353027344,138.19900512695312,132.5800018310547,138.0030059814453,135.24049377441406,19420000.0
2024-05-15,AVGO,138.0,143.89500427246094,136.9980010986328,143.61700439453125,140.74209594726562,32757000.0
2024-05-16,AVGO,142.60000610351562,144.5399932861328,140.50599670410156,141.21299743652344,138.38624572753906,28395000.0
2024-05-17,AVGO,141.24200439453125,141.9530029296875,138.17799377441406,139.5290069580078,136.7359161376953,18174000.0
2024-05-20,AVGO,139.60000610351562,141.69400024414062,139.3159942626953,141.4029998779297,138.5724334716797,27170000.0
2024-05-21,AVGO,139.8679962158203,140.93899536132812,139.3459930419922,139.9199981689453,137.1190948486328,15333000.0
2024-05-22,AVGO,139.6009979248047,140.5,138.4219970703125,139.2239990234375,136.43702697753906,21002000.0
2024-05-23,AVGO,142.84300231933594,142.89999389648438,137.8000030517578,139.32899475097656,136.5399169921875,31039000.0
2024-05-24,AVGO,139.97900390625,141.35800170898438,139.20199584960938,140.78399658203125,137.9657745361328,16730000.0
2024-05-28,AVGO,141.0,141.71800231933594,139.25399780273438,141.2449951171875,138.41757202148438,22919000.0
2024-05-29,AVGO,139.91000366210938,139.91000366210938,138.3000030517578,139.06700134277344,136.2831573486328,26861000.0
2024-05-30,AVGO,137.89999389648438,138.2779998779297,135.56399536132812,136.4080047607422,133.67739868164062,21717000.0
2024-05-31,AVGO,136.13600158691406,136.2550048828125,130.7259979248047,132.85499572753906,130.1955108642578,73091000.0
2024-06-03,AVGO,135.27000427246094,135.3000030517578,130.2530059814453,132.19000244140625,129.54385375976562,26278000.0
2024-06-04,AVGO,132.0399932861328,133.19900512695312,130.7010040283203,133.08200073242188,130.41798400878906,23048000.0
2024-06-05,AVGO,134.60000610351562,141.43499755859375,134.0540008544922,141.3090057373047,138.48031616210938,32947000.0
2024-06-06,AVGO,142.18699645996094,142.2689971923828,138.82400512695312,140.1269989013672,137.3219451904297,20172000.0
2024-06-07,AVGO,140.7779998779297,142.5,139.70199584960938,140.66400146484375,137.84820556640625,17859000.0
2024-06-10,AVGO,140.97999572753906,144.90499877929688,140.91299438476562,144.0469970703125,141.16348266601562,31042000.0
2024-06-11,AVGO,143.82000732421875,146.50100708007812,141.6230010986328,146.10299682617188,143.17831420898438,34844000.0
2024-06-12,AVGO,150.0,150.5800018310547,147.63999938964844,149.55099487304688,146.5572967529297,56697000.0
2024-06-13,AVGO,171.0,173.5850067138672,165.2519989013672,167.8990020751953,164.53802490234375,89061000.0
2024-06-14,AVGO,168.68600463867188,174.7239990234375,168.2100067138672,173.50399780273438,170.0308074951172,69705000.0
2024-06-17,AVGO,180.0,184.3000030517578,177.85800170898438,182.88699340820312,179.22596740722656,87528000.0
2024-06-18,AVGO,183.95899963378903,185.16200256347656,178.50100708007812,180.2519989013672,176.6437225341797,86797000.0
2024-06-20,AVGO,180.3459930419922,180.4750061035156,172.2220001220703,173.45599365234375,169.98374938964844,68157000.0
2024-06-21,AVGO,169.5659942626953,171.39999389648438,165.14199829101562,165.86300659179688,162.5427703857422,99289000.0
2024-06-24,AVGO,164.2050018310547,166.10000610351562,159.0659942626953,159.2209930419922,156.5291748046875,58575000.0
2024-06-25,AVGO,160.01300048828125,160.60400390625,156.39999389648438,158.07899475097656,155.40646362304688,53329000.0
2024-06-26,AVGO,159.76199340820312,161.8179931640625,157.35899353027344,159.1999969482422,156.50851440429688,46479000.0
2024-06-27,AVGO,159.1999969482422,160.56199645996094,157.10000610351562,158.66600036621094,155.9835662841797,31649000.0
2024-06-28,AVGO,159.58799743652344,163.92300415039062,158.60000610351562,160.55299377441406,157.83865356445312,69377000.0
2024-07-01,AVGO,160.82000732421875,164.875,159.35000610351562,164.0800018310547,161.30604553222656,47623000.0
2024-07-02,AVGO,164.0800018310547,165.9199981689453,162.1999969482422,165.7480010986328,162.94583129882812,32539000.0
2024-07-03,AVGO,167.0,172.9219970703125,166.4459991455078,172.9219970703125,169.99855041503906,39954000.0
2024-07-05,AVGO,175.55599975585938,176.5469970703125,169.60000610351562,170.33099365234375,167.45135498046875,45240000.0
2024-07-08,AVGO,170.5,175.69000244140625,170.5,174.58599853515625,171.63441467285156,36398000.0
2024-07-09,AVGO,175.656005859375,177.09800720214844,170.55599975585938,173.33099365234375,170.400634765625,37802000.0
2024-07-10,AVGO,174.60000610351562,176.6490020751953,172.63600158691406,174.468994140625,171.51939392089844,41074000.0
2024-07-11,AVGO,176.46600341796875,176.48699951171875,166.85000610351562,170.59500122070312,167.7108917236328,51026000.0
2024-07-12,AVGO,171.10299682617188,172.59100341796875,169.13099670410156,170.06700134277344,167.19180297851562,30453000.0
2024-07-15,AVGO,170.0,173.50999450683594,169.25999450683594,171.4199981689453,168.5219268798828,22999200.0
2024-07-16,AVGO,172.39999389648438,172.80999755859375,166.39999389648438,169.3800048828125,166.5164337158203,22244900.0
2024-07-17,AVGO,162.30999755859375,162.83999633789062,155.61000061035156,155.97999572753906,153.3429718017578,43343400.0
2024-07-18,AVGO,158.88999938964844,161.50999450683594,153.89999389648438,160.52000427246094,157.8062286376953,37973500.0
2024-07-19,AVGO,161.83999633789062,163.9499969482422,157.1199951171875,157.35000610351562,154.68980407714844,26309500.0
2024-07-22,AVGO,160.22999572753906,162.99000549316406,157.89999389648438,161.05999755859375,158.33709716796875,28813300.0
2024-07-23,AVGO,160.39999389648438,165.3300018310547,159.89999389648438,163.77000427246094,161.00128173828125,21570200.0
2024-07-24,AVGO,160.35000610351562,161.41000366210938,151.10000610351562,151.33999633789062,148.7814178466797,37162600.0
2024-07-25,AVGO,151.25999450683594,153.5500030517578,145.52000427246094,149.25999450683594,146.73658752441406,30872100.0
2024-07-26,AVGO,153.5,153.5800018310547,149.9199981689453,151.6300048828125,149.0665283203125,20839900.0
2024-07-29,AVGO,152.02000427246094,155.0,149.14999389648438,150.22000122070312,147.6803741455078,16625800.0
2024-07-30,AVGO,153.27999877929688,153.47000122070312,143.35000610351562,143.52000427246094,141.0936279296875,31102300.0
2024-07-31,AVGO,151.47000122070312,161.3300018310547,151.0,160.67999267578125,157.96353149414062,45827500.0
2024-08-01,AVGO,157.5,158.91000366210938,146.1699981689453,147.02000427246094,144.5344696044922,40320000.0
2024-08-02,AVGO,141.92999267578125,145.35000610351562,139.60000610351562,143.82000732421875,141.3885498046875,33745800.0
2024-08-05,AVGO,129.61000061035156,145.4199981689453,128.5,142.0800018310547,139.677978515625,41309300.0
2024-08-06,AVGO,141.72999572753906,148.91000366210938,140.25,143.9199981689453,141.4868621826172,24751300.0
2024-08-07,AVGO,148.25,150.10000610351562,135.8300018310547,136.27000427246094,133.96620178222656,29749800.0
2024-08-08,AVGO,141.1999969482422,146.27000427246094,138.39999389648438,145.74000549316406,143.27610778808594,27583200.0
2024-08-09,AVGO,144.1999969482422,149.5500030517578,144.11000061035156,148.25999450683594,145.75347900390625,18438700.0
2024-08-12,AVGO,148.0800018310547,151.1300048828125,146.3699951171875,148.6199951171875,146.10739135742188,17778500.0
2024-08-13,AVGO,151.5500030517578,156.3800048828125,149.80999755859375,156.16000366210938,153.5199432373047,22053600.0
2024-08-14,AVGO,158.02000427246094,160.25,154.72000122070312,157.69000244140625,155.02406311035156,20184200.0
2024-08-15,AVGO,161.1999969482422,166.6699981689453,160.33999633789062,166.1300048828125,163.32139587402344,27945000.0
2024-08-16,AVGO,164.47000122070312,166.08999633789062,162.67999267578125,165.72000122070312,162.91831970214844,19296900.0
2024-08-19,AVGO,164.86000061035156,167.8300018310547,160.4199981689453,167.7100067138672,164.8746795654297,20441700.0
2024-08-20,AVGO,167.0500030517578,168.3699951171875,164.14999389648438,165.9499969482422,163.14443969726562,19417500.0
2024-08-21,AVGO,165.1199951171875,166.47000122070312,162.8800048828125,165.77999877929688,162.977294921875,16097700.0
2024-08-22,AVGO,170.83999633789062,172.4199981689453,161.49000549316406,162.33999633789062,159.595458984375,30044500.0
2024-08-23,AVGO,165.02999877929688,168.27999877929688,163.4600067138672,166.36000061035156,163.54750061035156,18848000.0
2024-08-26,AVGO,164.9600067138672,165.6999969482422,158.66000366210938,159.6199951171875,156.92141723632812,18521200.0
2024-08-27,AVGO,157.60000610351562,162.02999877929688,155.8300018310547,161.38999938964844,158.66151428222656,16683100.0
2024-08-28,AVGO,160.0800018310547,162.27999877929688,156.25,158.17999267578125,155.5057830810547,18063600.0
2024-08-29,AVGO,158.49000549316406,163.1999969482422,155.41000366210938,156.92999267578125,154.27691650390625,23519300.0
2024-08-30,AVGO,161.1199951171875,163.24000549316406,158.7100067138672,162.82000732421875,160.06736755371094,25158500.0
2024-09-03,AVGO,160.3800048828125,160.74000549316406,151.3800048828125,152.7899932861328,150.2069091796875,37179100.0
2024-09-04,AVGO,150.3000030517578,157.7899932861328,149.14999389648438,154.1199951171875,151.51441955566406,20324100.0
2024-09-05,AVGO,150.57000732421875,156.36000061035156,150.11000061035156,152.82000732421875,150.2364044189453,31548500.0
2024-09-06,AVGO,143.25,143.5,136.60000610351562,137.0,134.68385314941406,76634600.0
2024-09-09,AVGO,139.11000061035156,141.58999633789062,134.89999389648438,140.82000732421875,138.43930053710938,39516700.0
2024-09-10,AVGO,141.22000122070312,149.86000061035156,141.0399932861328,148.2100067138672,145.704345703125,36067500.0
2024-09-11,AVGO,148.38999938964844,158.8699951171875,145.0399932861328,158.27000427246094,155.59426879882812,39700800.0
2024-09-12,AVGO,158.10000610351562,166.32000732421875,156.8300018310547,164.55999755859375,161.77793884277344,43530700.0
2024-09-13,AVGO,166.74000549316406,168.0800018310547,164.0399932861328,167.69000244140625,164.85501098632812,29850000.0
2024-09-16,AVGO,165.19000244140625,165.5,160.41000366210938,164.02000427246094,161.24705505371094,26126900.0
2024-09-17,AVGO,165.49000549316406,166.02000427246094,160.6999969482422,162.47000122070312,159.72325134277344,19844300.0
2024-09-18,AVGO,163.77000427246094,167.47000122070312,161.36000061035156,161.6699981689453,158.936767578125,26557600.0
2024-09-19,AVGO,167.67999267578125,170.0,165.66000366210938,167.4199981689453,165.1309051513672,32453100.0
2024-09-20,AVGO,167.17999267578125,172.02000427246094,166.47000122070312,171.10000610351562,168.7606201171875,91758500.0
2024-09-23,AVGO,172.0,173.32000732421875,168.35000610351562,172.94000244140625,170.57545471191406,29431100.0
2024-09-24,AVGO,172.80999755859375,175.99000549316406,171.67999267578125,174.83999633789062,172.44944763183594,34223400.0
2024-09-25,AVGO,174.64999389648438,177.13999938964844,173.75999450683594,175.52000427246094,173.1201629638672,16613800.0
2024-09-26,AVGO,178.5,180.25,175.0,178.08999633789062,175.65501403808594,24340000.0
2024-09-27,AVGO,178.1699981689453,178.47000122070312,171.75999450683594,172.69000244140625,170.32884216308594,20580900.0
2024-09-30,AVGO,171.8699951171875,172.9199981689453,169.6300048828125,172.5,170.14144897460938,16902000.0
2024-10-01,AVGO,172.16000366210938,172.25,165.8000030517578,167.47000122070312,165.18023681640625,23770400.0
2024-10-02,AVGO,167.5500030517578,172.83999633789062,167.02000427246094,170.66000366210938,168.3266143798828,14317800.0
2024-10-03,AVGO,169.6199951171875,174.94000244140625,169.19000244140625,171.88999938964844,169.53977966308594,13072300.0
2024-10-04,AVGO,176.3000030517578,176.89999389648438,172.60000610351562,176.63999938964844,174.22483825683594,17921400.0
2024-10-07,AVGO,174.82000732421875,178.30999755859375,173.86000061035156,175.0800018310547,172.68618774414062,15588300.0
2024-10-08,AVGO,175.4199981689453,181.6000061035156,174.88999938964844,180.72999572753903,178.25892639160156,20774200.0
2024-10-09,AVGO,179.24000549316406,186.4199981689453,176.4199981689453,185.9499969482422,183.40756225585935,25504100.0
2024-10-10,AVGO,183.55999755859375,186.30999755859375,182.52999877929688,185.69000244140625,183.151123046875,16318000.0
2024-10-11,AVGO,181.13999938964844,182.58999633789065,177.39999389648438,181.47999572753903,178.9986572265625,23070000.0
2024-10-14,AVGO,183.3000030517578,184.9499969482422,180.1300048828125,182.30999755859375,179.8173370361328,17195800.0
2024-10-15,AVGO,180.7899932861328,181.6999969482422,173.3699951171875,175.97999572753906,173.57386779785156,27657500.0
2024-10-16,AVGO,178.50999450683594,179.25,175.3300018310547,176.82000732421875,174.40240478515625,15285100.0
2024-10-17,AVGO,181.3699951171875,185.5099945068359,180.69000244140625,181.52999877929688,179.04798889160156,25232400.0
2024-10-18,AVGO,182.32000732421875,182.7100067138672,178.67999267578125,179.88999938964844,177.430419921875,17835200.0
2024-10-21,AVGO,179.3800048828125,181.72000122070312,178.25,179.99000549316406,177.529052734375,13695100.0
2024-10-22,AVGO,178.66000366210938,180.69000244140625,177.41000366210938,179.3800048828125,176.92739868164062,12062600.0
2024-10-23,AVGO,177.58999633789062,178.97999572753906,172.57000732421875,173.50999450683594,171.1376495361328,19513700.0
2024-10-24,AVGO,174.25999450683594,174.3000030517578,169.5,171.35000610351562,169.00718688964844,20485200.0
2024-10-25,AVGO,174.19000244140625,176.8000030517578,172.72000122070312,173.0,170.63461303710938,19977700.0
2024-10-28,AVGO,173.0,173.97000122070312,171.35000610351562,172.02000427246094,169.6680450439453,13195800.0
2024-10-29,AVGO,172.44000244140625,180.22999572753903,171.2100067138672,179.24000549316406,176.78929138183594,23702300.0
2024-10-30,AVGO,177.47000122070312,179.19000244140625,175.6199951171875,176.63999938964844,174.22483825683594,17911500.0
2024-10-31,AVGO,174.4499969482422,174.4499969482422,167.3800048828125,169.77000427246094,167.44879150390625,26086600.0
2024-11-01,AVGO,168.25999450683594,171.3300018310547,167.5,168.9199981689453,166.61041259765625,17847000.0
2024-11-04,AVGO,169.27999877929688,172.4499969482422,168.4199981689453,168.5500030517578,166.24546813964844,13621300.0
2024-11-05,AVGO,170.0500030517578,174.39999389648438,170.0500030517578,173.89999389648438,171.52230834960938,13441800.0
2024-11-06,AVGO,179.6300048828125,180.2100067138672,175.9600067138672,179.5500030517578,177.09507751464844,24300800.0
2024-11-07,AVGO,181.9900054931641,184.8699951171875,181.7899932861328,183.80999755859375,181.29681396484375,18970600.0
2024-11-08,AVGO,182.9900054931641,185.0500030517578,181.8300018310547,183.63999938964844,181.1291351318359,13503200.0
2024-11-11,AVGO,183.3999938964844,183.6300048828125,176.82000732421875,178.91000366210938,176.46383666992188,17036700.0
2024-11-12,AVGO,178.89999389648438,179.55999755859375,173.1999969482422,176.22000122070312,173.8105926513672,15862000.0
2024-11-13,AVGO,174.7100067138672,175.58999633789062,172.60000610351562,173.5800018310547,171.20668029785156,17472500.0
2024-11-14,AVGO,174.77000427246094,175.57000732421875,169.8699951171875,170.3800048828125,168.05044555664062,20638900.0
2024-11-15,AVGO,168.47000122070312,169.13999938964844,163.42999267578125,164.83999633789062,162.58616638183594,20836200.0
2024-11-18,AVGO,165.66000366210938,166.35000610351562,162.22000122070312,165.6699981689453,163.4048309326172,17856900.0
2024-11-19,AVGO,166.66000366210938,166.8000030517578,164.30999755859375,165.35000610351562,163.08920288085938,18003400.0
2024-11-20,AVGO,165.5399932861328,165.5399932861328,160.86000061035156,163.25,161.01792907714844,17196700.0
2024-11-21,AVGO,166.25,166.33999633789062,160.60000610351562,163.94000244140625,161.69847106933594,24835300.0
2024-11-22,AVGO,164.3000030517578,164.91000366210938,162.39999389648438,164.22999572753906,161.98452758789062,17332500.0
2024-11-25,AVGO,165.39999389648438,167.22999572753906,162.88999938964844,164.82000732421875,162.56646728515625,26850600.0
2024-11-26,AVGO,164.60000610351562,166.3699951171875,162.69000244140625,164.74000549316406,162.48756408691406,16308800.0
2024-11-27,AVGO,163.1999969482422,163.1999969482422,157.5399932861328,159.6699981689453,157.4868621826172,19722700.0
2024-11-29,AVGO,159.57000732421875,162.69000244140625,159.0800018310547,162.0800018310547,159.8639373779297,11024000.0
2024-12-02,AVGO,162.9499969482422,168.3800048828125,162.75,166.50999450683594,164.2333526611328,21472400.0
2024-12-03,AVGO,164.47999572753906,168.27000427246094,164.02999877929688,168.14999389648438,165.85092163085938,17024400.0
2024-12-04,AVGO,173.44000244140625,175.38999938964844,168.55999755859375,170.55999755859375,168.2279815673828,32748200.0
2024-12-05,AVGO,170.75,172.39999389648438,169.1999969482422,170.47000122070312,168.1392059326172,18490000.0
2024-12-06,AVGO,170.10000610351562,180.67999267578125,169.3300018310547,179.52999877929688,177.07533264160156,27830800.0
2024-12-09,AVGO,178.9499969482422,180.7899932861328,176.02000427246094,178.94000244140625,176.49342346191406,20886300.0
2024-12-10,AVGO,177.80999755859375,178.5,169.72999572753906,171.80999755859375,169.46087646484375,27762600.0
2024-12-11,AVGO,180.00999450683594,184.8699951171875,176.42999267578125,183.1999969482422,180.69515991210935,41295200.0
2024-12-12,AVGO,180.92999267578125,182.0,175.99000549316406,180.66000366210935,178.1898956298828,46967200.0
2024-12-13,AVGO,213.8999938964844,228.6999969482422,211.11000061035156,224.8000030517578,221.7263946533203,121336600.0
2024-12-16,AVGO,231.7899932861328,251.8800048828125,230.80999755859375,250.0,246.5818023681641,111623200.0
2024-12-17,AVGO,240.6499938964844,242.47000122070312,233.8000030517578,240.22999572753903,236.9454040527344,70382100.0
2024-12-18,AVGO,239.41000366210935,239.8500061035156,219.22000122070312,223.6199951171875,220.5625,53960100.0
2024-12-19,AVGO,227.91000366210935,228.0500030517578,217.5800018310547,218.32000732421875,215.33497619628903,40845200.0
2024-12-20,AVGO,220.36000061035156,230.2899932861328,218.91000366210935,220.7899932861328,217.7711944580078,131910400.0
2024-12-23,AVGO,226.69000244140625,233.3999938964844,225.1300048828125,232.3500061035156,229.7871856689453,40643800.0
2024-12-24,AVGO,240.1199951171875,240.22999572753903,234.8000030517578,239.67999267578125,237.03631591796875,22827200.0
2024-12-26,AVGO,240.0,247.27999877929688,237.6000061035156,245.36000061035156,242.65367126464844,28459000.0
2024-12-27,AVGO,245.63999938964844,245.77999877929688,236.3500061035156,241.75,239.08349609375,29282200.0
2024-12-30,AVGO,234.6999969482422,238.77000427246097,231.6199951171875,235.5800018310547,232.9815673828125,27316800.0
2024-12-31,AVGO,235.8800048828125,237.4600067138672,231.30999755859375,231.83999633789065,229.2828063964844,17927700.0
2025-01-02,AVGO,236.16000366210935,239.5,230.2400054931641,231.97999572753903,229.42124938964844,31525800.0
2025-01-03,AVGO,233.58999633789065,236.4900054931641,229.0,232.5500030517578,229.9849853515625,24973200.0
2025-01-06,AVGO,236.5,241.75,233.3000030517578,236.41000366210935,233.80239868164065,34028400.0
2025-01-07,AVGO,239.5,239.5,227.6000061035156,228.63999938964844,226.11810302734375,25928600.0
2025-01-08,AVGO,229.6999969482422,232.47000122070312,226.05999755859375,229.30999755859375,226.78070068359375,18756500.0
2025-01-10,AVGO,227.3000030517578,227.8300018310547,221.25,224.30999755859375,221.8358612060547,23864000.0
2025-01-13,AVGO,219.9900054931641,229.2599945068359,219.5099945068359,225.2899932861328,222.80506896972656,23772100.0
2025-01-14,AVGO,226.57000732421875,230.2599945068359,223.1000061035156,224.6999969482422,222.22154235839844,18143100.0
2025-01-15,AVGO,228.5500030517578,230.33999633789065,225.5800018310547,228.0,225.4851531982422,21745600.0
2025-01-16,AVGO,235.22000122070312,238.6000061035156,229.2100067138672,229.41000366210935,226.8796234130859,23471900.0
2025-01-17,AVGO,237.0800018310547,238.1000061035156,232.66000366210935,237.44000244140625,234.8210601806641,31196600.0
2025-01-21,AVGO,241.5,242.75,237.3999938964844,240.30999755859375,237.6593780517578,30903200.0
2025-01-22,AVGO,246.75,246.9900054931641,240.69000244140625,240.91000366210935,238.2527618408203,29610500.0
2025-01-23,AVGO,238.41000366210935,240.3999938964844,236.1199951171875,240.27999877929688,237.6297149658203,17653900.0
2025-01-24,AVGO,244.6999969482422,249.58999633789065,241.91000366210935,244.6999969482422,242.00096130371097,25387800.0
2025-01-27,AVGO,213.3999938964844,218.42999267578125,196.22999572753903,202.1300048828125,199.9005126953125,90569400.0
2025-01-28,AVGO,208.0099945068359,209.9499969482422,198.88999938964844,207.36000061035156,205.0728302001953,50316000.0
2025-01-29,AVGO,208.83999633789065,211.4499969482422,202.77000427246097,206.3500061035156,204.0739593505859,32533700.0
2025-01-30,AVGO,218.57000732421875,221.9600067138672,213.6999969482422,215.66000366210935,213.28126525878903,42449500.0
2025-01-31,AVGO,219.66000366210935,226.8000030517578,216.3000030517578,221.27000427246097,218.8293914794922,41104700.0
2025-02-03,AVGO,215.4600067138672,220.94000244140625,213.5099945068359,217.72999572753903,215.32843017578125,24507300.0
2025-02-04,AVGO,219.3500061035156,223.02999877929688,215.3000030517578,222.42999267578125,219.97659301757812,23768500.0
2025-02-05,AVGO,233.94000244140625,237.92999267578125,227.5,232.0,229.4410400390625,29196000.0
2025-02-06,AVGO,234.5,234.8000030517578,228.55999755859375,231.36000061035156,228.80810546875,21169500.0
2025-02-07,AVGO,235.0,235.6499938964844,224.11000061035156,224.8699951171875,222.38967895507812,22117500.0
2025-02-10,AVGO,227.42999267578125,235.82000732421875,227.1199951171875,235.0399932861328,232.447509765625,23901600.0
2025-02-11,AVGO,232.47999572753903,237.88999938964844,229.97000122070312,235.0399932861328,232.447509765625,18476200.0
2025-02-12,AVGO,230.36000061035156,236.47999572753903,230.0,236.3500061035156,233.7430725097656,16397300.0
2025-02-13,AVGO,236.05999755859375,236.9499969482422,230.72999572753903,235.8000030517578,233.1991271972656,20962000.0
2025-02-14,AVGO,234.52999877929688,235.7400054931641,228.8999938964844,233.0399932861328,230.4695587158203,16988800.0
2025-02-18,AVGO,230.1000061035156,232.1999969482422,224.3000030517578,228.52999877929688,226.00929260253903,26080500.0
2025-02-19,AVGO,227.8500061035156,229.07000732421875,224.3999938964844,228.72999572753903,226.2071075439453,16375500.0
2025-02-20,AVGO,228.6499938964844,228.97999572753903,222.75,226.7400054931641,224.23907470703125,16104000.0
2025-02-21,AVGO,225.6499938964844,227.75,215.6300048828125,218.66000366210935,216.24818420410156,24883600.0
2025-02-24,AVGO,218.6000061035156,219.47999572753903,207.5399932861328,207.92999267578125,205.63653564453125,33050400.0
2025-02-25,AVGO,207.0,208.63999938964844,200.9199981689453,202.5399932861328,200.30596923828125,33100800.0
2025-02-26,AVGO,206.91000366210935,213.5399932861328,206.0,212.94000244140625,210.59127807617188,21368300.0
2025-02-27,AVGO,217.27999877929688,219.25,197.3999938964844,197.8000030517578,195.61827087402344,27572900.0
2025-02-28,AVGO,195.7599945068359,201.19000244140625,193.1499938964844,199.42999267578125,197.23028564453125,39747200.0
2025-03-03,AVGO,204.0,204.05999755859375,184.52999877929688,187.3699951171875,185.30328369140625,37435600.0
2025-03-04,AVGO,189.22000122070312,193.9499969482422,180.47999572753903,187.47999572753903,185.41207885742188,37910500.0
2025-03-05,AVGO,191.86000061035156,194.0800018310547,187.1000061035156,191.5800018310547,189.4668884277344,25644500.0
2025-03-06,AVGO,181.0399932861328,186.8300018310547,177.61000061035156,179.4499969482422,177.4706573486328,56864100.0
2025-03-07,AVGO,187.72999572753903,195.47999572753903,181.55999755859375,194.9600067138672,192.80958557128903,74528900.0
2025-03-10,AVGO,189.6000061035156,191.97999572753903,180.42999267578125,184.4499969482422,182.41551208496097,44217100.0
2025-03-11,AVGO,188.0500030517578,195.6199951171875,185.3500061035156,190.08999633789065,187.99331665039065,42153200.0
2025-03-12,AVGO,196.22000122070312,199.97999572753903,192.4499969482422,194.22999572753903,192.087646484375,30409700.0
2025-03-13,AVGO,193.1499938964844,196.32000732421875,189.47000122070312,191.36000061035156,189.2492828369141,27236100.0
2025-03-14,AVGO,196.1999969482422,197.5,193.1999969482422,195.5399932861328,193.38319396972656,25900900.0
2025-03-17,AVGO,188.0500030517578,196.72000122070312,187.5,194.5,192.35467529296875,26830600.0
2025-03-18,AVGO,190.44000244140625,192.88999938964844,186.8999938964844,188.6699981689453,186.58897399902344,24951000.0
2025-03-19,AVGO,189.33999633789065,198.27000427246097,186.8999938964844,195.57000732421875,193.4128875732422,37962700.0
2025-03-20,AVGO,191.52000427246097,193.83999633789065,188.94000244140625,190.5399932861328,189.0085601806641,31430000.0
2025-03-21,AVGO,188.2100067138672,192.07000732421875,187.3699951171875,191.66000366210935,190.1195526123047,43086500.0
2025-03-24,AVGO,194.3000030517578,196.69000244140625,190.6699981689453,191.25,189.7128448486328,33180300.0
2025-03-25,AVGO,190.88999938964844,191.6000061035156,187.67999267578125,188.2599945068359,186.7468719482422,23417300.0
2025-03-26,AVGO,186.66000366210935,188.05999755859375,177.5800018310547,179.27000427246094,177.82913208007812,30578500.0
2025-03-27,AVGO,177.66000366210938,178.3800048828125,170.4600067138672,171.99000549316406,170.60765075683594,32151700.0
2025-03-28,AVGO,171.92999267578125,173.3000030517578,166.47000122070312,169.1199951171875,167.76071166992188,30391500.0
2025-03-31,AVGO,164.49000549316406,167.94000244140625,160.6199951171875,167.42999267578125,166.08428955078125,35656400.0
2025-04-01,AVGO,166.3699951171875,168.7100067138672,163.4199981689453,168.52000427246094,167.16554260253906,20472400.0
2025-04-02,AVGO,166.0800018310547,173.42999267578125,165.5,172.08999633789062,170.70684814453125,19523700.0
2025-04-03,AVGO,160.5399932861328,163.42999267578125,153.6999969482422,154.00999450683594,152.7721710205078,44354900.0
2025-04-04,AVGO,148.1699981689453,152.8000030517578,139.1699981689453,146.2899932861328,145.11419677734375,72302200.0
2025-04-07,AVGO,144.49000549316406,160.42999267578125,138.10000610351562,154.13999938964844,152.90110778808594,68503500.0
2025-04-08,AVGO,167.6199951171875,169.77999877929688,153.08999633789062,156.02999877929688,154.77590942382812,58888200.0
2025-04-09,AVGO,160.5,187.3300018310547,157.50999450683594,185.1499938964844,183.661865234375,72708300.0
2025-04-10,AVGO,175.3000030517578,176.9499969482422,166.39999389648438,172.3000030517578,170.91514587402344,51212200.0
2025-04-11,AVGO,173.6199951171875,182.66000366210935,173.30999755859375,181.94000244140625,180.47767639160156,33964100.0
2025-04-14,AVGO,185.0800018310547,186.0,175.82000732421875,178.36000061035156,176.9264373779297,25748300.0
2025-04-15,AVGO,179.72999572753906,182.2599945068359,178.0800018310547,178.9499969482422,177.51170349121094,17242400.0
2025-04-16,AVGO,170.42999267578125,176.0800018310547,166.9199981689453,174.61000061035156,173.20657348632812,34638600.0
2025-04-17,AVGO,176.25,176.25,169.9199981689453,170.99000549316406,169.61569213867188,22501800.0
2025-04-21,AVGO,166.99000549316406,168.0,161.61000061035156,166.2100067138672,164.87411499023438,23469800.0
2025-04-22,AVGO,167.42999267578125,170.52000427246094,165.22000122070312,169.5800018310547,168.21701049804688,18504900.0
2025-04-23,AVGO,177.77999877929688,180.4499969482422,175.82000732421875,176.91000366210938,175.4881134033203,24380500.0
2025-04-24,AVGO,179.69000244140625,188.57000732421875,178.3000030517578,188.1499938964844,186.63775634765625,27576900.0
2025-04-25,AVGO,186.9199981689453,193.3699951171875,186.88999938964844,192.30999755859375,190.7643280029297,21242300.0
2025-04-28,AVGO,190.52999877929688,193.1000061035156,187.67999267578125,192.47000122070312,190.92303466796875,16385800.0
2025-04-29,AVGO,191.72000122070312,193.25,190.1000061035156,191.1699981689453,189.63348388671875,14630000.0
2025-04-30,AVGO,185.8999938964844,193.1999969482422,184.02000427246097,192.47000122070312,190.92303466796875,22768900.0
2025-05-01,AVGO,198.13999938964844,201.3999938964844,196.2400054931641,197.3300018310547,195.74398803710935,24939700.0
2025-05-02,AVGO,203.8999938964844,205.67999267578125,201.0800018310547,203.63999938964844,202.00326538085935,17766800.0
2025-05-05,AVGO,200.25,203.22999572753903,200.0,200.72000122070312,199.1067352294922,14025400.0
2025-05-06,AVGO,196.44000244140625,201.91000366210935,195.94000244140625,200.08999633789065,198.48179626464844,16348800.0
2025-05-07,AVGO,199.2899932861328,206.22999572753903,198.42999267578125,204.80999755859375,203.1638641357422,20253700.0
2025-05-08,AVGO,208.0,211.16000366210935,203.69000244140625,207.77000427246097,206.1000518798828,18460900.0
2025-05-09,AVGO,209.3300018310547,209.9600067138672,206.52000427246097,208.1999969482422,206.5265960693359,13289200.0
2025-05-12,AVGO,219.4900054931641,221.8000030517578,215.8800048828125,221.5800018310547,219.799072265625,25437700.0
2025-05-13,AVGO,222.0,235.27999877929688,222.0,232.4199981689453,230.55194091796875,28790500.0
2025-05-14,AVGO,230.22999572753903,233.5,228.3500061035156,232.1199951171875,230.2543487548828,19751400.0
2025-05-15,AVGO,230.16000366210935,234.4600067138672,228.07000732421875,232.63999938964844,230.77017211914065,18803700.0
2025-05-16,AVGO,232.32000732421875,232.63999938964844,226.38999938964844,228.61000061035156,226.7725524902344,23094600.0
2025-05-19,AVGO,221.8500061035156,231.25,221.6000061035156,230.6300048828125,228.77633666992188,15355500.0
2025-05-20,AVGO,226.4900054931641,231.77000427246097,226.33999633789065,231.67999267578125,229.81790161132812,11787200.0
2025-05-21,AVGO,228.38999938964844,236.5,227.8300018310547,229.72999572753903,227.8835601806641,17642900.0
2025-05-22,AVGO,228.33999633789065,233.69000244140625,227.42999267578125,230.52999877929688,228.67713928222656,14340200.0
2025-05-23,AVGO,226.94000244140625,230.6499938964844,226.17999267578125,228.72000122070312,226.8816680908203,15385600.0
2025-05-27,AVGO,232.8699951171875,236.47999572753903,231.1300048828125,235.6499938964844,233.75596618652344,17941700.0
2025-05-28,AVGO,237.1499938964844,240.9900054931641,234.42999267578125,239.42999267578125,237.5055999755859,20443000.0
2025-05-29,AVGO,245.91000366210935,246.07000732421875,237.3999938964844,241.97000122070312,240.02517700195312,20743700.0
2025-05-30,AVGO,241.22000122070312,243.1699981689453,234.8999938964844,242.07000732421875,240.1243896484375,27088600.0
2025-06-02,AVGO,243.25,250.0,243.19000244140625,248.7100067138672,246.7110137939453,19197000.0
2025-06-03,AVGO,250.0800018310547,257.8800048828125,249.3999938964844,256.8500061035156,254.7855987548828,30380200.0
2025-06-04,AVGO,258.05999755859375,265.42999267578125,257.5899963378906,261.0799865722656,258.9815673828125,31536000.0
2025-06-05,AVGO,262.95001220703125,264.8900146484375,259.05999755859375,259.92999267578125,257.8408508300781,41970900.0
2025-06-06,AVGO,251.13999938964844,255.32000732421875,246.1300048828125,246.92999267578125,244.94529724121097,41146700.0
2025-06-09,AVGO,245.0500030517578,248.1699981689453,241.11000061035156,244.27999877929688,242.3166046142578,25334100.0
2025-06-10,AVGO,244.22000122070312,246.27999877929688,241.3999938964844,244.6300048828125,242.663818359375,25491300.0
2025-06-11,AVGO,246.36000061035156,254.77000427246097,243.8000030517578,252.91000366210935,250.8772735595703,24599000.0
2025-06-12,AVGO,250.19000244140625,257.8900146484375,249.5,256.07000732421875,254.01185607910156,20410900.0
2025-06-13,AVGO,250.66000366210935,254.0,248.3500061035156,248.6999969482422,246.7010955810547,19028400.0
2025-06-16,AVGO,250.3500061035156,255.19000244140625,249.57000732421875,252.1000061035156,250.07376098632812,20363000.0
2025-06-17,AVGO,250.9499969482422,253.9600067138672,247.9199981689453,249.3699951171875,247.36570739746097,22014300.0
2025-06-18,AVGO,250.88999938964844,255.63999938964844,249.41000366210935,251.2599945068359,249.24050903320312,30435500.0
2025-06-20,AVGO,253.2100067138672,253.52000427246097,244.1699981689453,249.9900054931641,248.5644073486328,42134900.0
2025-06-23,AVGO,249.11000061035156,254.2100067138672,246.4600067138672,253.77000427246097,252.3228454589844,19747000.0
2025-06-24,AVGO,258.7699890136719,265.8699951171875,258.7699890136719,263.7699890136719,262.26580810546875,32764900.0
2025-06-25,AVGO,266.0,269.8699951171875,263.42999267578125,264.6499938964844,263.14080810546875,18894200.0
2025-06-26,AVGO,265.0799865722656,271.6700134277344,264.1300048828125,270.1700134277344,268.62933349609375,23569600.0
2025-06-27,AVGO,270.29998779296875,271.8500061035156,266.8800048828125,269.3500061035156,267.81402587890625,27477600.0
2025-06-30,AVGO,274.7300109863281,277.7099914550781,272.1300048828125,275.6499938964844,274.07806396484375,24708400.0
2025-07-01,AVGO,274.3999938964844,274.5,262.6600036621094,264.739990234375,263.2302551269531,28847600.0
2025-07-02,AVGO,263.989990234375,272.0,262.7300109863281,269.8999938964844,268.3608703613281,17582100.0
2025-07-03,AVGO,270.7300109863281,275.79998779296875,270.1199951171875,275.17999267578125,273.6107482910156,10592700.0
2025-07-07,AVGO,275.1300048828125,277.55999755859375,272.6600036621094,274.17999267578125,272.6164245605469,16760600.0
2025-07-08,AVGO,276.3500061035156,276.3500061035156,271.1499938964844,271.79998779296875,270.2500305175781,14869400.0
2025-07-09,AVGO,272.9599914550781,279.45001220703125,272.7200012207031,277.8999938964844,276.31524658203125,20133000.0
2025-07-10,AVGO,279.7900085449219,281.17999267578125,272.70001220703125,275.3999938964844,273.8294982910156,17891600.0
2025-07-11,AVGO,274.1400146484375,276.4700012207031,271.8900146484375,274.3800048828125,272.8153076171875,14274700.0
2025-07-14,AVGO,274.1300048828125,278.3599853515625,269.5799865722656,275.6000061035156,274.0283508300781,11934200.0
2025-07-15,AVGO,279.80999755859375,283.3599853515625,277.8500061035156,280.94000244140625,279.337890625,17918400.0
2025-07-16,AVGO,280.1099853515625,281.510009765625,275.6700134277344,280.80999755859375,279.2086486816406,15031000.0
2025-07-17,AVGO,281.1400146484375,288.2799987792969,279.9100036621094,286.45001220703125,284.81646728515625,17231100.0
2025-07-18,AVGO,287.1099853515625,287.5299987792969,281.0,283.3399963378906,281.7242126464844,15012400.0
2025-07-21,AVGO,283.9599914550781,290.5400085449219,283.6300048828125,288.2099914550781,286.5664367675781,17726800.0
2025-07-22,AVGO,287.6499938964844,288.0,276.42999267578125,278.5899963378906,277.0013122558594,16564800.0
2025-07-23,AVGO,276.7799987792969,284.0,273.0,283.69000244140625,282.07220458984375,20556200.0
2025-07-24,AVGO,289.7900085449219,291.20001220703125,283.5,288.7099914550781,287.0635986328125,16413800.0
2025-07-25,AVGO,288.07000732421875,292.5899963378906,287.2699890136719,290.17999267578125,288.5251770019531,12476200.0
2025-07-28,AVGO,292.4599914550781,295.45001220703125,290.5899963378906,294.29998779296875,292.6217041015625,13683400.0
2025-07-29,AVGO,297.5,302.19000244140625,294.8699951171875,297.4200134277344,295.72393798828125,19210800.0
2025-07-30,AVGO,297.1499938964844,303.260009765625,295.79998779296875,302.6199951171875,300.8942565917969,16738900.0
2025-07-31,AVGO,302.79998779296875,306.95001220703125,290.2300109863281,293.70001220703125,292.025146484375,25488500.0
2025-08-01,AVGO,286.5400085449219,292.6400146484375,281.6099853515625,288.6400146484375,286.9940185546875,21428100.0
2025-08-04,AVGO,292.20001220703125,298.4800109863281,291.3999938964844,297.7200012207031,296.022216796875,17164600.0
2025-08-05,AVGO,297.80999755859375,301.20001220703125,291.45001220703125,292.92999267578125,291.2595520019531,18477500.0
2025-08-06,AVGO,292.8999938964844,302.80999755859375,291.8999938964844,301.6700134277344,299.94970703125,17392100.0
2025-08-07,AVGO,306.1700134277344,310.3399963378906,299.8800048828125,303.760009765625,302.02777099609375,16319400.0
2025-08-08,AVGO,304.04998779296875,307.8699951171875,302.54998779296875,304.9700012207031,303.23089599609375,12458700.0
2025-08-11,AVGO,305.04998779296875,308.30999755859375,301.2900085449219,303.8999938964844,302.1669921875,12396400.0
2025-08-12,AVGO,306.6300048828125,313.44000244140625,304.6700134277344,312.8299865722656,311.0460205078125,17609600.0
2025-08-13,AVGO,316.75,317.3500061035156,304.75,309.0899963378906,307.327392578125,17371200.0
2025-08-14,AVGO,307.010009765625,314.1700134277344,307.0,311.2300109863281,309.4552001953125,15717600.0
2025-08-15,AVGO,311.0299987792969,311.5,299.760009765625,306.3399963378906,304.5930480957031,22806900.0
2025-08-18,AVGO,302.70001220703125,306.1700134277344,299.0,305.760009765625,304.0163879394531,14724700.0
2025-08-19,AVGO,302.4200134277344,302.8999938964844,292.3900146484375,294.9100036621094,293.2282409667969,20149600.0
2025-08-20,AVGO,295.4599914550781,295.489990234375,281.8699951171875,291.1700134277344,289.50958251953125,23600500.0
2025-08-21,AVGO,290.05999755859375,292.3900146484375,286.1700134277344,289.6000061035156,287.9485168457031,14946300.0
2025-08-22,AVGO,291.75,300.0899963378906,289.010009765625,294.0,292.32342529296875,16301300.0
2025-08-25,AVGO,292.80999755859375,298.3999938964844,291.7099914550781,294.2300109863281,292.5521545410156,15124700.0
2025-08-26,AVGO,294.3500061035156,300.25,293.989990234375,298.010009765625,296.310546875,25689100.0
2025-08-27,AVGO,297.5299987792969,301.17999267578125,293.7799987792969,300.25,298.53778076171875,13830300.0
2025-08-28,AVGO,302.92999267578125,311.0,302.3299865722656,308.6499938964844,306.8898620605469,18907100.0
2025-08-29,AVGO,307.010009765625,307.010009765625,293.6600036621094,297.3900146484375,295.6941223144531,21610700.0
2025-09-02,AVGO,289.3399963378906,298.7099914550781,287.1700134277344,298.239990234375,296.5392761230469,19693000.0
2025-09-03,AVGO,302.2900085449219,304.45001220703125,296.3999938964844,302.3900146484375,300.66558837890625,18529400.0
2025-09-04,AVGO,305.05999755859375,308.7799987792969,302.25,306.1000061035156,304.35443115234375,31220800.0
2025-09-05,AVGO,355.7799987792969,356.3399963378906,331.4200134277344,334.8900146484375,332.9802551269531,78401600.0
2025-09-08,AVGO,342.75,354.1700134277344,341.25,345.6499938964844,343.6788635253906,43535600.0
2025-09-09,AVGO,349.54998779296875,350.9800109863281,335.8299865722656,336.6700134277344,334.7501220703125,26972300.0
2025-09-10,AVGO,351.5199890136719,372.9700012207031,350.54998779296875,369.5700073242187,367.46246337890625,51086800.0
2025-09-11,AVGO,371.1799926757813,374.2300109863281,358.760009765625,359.6300048828125,357.57916259765625,29430900.0
2025-09-12,AVGO,362.9100036621094,364.3900146484375,357.1600036621094,359.8699951171875,357.8177795410156,31949800.0
2025-09-15,AVGO,359.8699951171875,365.5,356.3399963378906,364.0899963378906,362.01373291015625,21792200.0
2025-09-16,AVGO,365.4299926757813,365.69000244140625,356.989990234375,360.0,357.94708251953125,21306500.0
2025-09-17,AVGO,358.8500061035156,359.92999267578125,341.5,346.1700134277344,344.1959228515625,45197100.0
2025-09-18,AVGO,350.0,350.70001220703125,343.7900085449219,345.3500061035156,343.380615234375,24663900.0
2025-09-19,AVGO,344.6499938964844,346.2699890136719,336.42999267578125,344.94000244140625,342.9729309082031,41240100.0
2025-09-22,AVGO,342.42999267578125,346.6700134277344,337.94000244140625,338.7900085449219,337.4351806640625,28660000.0
2025-09-23,AVGO,340.239990234375,345.2200012207031,337.0199890136719,338.94000244140625,337.5845642089844,21944100.0
2025-09-24,AVGO,339.760009765625,340.0799865722656,333.80999755859375,339.30999755859375,337.9530944824219,19677300.0
2025-09-25,AVGO,332.989990234375,338.05999755859375,327.29998779296875,336.1000061035156,334.75592041015625,21678200.0
2025-09-26,AVGO,337.42999267578125,339.0799865722656,330.5799865722656,334.5299987792969,333.19219970703125,15464700.0
2025-09-29,AVGO,336.0,341.04998779296875,327.54998779296875,327.8999938964844,326.5887145996094,21336000.0
2025-09-30,AVGO,330.1199951171875,331.04998779296875,324.6099853515625,329.9100036621094,328.5906677246094,20109500.0
2025-10-01,AVGO,328.1499938964844,337.95001220703125,324.5,333.3900146484375,332.0567626953125,21122700.0
2025-10-02,AVGO,347.6099853515625,347.6099853515625,335.25,338.17999267578125,336.82757568359375,19917600.0
2025-10-03,AVGO,341.5,344.3999938964844,335.739990234375,338.3699951171875,337.0168151855469,14749100.0
2025-10-06,AVGO,335.9200134277344,344.1300048828125,334.55999755859375,335.489990234375,334.1483459472656,18465700.0
2025-10-07,AVGO,337.0299987792969,338.1099853515625,326.5799865722656,336.4100036621094,335.0646667480469,18086700.0
2025-10-08,AVGO,333.82000732421875,346.5400085449219,332.6199951171875,345.5,344.1183166503906,21478300.0
2025-10-09,AVGO,345.75,347.30999755859375,340.3999938964844,345.0199890136719,343.6402282714844,17643700.0
2025-10-10,AVGO,345.3900146484375,350.6000061035156,324.04998779296875,324.6300048828125,323.331787109375,28941000.0
2025-10-13,AVGO,352.7699890136719,359.3800048828125,343.5199890136719,356.70001220703125,355.2735290527344,45984300.0
2025-10-14,AVGO,350.1300048828125,350.6700134277344,339.6499938964844,344.1300048828125,342.7538146972656,22078000.0
2025-10-15,AVGO,354.4700012207031,359.3999938964844,347.5,351.3299865722656,349.92498779296875,23918500.0
2025-10-16,AVGO,356.79998779296875,363.239990234375,349.489990234375,354.1499938964844,352.7337341308594,20317200.0
2025-10-17,AVGO,349.6099853515625,350.9700012207031,340.7799987792969,349.3299865722656,347.9330139160156,20937900.0
2025-10-20,AVGO,353.79998779296875,356.5899963378906,347.8399963378906,349.239990234375,347.8433532714844,15640200.0
2025-10-21,AVGO,350.0,351.1000061035156,341.30999755859375,342.6600036621094,341.2897033691406,16092600.0
2025-10-22,AVGO,347.29998779296875,348.010009765625,335.510009765625,340.29998779296875,338.9391174316406,19268800.0
2025-10-23,AVGO,340.3999938964844,346.57000732421875,340.3999938964844,344.2900085449219,342.9131774902344,12859200.0
2025-10-24,AVGO,352.510009765625,358.29998779296875,350.8800048828125,354.1300048828125,352.71380615234375,16143700.0
2025-10-27,AVGO,361.5400085449219,362.75,355.0799865722656,362.0499877929687,360.6021423339844,20065800.0
2025-10-28,AVGO,362.6199951171875,374.05999755859375,362.5299987792969,372.9700012207031,371.47845458984375,21056000.0
2025-10-29,AVGO,373.19000244140625,386.4800109863281,373.19000244140625,385.9800109863281,384.43646240234375,24975200.0
2025-10-30,AVGO,386.3999938964844,386.3999938964844,370.05999755859375,376.4700012207031,374.9644775390625,24295300.0
2025-10-31,AVGO,378.2699890136719,378.8200073242187,365.1000061035156,369.6300048828125,368.1518249511719,21598400.0
2025-11-03,AVGO,372.0,374.8500061035156,361.9800109863281,362.5499877929687,361.1001281738281,17198900.0
2025-11-04,AVGO,358.5199890136719,368.9500122070313,351.0,351.94000244140625,350.5325622558594,24047500.0
2025-11-05,AVGO,350.8900146484375,364.8699951171875,350.0899963378906,358.9800109863281,357.54443359375,17087600.0
2025-11-06,AVGO,360.1099853515625,363.5,352.7099914550781,355.5899963378906,354.16796875,19896900.0
2025-11-07,AVGO,354.19000244140625,354.5,337.2699890136719,349.42999267578125,348.0325927734375,21903200.0
2025-11-10,AVGO,357.8999938964844,360.0,354.6099853515625,358.3900146484375,356.9568176269531,16409000.0
2025-11-11,AVGO,358.9700012207031,361.8900146484375,349.6700134277344,351.9599914550781,350.552490234375,16446800.0
2025-11-12,AVGO,358.0400085449219,358.8699951171875,351.67999267578125,355.2200012207031,353.7994689941406,12190500.0
2025-11-13,AVGO,351.5799865722656,353.54998779296875,334.1600036621094,339.9800109863281,338.62042236328125,22616600.0
2025-11-14,AVGO,331.4700012207031,344.739990234375,329.05999755859375,342.4599914550781,341.0904541015625,18500800.0
2025-11-17,AVGO,339.82000732421875,352.20001220703125,337.5199890136719,342.6499938964844,341.27972412109375,14799600.0
2025-11-18,AVGO,343.20001220703125,347.9700012207031,335.510009765625,340.5,339.1383056640625,21726800.0
2025-11-19,AVGO,340.7099914550781,359.69000244140625,337.79998779296875,354.4200134277344,353.0026550292969,21851900.0
2025-11-20,AVGO,366.0,376.0799865722656,345.17999267578125,346.82000732421875,345.4330749511719,28867000.0
2025-11-21,AVGO,345.1600036621094,348.6000061035156,331.79998779296875,340.20001220703125,338.83953857421875,30280300.0
2025-11-24,AVGO,347.7300109863281,382.0,347.6600036621094,377.9599914550781,376.4485168457031,47262400.0
2025-11-25,AVGO,384.9299926757813,388.1300048828125,371.75,385.0299987792969,383.4902648925781,33507600.0
2025-11-26,AVGO,385.5499877929687,399.8699951171875,383.260009765625,397.5700073242187,395.9801025390625,28693000.0
2025-11-28,AVGO,399.3500061035156,403.0,397.1600036621094,402.9599914550781,401.3485412597656,13365500.0
2025-12-01,AVGO,394.8500061035156,395.4200134277344,385.1000061035156,386.0799865722656,384.5360412597656,23252000.0
2025-12-02,AVGO,388.30999755859375,393.5,379.7900085449219,381.5700073242187,380.0440979003906,22207000.0
2025-12-03,AVGO,380.0,382.2999877929687,370.6499938964844,380.6099853515625,379.087890625,21336400.0
2025-12-04,AVGO,380.6799926757813,383.8900146484375,376.5299987792969,381.0299987792969,379.5062561035156,15845900.0
2025-12-05,AVGO,386.1700134277344,393.5299987792969,385.1499938964844,390.239990234375,388.6794128417969,24779900.0
2025-12-08,AVGO,402.4800109863281,407.2900085449219,397.3999938964844,401.1000061035156,399.4960021972656,30410600.0
2025-12-09,AVGO,398.75,406.9299926757813,395.510009765625,406.2900085449219,404.6652221679687,24546000.0
2025-12-10,AVGO,402.2000122070313,414.6099853515625,399.55999755859375,412.9700012207031,411.3185119628906,31531000.0
2025-12-11,AVGO,404.8299865722656,409.2999877929687,394.19000244140625,406.3699951171875,404.7449035644531,45681600.0
2025-12-12,AVGO,379.9599914550781,382.0,355.1499938964844,359.92999267578125,358.4906005859375,95588500.0
2025-12-15,AVGO,361.8900146484375,362.0,337.510009765625,339.80999755859375,338.4510803222656,65894900.0
2025-12-16,AVGO,336.0199890136719,347.5,335.05999755859375,341.29998779296875,339.93511962890625,58061100.0
2025-12-17,AVGO,346.6099853515625,346.6099853515625,321.4200134277344,326.0199890136719,324.7162170410156,73300900.0
2025-12-18,AVGO,336.0,336.0299987792969,323.6300048828125,329.8800048828125,328.5608215332031,54501900.0
2025-12-19,AVGO,333.3399963378906,343.45001220703125,332.5799865722656,340.3599853515625,338.9988708496094,159095200.0
2025-12-22,AVGO,346.0299987792969,346.239990234375,337.2200012207031,341.45001220703125,340.7352600097656,28739600.0
2025-12-23,AVGO,340.80999755859375,350.1099853515625,338.5400085449219,349.32000732421875,348.5887756347656,28232600.0
2025-12-24,AVGO,350.69000244140625,352.8599853515625,347.1400146484375,350.2200012207031,349.48687744140625,11424400.0
2025-12-26,AVGO,351.05999755859375,353.25,347.75,352.1300048828125,351.39288330078125,15028100.0
2025-12-29,AVGO,348.7200012207031,350.3299865722656,344.69000244140625,349.3900146484375,348.65863037109375,21946900.0
2025-12-30,AVGO,349.9700012207031,352.67999267578125,349.29998779296875,349.8500061035156,349.1176452636719,16633600.0
2025-12-31,AVGO,349.7300109863281,349.8800048828125,345.4200134277344,346.1000061035156,345.3755187988281,15346100.0
2026-01-02,AVGO,352.7799987792969,360.6600036621094,345.55999755859375,347.6199951171875,346.8923034667969,25398600.0
2026-01-05,AVGO,354.739990234375,355.0299987792969,336.5,343.4200134277344,342.7011413574219,31136000.0
2026-01-06,AVGO,343.6000061035156,349.04998779296875,338.0,343.7699890136719,343.0503845214844,27135500.0
2026-01-07,AVGO,341.70001220703125,349.70001220703125,335.8800048828125,343.5,342.78094482421875,20249300.0
2026-01-08,AVGO,342.7799987792969,343.67999267578125,330.5,332.4800109863281,331.7840270996094,24385200.0
2026-01-09,AVGO,337.9200134277344,347.3900146484375,333.5,344.9700012207031,344.24786376953125,22482500.0
2026-01-12,AVGO,340.95001220703125,353.8999938964844,340.95001220703125,352.2099914550781,351.47271728515625,20949600.0
2026-01-13,AVGO,352.8800048828125,359.489990234375,350.9100036621094,354.6099853515625,353.86767578125,18308000.0
2026-01-14,AVGO,348.9700012207031,350.69000244140625,334.4200134277344,339.8900146484375,339.17852783203125,30094700.0
2026-01-15,AVGO,349.1199951171875,349.67999267578125,341.6700134277344,343.0199890136719,342.30194091796875,22218800.0
2026-01-16,AVGO,346.2699890136719,354.510009765625,344.04998779296875,351.7099914550781,350.9737548828125,31291200.0
2026-01-20,AVGO,344.1000061035156,345.3999938964844,331.79998779296875,332.6000061035156,331.9037780761719,32293900.0
2026-01-21,AVGO,335.510009765625,335.79998779296875,324.20001220703125,328.79998779296875,328.1116943359375,32006600.0
2026-01-22,AVGO,335.3500061035156,336.989990234375,324.8900146484375,325.489990234375,324.8086242675781,24275400.0
2026-01-23,AVGO,319.29998779296875,321.989990234375,314.1099853515625,320.04998779296875,319.3800354003906,30259500.0
2026-01-26,AVGO,319.79998779296875,328.67999267578125,317.6000061035156,324.8500061035156,324.16998291015625,25006400.0
2026-01-27,AVGO,329.760009765625,334.760009765625,327.0199890136719,332.7900085449219,332.0933837890625,25537600.0
2026-01-28,AVGO,338.8500061035156,339.989990234375,326.70001220703125,333.239990234375,332.54241943359375,23001700.0
2026-01-29,AVGO,332.55999755859375,335.95001220703125,320.2799987792969,330.7300109863281,330.0376892089844,20447500.0
2026-01-30,AVGO,332.44000244140625,338.20001220703125,328.3299865722656,331.29998779296875,330.6064758300781,28313000.0
2026-02-02,AVGO,326.1099853515625,336.05999755859375,325.75,331.1099853515625,330.4168701171875,17278200.0
2026-02-03,AVGO,336.739990234375,338.8999938964844,308.6499938964844,320.3299865722656,319.659423828125,36914800.0
2026-02-04,AVGO,319.510009765625,319.510009765625,295.29998779296875,308.04998779296875,307.4051513671875,43330300.0
2026-02-05,AVGO,314.3399963378906,326.5299987792969,306.70001220703125,310.510009765625,309.8600158691406,42775800.0
2026-02-06,AVGO,320.1000061035156,335.0,316.29998779296875,332.9200134277344,332.2231140136719,33003400.0
2026-02-09,AVGO,330.7699890136719,352.3399963378906,330.6499938964844,343.94000244140625,343.22003173828125,30091000.0
2026-02-10,AVGO,347.4700012207031,348.010009765625,339.8399963378906,340.44000244140625,339.72735595703125,19542700.0
2026-02-11,AVGO,346.79998779296875,347.20001220703125,333.739990234375,342.760009765625,342.0425109863281,17004700.0
2026-02-12,AVGO,343.8299865722656,346.2900085449219,329.55999755859375,331.1700134277344,330.4767761230469,22007300.0
2026-02-13,AVGO,329.8500061035156,334.32000732421875,324.69000244140625,325.1700134277344,324.48931884765625,18397200.0
2026-02-17,AVGO,319.67999267578125,335.75,316.30999755859375,332.5400085449219,331.8439025878906,23469700.0
2026-02-18,AVGO,329.5199890136719,337.8800048828125,327.2300109863281,333.510009765625,332.8118591308594,13565300.0
2026-02-19,AVGO,333.010009765625,338.44000244140625,329.67999267578125,333.989990234375,333.29083251953125,15180900.0
2026-02-20,AVGO,332.3599853515625,340.1099853515625,329.5799865722656,332.6499938964844,331.9536437988281,17658900.0
2026-02-23,AVGO,332.25,338.5,325.32000732421875,330.3399963378906,329.64849853515625,16472400.0
2026-02-24,AVGO,322.5400085449219,328.30999755859375,314.45001220703125,325.489990234375,324.8086242675781,23614400.0
2026-02-25,AVGO,330.739990234375,335.9100036621094,329.2799987792969,332.30999755859375,331.6143798828125,20182300.0
2026-02-26,AVGO,326.5,326.5799865722656,307.92999267578125,321.70001220703125,321.0265808105469,33025300.0
2026-02-27,AVGO,310.70001220703125,320.0,310.0,319.54998779296875,318.8810729980469,28004200.0
2026-03-02,AVGO,309.3599853515625,320.0400085449219,307.20001220703125,318.82000732421875,318.1526184082031,20567200.0
2026-03-03,AVGO,313.0,315.8800048828125,307.3999938964844,313.8399963378906,313.18304443359375,20826200.0
2026-03-04,AVGO,315.67999267578125,322.6400146484375,311.739990234375,317.5299987792969,316.86529541015625,34895800.0
2026-03-05,AVGO,330.17999267578125,336.1199951171875,323.0299987792969,332.7699890136719,332.0733947753906,57076600.0
2026-03-06,AVGO,328.2799987792969,343.510009765625,327.3999938964844,330.4800109863281,329.7882080078125,39152200.0
2026-03-09,AVGO,327.25,348.489990234375,323.6099853515625,345.75,345.0262451171875,40605800.0
2026-03-10,AVGO,348.7300109863281,353.1400146484375,340.79998779296875,342.5799865722656,341.86285400390625,29531700.0
2026-03-11,AVGO,342.5899963378906,345.80999755859375,338.2200012207031,341.57000732421875,340.85498046875,20104100.0
2026-03-12,AVGO,337.739990234375,339.8299865722656,332.20001220703125,335.9700012207031,335.2667236328125,21982700.0
2026-03-13,AVGO,337.67999267578125,338.32000732421875,321.42999267578125,322.1600036621094,321.4856262207031,34725000.0
2026-03-16,AVGO,326.0199890136719,329.20001220703125,320.05999755859375,324.9200134277344,324.2398681640625,31363100.0
2026-03-17,AVGO,325.760009765625,327.44000244140625,317.25,321.30999755859375,320.63739013671875,38026500.0
2026-03-18,AVGO,320.42999267578125,325.44000244140625,315.54998779296875,315.92999267578125,315.2686462402344,25460600.0
2026-03-19,AVGO,312.4700012207031,323.2699890136719,308.510009765625,319.8399963378906,319.17047119140625,23524800.0
2026-03-20,AVGO,320.1199951171875,321.510009765625,309.9200134277344,310.510009765625,309.8600158691406,43325900.0
2026-03-23,AVGO,318.0,326.4800109863281,314.92999267578125,322.510009765625,322.510009765625,27369200.0
2026-03-24,AVGO,320.0,324.3999938964844,314.8399963378906,318.2900085449219,318.2900085449219,19799000.0
2026-03-25,AVGO,322.5899963378906,324.29998779296875,316.7200012207031,318.80999755859375,318.80999755859375,19900000.0
2026-03-26,AVGO,314.0199890136719,316.9200134277344,309.1700134277344,309.4200134277344,309.4200134277344,20343700.0
2026-03-27,AVGO,307.05999755859375,307.5,298.8699951171875,300.67999267578125,300.67999267578125,23593900.0
2026-03-30,AVGO,300.8699951171875,304.7699890136719,289.9599914550781,293.4100036621094,293.4100036621094,28054500.0
2026-03-31,AVGO,299.3900146484375,310.30999755859375,296.3399963378906,309.510009765625,309.510009765625,29289500.0
2026-04-01,AVGO,313.3699951171875,315.7900085449219,310.4800109863281,313.489990234375,313.489990234375,19171000.0
2026-04-02,AVGO,304.489990234375,314.69000244140625,301.75,314.54998779296875,314.54998779296875,14021100.0
2026-04-06,AVGO,315.05999755859375,316.3999938964844,310.2799987792969,314.42999267578125,314.42999267578125,12111300.0
2026-04-07,AVGO,326.7300109863281,334.1499938964844,321.79998779296875,333.9700012207031,333.9700012207031,33310900.0
2026-04-08,AVGO,351.75,354.1400146484375,342.5299987792969,350.6300048828125,350.6300048828125,31573100.0
2026-04-09,AVGO,352.29998779296875,358.70001220703125,351.5,354.9100036621094,354.9100036621094,20514900.0
2026-04-10,AVGO,360.94000244140625,376.5499877929687,360.8200073242187,371.5499877929687,371.5499877929687,29958100.0
2026-04-13,AVGO,369.6600036621094,380.8599853515625,369.4800109863281,379.75,379.75,24115800.0
2026-04-14,AVGO,377.8999938964844,382.2799987792969,376.3200073242187,380.7799987792969,380.7799987792969,24423000.0
2026-04-15,AVGO,389.8800048828125,397.0799865722656,385.5700073242187,396.7200012207031,396.7200012207031,29559300.0
2026-04-16,AVGO,395.0,399.6799926757813,392.3500061035156,398.4700012207031,398.4700012207031,18872900.0
2026-04-17,AVGO,400.8999938964844,406.7300109863281,399.80999755859375,406.5400085449219,406.5400085449219,20581700.0
2026-04-20,AVGO,405.7000122070313,406.4200134277344,395.8999938964844,399.6300048828125,399.6300048828125,16922000.0
2026-04-21,AVGO,399.4100036621094,403.6000061035156,394.5700073242187,402.1700134277344,402.1700134277344,16275500.0
2026-04-22,AVGO,406.9800109863281,423.2000122070313,404.8599853515625,422.6499938964844,422.6499938964844,23702500.0
2026-04-23,AVGO,422.3900146484375,429.30999755859375,417.7999877929687,419.94000244140625,419.94000244140625,19501600.0
2026-04-24,AVGO,424.9800109863281,425.0,408.8599853515625,422.760009765625,422.760009765625,22491100.0
2026-04-27,AVGO,420.4800109863281,422.75,414.6300048828125,418.2000122070313,418.2000122070313,17451600.0
2026-04-28,AVGO,400.30999755859375,405.80999755859375,394.6499938964844,399.8299865722656,399.8299865722656,25519200.0
2026-04-29,AVGO,403.5,405.6400146484375,396.7799987792969,405.4500122070313,405.4500122070313,15962500.0
2026-04-30,AVGO,415.5199890136719,418.3800048828125,404.2300109863281,417.4299926757813,417.4299926757813,21821600.0
2026-05-01,AVGO,415.0899963378906,423.1700134277344,413.2799987792969,421.2799987792969,421.2799987792969,11882600.0
2026-05-04,AVGO,418.2200012207031,423.8299865722656,409.5299987792969,416.5,416.5,15140400.0
2026-05-05,AVGO,421.6600036621094,433.3900146484375,419.3500061035156,427.3599853515625,427.3599853515625,21175200.0
2026-05-06,AVGO,435.55999755859375,437.6799926757813,417.7799987792969,425.44000244140625,425.44000244140625,20707000.0
2026-05-07,AVGO,421.8200073242187,426.489990234375,406.2999877929687,412.55999755859375,412.55999755859375,22791700.0
2026-05-08,AVGO,419.7999877929687,435.0,414.0,430.0,430.0,22561400.0
2026-05-11,AVGO,427.6199951171875,433.6499938964844,425.0499877929687,428.4299926757813,428.4299926757813,16825500.0
2026-05-12,AVGO,423.4299926757813,429.3399963378906,408.4100036621094,419.2999877929687,419.2999877929687,19004300.0
2026-05-13,AVGO,415.80999755859375,418.6300048828125,404.7999877929687,416.7900085449219,416.7900085449219,16981200.0
2026-05-14,AVGO,416.7300109863281,442.3599853515625,415.5899963378906,439.7900085449219,439.7900085449219,19733800.0
2026-05-15,AVGO,432.80999755859375,432.80999755859375,419.7999877929687,425.19000244140625,425.19000244140625,18957100.0
2026-05-18,AVGO,421.4100036621094,422.010009765625,414.3699951171875,420.7099914550781,420.7099914550781,17863300.0
2026-05-19,AVGO,409.8200073242187,417.9500122070313,405.8599853515625,411.0700073242187,411.0700073242187,20652100.0
2026-05-20,AVGO,412.80999755859375,424.1700134277344,411.4200134277344,417.760009765625,417.760009765625,16312600.0
2026-05-21,AVGO,413.5499877929687,422.25,410.5,414.5700073242187,414.5700073242187,16865300.0
2026-05-22,AVGO,417.489990234375,419.989990234375,410.2099914550781,414.1400146484375,414.1400146484375,14062100.0
2023-12-07,MU,74.0199966430664,74.20999908447266,72.98999786376953,73.6500015258789,72.96875762939453,10641300.0
2023-12-08,MU,73.4800033569336,75.3499984741211,73.43000030517578,74.95999908447266,74.26663208007812,12007100.0
2023-12-11,MU,77.19000244140625,78.51000213623047,76.97000122070312,77.79000091552734,77.07046508789062,18547600.0
2023-12-12,MU,77.41999816894531,78.26000213623047,77.0999984741211,78.16000366210938,77.43705749511719,10262100.0
2023-12-13,MU,78.30000305175781,80.2699966430664,78.02999877929688,79.79000091552734,79.05196380615234,11629900.0
2023-12-14,MU,80.80999755859375,82.4000015258789,80.79000091552734,82.19000244140625,81.42976379394531,17342800.0
2023-12-15,MU,82.88999938964844,82.98999786376953,81.11000061035156,81.41000366210938,80.656982421875,19547800.0
2023-12-18,MU,81.58999633789062,81.86000061035156,80.80999755859375,81.55999755859375,80.80558013916016,12416600.0
2023-12-19,MU,81.66999816894531,82.2699966430664,81.16999816894531,82.16999816894531,81.40994262695312,14316400.0
2023-12-20,MU,81.45999908447266,81.62000274658203,78.62999725341797,78.69000244140625,77.9621353149414,29085000.0
2023-12-21,MU,85.0,86.0199966430664,83.11000061035156,85.4800033569336,84.6893310546875,53969700.0
2023-12-22,MU,86.1500015258789,87.48999786376953,85.62000274658203,86.48999786376953,85.68998718261719,22531800.0
2023-12-26,MU,86.69999694824219,87.87000274658203,86.43000030517578,87.05999755859375,86.25470733642578,11203900.0
2023-12-27,MU,87.4800033569336,87.48999786376953,86.22000122070312,86.66000366210938,85.85841369628906,9186300.0
2023-12-28,MU,86.75,86.75,85.83999633789062,86.0,85.20451354980469,9606200.0
2023-12-29,MU,85.83999633789062,86.13999938964844,85.02999877929688,85.33999633789062,84.66382598876953,8549200.0
2024-01-02,MU,84.0,84.08000183105469,81.75,82.33999633789062,81.6875991821289,13597100.0
2024-01-03,MU,81.19999694824219,82.58999633789062,80.58000183105469,82.26000213623047,81.60823059082031,12915600.0
2024-01-04,MU,83.47000122070312,84.26000213623047,82.61000061035156,82.70999908447266,82.05467987060547,19134200.0
2024-01-05,MU,81.4800033569336,83.52999877929688,81.01000213623047,83.44999694824219,82.7887954711914,15483700.0
2024-01-08,MU,83.88999938964844,85.51000213623047,83.83000183105469,84.94999694824219,84.27693176269531,16219800.0
2024-01-09,MU,83.12999725341797,84.19000244140625,82.9000015258789,83.33000183105469,82.66976928710938,12138700.0
2024-01-10,MU,82.95999908447266,83.0199966430664,81.66000366210938,82.37999725341797,81.727294921875,10748600.0
2024-01-11,MU,82.80000305175781,83.44999694824219,81.81999969482422,83.38999938964844,82.72927856445312,10579300.0
2024-01-12,MU,82.75,83.05000305175781,81.70999908447266,82.38999938964844,81.7372055053711,10187500.0
2024-01-16,MU,82.54000091552734,85.22000122070312,82.33000183105469,84.61000061035156,83.93961334228516,13713500.0
2024-01-17,MU,83.69000244140625,83.97000122070312,82.62999725341797,83.27999877929688,82.62015533447266,10245400.0
2024-01-18,MU,85.22000122070312,85.81999969482422,84.04000091552734,84.81999969482422,84.14796447753906,15077700.0
2024-01-19,MU,86.05999755859375,87.79000091552734,85.62000274658203,87.51000213623047,86.81663513183594,18156800.0
2024-01-22,MU,88.2699966430664,89.94999694824219,88.01000213623047,89.23999786376953,88.5329360961914,14371200.0
2024-01-23,MU,89.0,89.18000030517578,86.87999725341797,87.52999877929688,86.83647918701172,16850900.0
2024-01-24,MU,88.41000366210938,88.56999969482422,86.61000061035156,88.08000183105469,87.38214111328125,19752800.0
2024-01-25,MU,89.1500015258789,90.04000091552734,88.5,89.19999694824219,88.49325561523438,15892400.0
2024-01-26,MU,87.23999786376953,88.5,86.29000091552734,88.05000305175781,87.35237121582031,14934500.0
2024-01-29,MU,88.5,89.56999969482422,88.0199966430664,89.06999969482422,88.3642807006836,12108100.0
2024-01-30,MU,88.08000183105469,88.79000091552734,85.76000213623047,86.16000366210938,85.47734832763672,12980400.0
2024-01-31,MU,84.95999908447266,86.91999816894531,84.79000091552734,85.75,85.07058715820312,11396700.0
2024-02-01,MU,86.06999969482422,86.19000244140625,84.62000274658203,85.61000061035156,84.93168640136719,10459000.0
2024-02-02,MU,85.06999969482422,86.61000061035156,84.94000244140625,86.4800033569336,85.79480743408203,10450000.0
2024-02-05,MU,86.73999786376953,87.22000122070312,85.61000061035156,86.9800033569336,86.29085540771484,8409300.0
2024-02-06,MU,86.83000183105469,87.19000244140625,83.72000122070312,84.5999984741211,83.92970275878906,12990300.0
2024-02-07,MU,84.13999938964844,85.27999877929688,82.47000122070312,85.16999816894531,84.49518585205078,16374800.0
2024-02-08,MU,85.51000213623047,86.02999877929688,84.52999877929688,84.87999725341797,84.20747375488281,12524500.0
2024-02-09,MU,85.05999755859375,85.62000274658203,83.95999908447266,85.55999755859375,84.88209533691406,12161500.0
2024-02-12,MU,85.52999877929688,86.91000366210938,85.38999938964844,85.69999694824219,85.02098083496094,10366000.0
2024-02-13,MU,82.47000122070312,83.55000305175781,80.7699966430664,81.52999877929688,80.88402557373047,21207900.0
2024-02-14,MU,82.18000030517578,83.18000030517578,81.48999786376953,81.83000183105469,81.18164825439453,12870900.0
2024-02-15,MU,82.23999786376953,82.70999908447266,81.51000213623047,81.62999725341797,80.98322296142578,11527600.0
2024-02-16,MU,80.95999908447266,81.33999633789062,79.25,79.5,78.87010192871094,15553100.0
2024-02-20,MU,79.33000183105469,80.7699966430664,79.1500015258789,80.70999908447266,80.07052612304688,12627200.0
2024-02-21,MU,80.79000091552734,81.5,79.94000244140625,81.48999786376953,80.84434509277344,9913300.0
2024-02-22,MU,85.0,86.30999755859375,83.87999725341797,85.91000366210938,85.22933959960938,17510900.0
2024-02-23,MU,86.55000305175781,86.81999969482422,85.05000305175781,86.0,85.318603515625,10232800.0
2024-02-26,MU,89.68000030517578,92.3499984741211,88.9000015258789,89.45999908447266,88.75119018554688,28920100.0
2024-02-27,MU,91.88999938964844,92.75,90.48999786376952,91.8499984741211,91.12224578857422,21422700.0
2024-02-28,MU,90.45999908447266,90.79000091552734,89.30000305175781,89.70999908447266,88.99922180175781,14190700.0
2024-02-29,MU,90.6500015258789,90.83000183105467,88.81999969482422,90.61000061035156,89.89208221435547,17027000.0
2024-03-01,MU,91.91999816894533,96.05999755859376,91.91999816894533,95.1500015258789,94.39611053466795,23446200.0
2024-03-04,MU,96.93000030517578,97.37999725341795,94.62000274658205,95.7699966430664,95.01119232177734,20913200.0
2024-03-05,MU,94.25,95.37000274658205,93.27999877929688,94.47000122070312,93.72150421142578,12887500.0
2024-03-06,MU,95.0500030517578,96.43000030517578,94.55999755859376,95.55999755859376,94.80286407470705,14232400.0
2024-03-07,MU,98.93000030517578,99.69000244140624,97.47000122070312,98.9800033569336,98.19577026367188,24843300.0
2024-03-08,MU,99.87999725341795,101.8499984741211,97.31999969482422,97.62000274658205,96.84654998779295,22379000.0
2024-03-11,MU,95.9000015258789,96.45999908447266,93.52999877929688,94.51000213623048,93.7611846923828,15673300.0
2024-03-12,MU,95.33000183105467,97.5,93.63999938964844,97.41999816894533,96.64812469482422,14993700.0
2024-03-13,MU,95.31999969482422,95.33999633789062,93.0999984741211,94.16000366210938,93.41395568847656,16732600.0
2024-03-14,MU,93.3000030517578,93.4499969482422,90.3000030517578,91.43000030517578,90.70559692382812,16718900.0
2024-03-15,MU,92.4800033569336,94.6999969482422,92.0199966430664,93.25,92.51116943359376,29579500.0
2024-03-18,MU,96.81999969482422,97.08000183105467,93.69000244140624,93.77999877929688,93.0369644165039,23140300.0
2024-03-19,MU,92.58000183105467,94.16000366210938,91.0,94.0,93.2552261352539,21054700.0
2024-03-20,MU,94.98999786376952,96.68000030517578,93.58999633789062,96.25,95.48741149902344,39807400.0
2024-03-21,MU,113.37000274658205,113.5,108.77999877929688,109.8499984741211,108.97965240478516,89554100.0
2024-03-22,MU,109.30999755859376,111.33999633789062,107.0500030517578,110.20999908447266,109.3367919921875,37281400.0
2024-03-25,MU,110.23999786376952,121.41000366210938,110.16000366210938,117.12999725341795,116.20195770263672,55766100.0
2024-03-26,MU,119.0,122.45999908447266,118.16999816894533,118.8000030517578,117.85873413085938,44295100.0
2024-03-27,MU,119.3000030517578,120.11000061035156,117.08000183105467,119.25,118.30516815185548,29320700.0
2024-03-28,MU,119.44000244140624,119.62999725341795,117.3499984741211,117.88999938964844,117.06883239746094,21047800.0
2024-04-01,MU,119.1999969482422,127.37999725341795,119.0,124.3000030517578,123.4342041015625,44309400.0
2024-04-02,MU,122.70999908447266,123.68000030517578,120.91999816894533,122.75,121.89498138427734,25026400.0
2024-04-03,MU,122.1999969482422,128.27999877929688,121.33000183105467,128.00999450683594,127.11833190917967,40130100.0
2024-04-04,MU,130.17999267578125,130.5399932861328,123.6500015258789,124.08999633789062,123.22564697265624,36009900.0
2024-04-05,MU,124.4000015258789,125.69000244140624,121.1999969482422,123.58000183105467,122.71920013427734,23326500.0
2024-04-08,MU,129.05999755859375,129.6999969482422,122.61000061035156,122.9499969482422,122.09358215332033,27955800.0
2024-04-09,MU,124.88999938964844,126.13999938964844,121.2699966430664,122.62999725341795,121.77581787109376,19212900.0
2024-04-10,MU,120.0,124.4800033569336,119.93000030517578,122.1999969482422,121.34882354736328,22242300.0
2024-04-11,MU,122.9000015258789,127.55999755859376,122.08000183105467,127.51000213623048,126.621826171875,21745300.0
2024-04-12,MU,125.25,125.98999786376952,121.83000183105467,122.5199966430664,121.66658020019533,24808200.0
2024-04-15,MU,123.62999725341795,124.77999877929688,120.61000061035156,121.37000274658205,120.52459716796876,17732600.0
2024-04-16,MU,119.52999877929688,122.5500030517578,118.36000061035156,121.7699966430664,120.92181396484376,17452400.0
2024-04-17,MU,122.0199966430664,124.41999816894533,116.1999969482422,116.33000183105467,115.51971435546876,25546500.0
2024-04-18,MU,116.0,117.62000274658205,111.4800033569336,111.93000030517578,111.15036010742188,32146900.0
2024-04-19,MU,109.66000366210938,110.87999725341795,105.72000122070312,106.7699966430664,106.02628326416016,33787500.0
2024-04-22,MU,107.5999984741211,110.2300033569336,106.62999725341795,109.12000274658205,108.35992431640624,19820900.0
2024-04-23,MU,109.70999908447266,112.88999938964844,108.91000366210938,112.45999908447266,111.6766586303711,17887500.0
2024-04-24,MU,112.72000122070312,113.9499969482422,109.2300033569336,111.77999877929688,111.00139617919922,20505900.0
2024-04-25,MU,109.37000274658205,113.05999755859376,108.06999969482422,111.58000183105467,110.80279541015624,18342800.0
2024-04-26,MU,112.0,115.05999755859376,111.5999984741211,114.83999633789062,114.04007720947266,20630700.0
2024-04-29,MU,113.80999755859376,114.75,112.11000061035156,114.36000061035156,113.56342315673828,14419100.0
2024-04-30,MU,114.18000030517578,116.27999877929688,112.93000030517578,112.95999908447266,112.17317199707033,14845600.0
2024-05-01,MU,110.5199966430664,113.7300033569336,108.75,109.6999969482422,108.93588256835938,16686200.0
2024-05-02,MU,111.73999786376952,112.41000366210938,109.43000030517578,112.33000183105467,111.5475616455078,15439200.0
2024-05-03,MU,115.02999877929688,115.4800033569336,113.4499969482422,114.6999969482422,113.90105438232422,15564400.0
2024-05-06,MU,119.77999877929688,121.37000274658205,118.0199966430664,120.12999725341795,119.29322052001952,22538700.0
2024-05-07,MU,120.1500015258789,121.41000366210938,119.18000030517578,119.20999908447266,118.379638671875,12508300.0
2024-05-08,MU,118.3000030517578,120.47000122070312,118.22000122070312,119.31999969482422,118.48887634277344,10867900.0
2024-05-09,MU,119.31999969482422,119.62999725341795,117.44000244140624,117.80999755859376,116.98938751220705,11524800.0
2024-05-10,MU,120.04000091552734,121.8499984741211,119.18000030517578,121.23999786376952,120.39550018310548,13922400.0
2024-05-13,MU,122.93000030517578,124.11000061035156,121.6500015258789,123.0,122.14324951171876,16643200.0
2024-05-14,MU,122.98999786376952,125.04000091552734,121.66999816894533,124.80999755859376,123.94063568115234,13887700.0
2024-05-15,MU,126.2300033569336,127.9499969482422,125.44000244140624,127.80999755859376,126.91973876953124,14265100.0
2024-05-16,MU,127.93000030517578,130.1300048828125,127.0500030517578,127.88999938964844,126.99917602539062,15874700.0
2024-05-17,MU,128.36000061035156,129.02999877929688,124.86000061035156,125.29000091552734,124.41728973388672,13774700.0
2024-05-20,MU,127.12999725341795,131.02000427246094,126.63999938964844,129.0,128.1014404296875,19123200.0
2024-05-21,MU,124.1999969482422,128.82000732421875,123.27999877929688,127.5,126.61188507080078,15717800.0
2024-05-22,MU,127.79000091552734,127.87000274658205,125.23999786376952,126.27999877929688,125.40038299560548,11190100.0
2024-05-23,MU,131.77000427246094,131.9499969482422,124.66000366210938,126.2699966430664,125.39045715332033,20747400.0
2024-05-24,MU,127.81999969482422,130.39999389648438,126.5999984741211,129.49000549316406,128.58802795410156,14048900.0
2024-05-28,MU,131.75999450683594,133.3000030517578,129.27000427246094,132.6699981689453,131.7458953857422,14143000.0
2024-05-29,MU,130.0,133.10000610351562,129.89999389648438,131.5800018310547,130.66348266601562,11242500.0
2024-05-30,MU,130.3000030517578,131.6699981689453,125.6999969482422,126.29000091552734,125.41033172607422,12639700.0
2024-05-31,MU,126.3499984741211,127.31999969482422,121.01000213623048,125.0,124.12931060791016,24153800.0
2024-06-03,MU,128.1300048828125,128.83999633789062,125.1500015258789,128.1699981689453,127.27722930908205,16134300.0
2024-06-04,MU,127.3499984741211,127.86000061035156,125.41999816894533,126.63999938964844,125.75788116455078,12995500.0
2024-06-05,MU,128.8000030517578,133.8699951171875,127.6500015258789,133.7100067138672,132.77865600585938,22301800.0
2024-06-06,MU,133.83999633789062,134.1300048828125,129.17999267578125,130.07000732421875,129.1640167236328,15505000.0
2024-06-07,MU,130.2100067138672,132.5399932861328,129.6199951171875,130.94000244140625,130.0279541015625,12139500.0
2024-06-10,MU,129.7100067138672,135.6699981689453,129.7100067138672,134.82000732421875,133.88092041015625,14652100.0
2024-06-11,MU,135.32000732421875,135.85000610351562,131.77999877929688,135.07000732421875,134.12916564941406,14125000.0
2024-06-12,MU,138.50999450683594,141.7100067138672,136.8300018310547,140.75,139.76959228515625,16973600.0
2024-06-13,MU,142.7899932861328,144.22000122070312,140.25999450683594,143.13999938964844,142.14295959472656,16312900.0
2024-06-14,MU,141.8000030517578,142.49000549316406,139.64999389648438,141.36000061035156,140.3753662109375,14028500.0
2024-06-17,MU,145.5800018310547,148.75,142.13999938964844,147.8300018310547,146.80027770996094,23909000.0
2024-06-18,MU,151.74000549316406,157.5399932861328,151.50999450683594,153.4499969482422,152.3811492919922,42192600.0
2024-06-20,MU,157.00999450683594,157.41000366210938,142.91000366210938,144.19000244140625,143.1856231689453,41285000.0
2024-06-21,MU,137.64999389648438,142.60000610351562,135.6999969482422,139.5399932861328,138.5679931640625,49893500.0
2024-06-24,MU,142.44000244140625,142.8300018310547,137.88999938964844,139.00999450683594,138.04171752929688,32410100.0
2024-06-25,MU,140.07000732421875,141.1300048828125,137.75,141.1199951171875,140.13699340820312,31160600.0
2024-06-26,MU,143.0399932861328,144.07000732421875,139.5399932861328,142.36000061035156,141.36837768554688,55490300.0
2024-06-27,MU,135.7899932861328,137.38999938964844,131.0800018310547,132.22999572753906,131.30894470214844,68172700.0
2024-06-28,MU,132.82000732421875,135.4199981689453,130.75,131.52999877929688,130.61383056640625,38140600.0
2024-07-01,MU,130.5,132.0800018310547,127.2699966430664,131.52000427246094,130.60389709472656,24749000.0
2024-07-02,MU,129.91000366210938,132.7100067138672,129.4199981689453,132.58999633789062,131.6664581298828,20776000.0
2024-07-03,MU,132.66000366210938,136.82000732421875,132.42999267578125,136.82000732421875,135.8669891357422,14507100.0
2024-07-05,MU,136.82000732421875,137.1300048828125,130.91000366210938,131.60000610351562,130.68333435058594,30104600.0
2024-07-08,MU,131.2899932861328,133.27000427246094,130.08999633789062,130.69000244140625,129.89317321777344,20500700.0
2024-07-09,MU,131.75,135.2100067138672,130.8800048828125,131.13999938964844,130.34043884277344,21850900.0
2024-07-10,MU,133.10000610351562,136.5,132.6999969482422,136.38999938964844,135.5584259033203,22460200.0
2024-07-11,MU,136.36000061035156,136.42999267578125,130.07000732421875,130.22999572753906,129.43597412109375,25401500.0
2024-07-12,MU,131.75,134.42999267578125,130.72000122070312,133.5500030517578,132.7357635498047,20726900.0
2024-07-15,MU,133.91000366210938,135.35000610351562,130.02999877929688,130.8699951171875,130.07208251953125,20416000.0
2024-07-16,MU,130.4199981689453,130.97000122070312,127.23999786376952,127.48999786376952,126.7126922607422,21312600.0
2024-07-17,MU,122.58000183105467,123.02999877929688,119.2300033569336,119.5,118.77141571044922,31414100.0
2024-07-18,MU,120.5,121.63999938964844,114.08999633789062,117.4499969482422,116.73389434814452,30404900.0
2024-07-19,MU,116.69000244140624,117.20999908447266,113.8499984741211,114.26000213623048,113.5633544921875,18038900.0
2024-07-22,MU,115.36000061035156,115.58000183105467,113.63999938964844,115.27999877929688,114.57713317871094,23837800.0
2024-07-23,MU,115.12999725341795,116.33999633789062,113.83000183105467,114.25,113.5534210205078,14707700.0
2024-07-24,MU,111.47000122070312,114.04000091552734,110.0,110.27999877929688,109.6076202392578,25261000.0
2024-07-25,MU,106.8000030517578,110.6999969482422,105.04000091552734,107.4499969482422,106.7948760986328,29068400.0
2024-07-26,MU,110.0,110.62999725341795,107.77999877929688,109.41000366210938,108.7429428100586,18547900.0
2024-07-29,MU,110.54000091552734,111.02999877929688,107.13999938964844,107.8499984741211,107.19245147705078,13517700.0
2024-07-30,MU,109.0,109.25,102.16999816894533,102.55999755859376,101.9346923828125,23915100.0
2024-07-31,MU,109.8499984741211,111.33999633789062,107.75,109.81999969482422,109.15042877197266,26503600.0
2024-08-01,MU,107.18000030517578,107.86000061035156,99.9499969482422,101.51000213623048,100.89108276367188,31643700.0
2024-08-02,MU,97.16000366210938,97.69000244140624,91.06999969482422,92.6999969482422,92.1348114013672,36039400.0
2024-08-05,MU,87.62999725341797,92.25,84.91000366210938,90.41999816894533,89.86870574951172,36977600.0
2024-08-06,MU,89.19999694824219,90.86000061035156,87.1500015258789,89.0,88.45736694335938,26460000.0
2024-08-07,MU,93.37999725341795,93.58000183105467,86.58000183105469,86.80000305175781,86.27078247070312,29483800.0
2024-08-08,MU,88.4800033569336,92.8499984741211,88.02999877929688,92.06999969482422,91.50865173339844,24760700.0
2024-08-09,MU,91.79000091552734,94.52999877929688,91.4499969482422,93.08000183105467,92.51248931884766,21627200.0
2024-08-12,MU,93.0999984741211,96.52999877929688,92.62999725341795,94.63999938964844,94.06298065185548,18886600.0
2024-08-13,MU,96.62000274658205,97.77999877929688,94.91000366210938,97.44000244140624,96.84590911865234,23565500.0
2024-08-14,MU,101.0,101.9499969482422,98.06999969482422,100.41000366210938,99.7978057861328,22459000.0
2024-08-15,MU,103.51000213623048,108.0500030517578,102.75,106.9499969482422,106.29792022705078,29128000.0
2024-08-16,MU,106.83000183105467,109.47000122070312,105.3499984741211,107.98999786376952,107.33158111572266,18383300.0
2024-08-19,MU,107.25,108.72000122070312,104.76000213623048,108.62999725341795,107.96768188476562,15744600.0
2024-08-20,MU,108.33000183105467,109.19000244140624,106.16000366210938,107.98999786376952,107.33158111572266,16075500.0
2024-08-21,MU,108.16000366210938,108.4000015258789,106.20999908447266,108.33000183105467,107.66951751708984,13658900.0
2024-08-22,MU,108.9499969482422,111.0,103.95999908447266,104.26000213623048,103.62433624267578,17967000.0
2024-08-23,MU,103.04000091552734,104.41000366210938,100.30999755859376,102.8499984741211,102.22291564941406,25465100.0
2024-08-26,MU,100.66999816894533,102.19000244140624,97.61000061035156,98.91000366210938,98.30696105957033,26752300.0
2024-08-27,MU,97.08999633789062,98.48999786376952,96.66999816894533,97.86000061035156,97.26334381103516,17234600.0
2024-08-28,MU,97.36000061035156,97.68000030517578,92.6999969482422,94.86000061035156,94.28164672851562,25564300.0
2024-08-29,MU,96.55999755859376,97.9800033569336,94.98999786376952,95.56999969482422,94.98731231689452,18984300.0
2024-08-30,MU,96.91999816894533,98.41000366210938,94.98999786376952,96.23999786376952,95.6532211303711,18819400.0
2024-09-03,MU,93.62999725341795,93.87999725341795,88.30999755859375,88.58000183105469,88.03993225097656,28897200.0
2024-09-04,MU,88.36000061035156,90.7300033569336,87.80999755859375,89.29000091552734,88.74559783935547,16356500.0
2024-09-05,MU,88.0999984741211,90.6999969482422,87.76000213623047,89.38999938964844,88.84498596191406,13890700.0
2024-09-06,MU,89.37000274658203,89.6500015258789,85.26000213623047,86.37999725341797,85.85334014892578,23587100.0
2024-09-09,MU,87.8499984741211,87.95999908447266,85.01000213623047,86.2699966430664,85.74400329589844,20526400.0
2024-09-10,MU,86.97000122070312,87.19000244140625,84.87000274658203,86.8499984741211,86.32048034667969,17019000.0
2024-09-11,MU,88.19999694824219,90.83000183105467,86.08000183105469,90.6500015258789,90.09730529785156,20879600.0
2024-09-12,MU,87.0999984741211,88.02999877929688,84.12000274658203,87.20999908447266,86.67828369140625,30900000.0
2024-09-13,MU,88.08999633789062,91.47000122070312,87.87000274658203,91.22000122070312,90.66383361816406,21267200.0
2024-09-16,MU,87.23999786376953,88.23999786376953,85.91999816894531,87.18000030517578,86.64846801757812,26494300.0
2024-09-17,MU,88.05999755859375,89.56999969482422,87.54000091552734,88.7300033569336,88.18901824951172,17744800.0
2024-09-18,MU,87.98999786376953,89.19999694824219,86.70999908447266,87.3499984741211,86.81742095947266,20130600.0
2024-09-19,MU,89.3499984741211,90.38999938964844,87.58000183105469,89.25,88.70584869384766,25208900.0
2024-09-20,MU,88.4000015258789,90.97000122070312,88.33000183105469,90.9000015258789,90.34579467773438,28711000.0
2024-09-23,MU,92.68000030517578,94.8000030517578,92.58000183105467,93.56999969482422,92.99949645996094,23394100.0
2024-09-24,MU,94.7300033569336,95.0,92.76000213623048,94.0,93.42688751220705,23043200.0
2024-09-25,MU,94.16000366210938,96.18000030517578,93.93000030517578,95.7699966430664,95.1860809326172,54762900.0
2024-09-26,MU,113.0999984741211,114.8000030517578,107.52999877929688,109.87999725341795,109.2100601196289,107965900.0
2024-09-27,MU,110.5,110.97000122070312,107.02999877929688,107.5,106.84457397460938,42960200.0
2024-09-30,MU,106.08000183105467,106.75,102.26000213623048,103.70999908447266,103.07769012451172,39544700.0
2024-10-01,MU,103.4000015258789,104.1999969482422,98.94000244140624,100.30999755859376,99.69841766357422,34309800.0
2024-10-02,MU,100.58999633789062,102.12000274658205,99.33000183105467,99.8499984741211,99.24120330810548,26334900.0
2024-10-03,MU,99.47000122070312,102.52999877929688,99.4000015258789,101.81999969482422,101.19920349121094,22176700.0
2024-10-04,MU,103.6500015258789,104.23999786376952,101.4000015258789,102.25,101.6265869140625,21911200.0
2024-10-07,MU,102.16000366210938,104.58999633789062,100.80999755859376,102.91000366210938,102.39773559570312,21749300.0
2024-10-08,MU,102.18000030517578,102.94000244140624,101.26000213623048,102.54000091552734,102.02957153320312,18858300.0
2024-10-09,MU,102.25,102.29000091552734,100.31999969482422,101.6999969482422,101.1937484741211,18442700.0
2024-10-10,MU,101.37000274658205,106.58000183105467,100.8499984741211,105.69000244140624,105.16388702392578,27605600.0
2024-10-11,MU,105.04000091552734,107.6500015258789,104.98999786376952,106.91999816894533,106.38776397705078,19133900.0
2024-10-14,MU,107.80999755859376,108.70999908447266,106.8000030517578,108.33999633789062,107.80068969726562,15021900.0
2024-10-15,MU,107.86000061035156,109.48999786376952,102.70999908447266,104.31999969482422,103.80071258544922,23419100.0
2024-10-16,MU,106.0199966430664,109.62999725341795,105.61000061035156,109.23999786376952,108.69622039794922,20450900.0
2024-10-17,MU,111.33999633789062,114.13999938964844,111.01000213623048,112.0500030517578,111.49222564697266,26584800.0
2024-10-18,MU,111.75,112.9000015258789,109.86000061035156,111.1500015258789,110.59671020507812,16700400.0
2024-10-21,MU,111.0999984741211,111.13999938964844,107.69000244140624,109.08000183105467,108.5370101928711,14829400.0
2024-10-22,MU,108.23999786376952,108.5199966430664,106.37000274658205,107.81999969482422,107.28327941894533,13758100.0
2024-10-23,MU,106.55999755859376,107.0999984741211,103.54000091552734,105.0500030517578,104.52708435058594,15174700.0
2024-10-24,MU,106.77999877929688,107.52999877929688,105.5500030517578,106.8499984741211,106.318115234375,13206300.0
2024-10-25,MU,108.33999633789062,109.87999725341795,107.72000122070312,107.91000366210938,107.37284088134766,12265000.0
2024-10-28,MU,106.77999877929688,108.18000030517578,106.31999969482422,106.38999938964844,105.8603973388672,12381000.0
2024-10-29,MU,106.58999633789062,108.75,105.5999984741211,108.18000030517578,107.64148712158205,15164600.0
2024-10-30,MU,106.26000213623048,106.8000030517578,103.63999938964844,104.08000183105467,103.56190490722656,14321800.0
2024-10-31,MU,102.1999969482422,102.48999786376952,99.06999969482422,99.6500015258789,99.1539535522461,19830300.0
2024-11-01,MU,100.0,100.61000061035156,99.37000274658205,99.7300033569336,99.23355102539062,13623400.0
2024-11-04,MU,101.5,103.79000091552734,101.0,101.7300033569336,101.22359466552734,15765800.0
2024-11-05,MU,102.0,105.62000274658205,101.79000091552734,105.48999786376952,104.96487426757812,12071900.0
2024-11-06,MU,108.37999725341795,112.31999969482422,107.0,111.83000183105467,111.27332305908205,20304500.0
2024-11-07,MU,112.55999755859376,113.86000061035156,111.37000274658205,113.41000366210938,112.845458984375,13569800.0
2024-11-08,MU,112.13999938964844,114.3000030517578,110.56999969482422,111.9000015258789,111.3429718017578,13045700.0
2024-11-11,MU,110.9499969482422,111.51000213623048,106.7699966430664,108.6500015258789,108.10914611816406,14479700.0
2024-11-12,MU,105.0,105.08999633789062,102.06999969482422,104.0999984741211,103.58180236816406,21859700.0
2024-11-13,MU,102.8000030517578,103.33999633789062,99.81999969482422,99.91999816894533,99.422607421875,18416200.0
2024-11-14,MU,101.29000091552734,102.29000091552734,98.55999755859376,99.18000030517578,98.68628692626952,18459700.0
2024-11-15,MU,97.5500030517578,98.1999969482422,95.63999938964844,96.33999633789062,95.86042785644533,18518300.0
2024-11-18,MU,96.5500030517578,98.06999969482422,95.52999877929688,97.51000213623048,97.0246124267578,14236400.0
2024-11-19,MU,97.0,98.18000030517578,96.51000213623048,97.7300033569336,97.24351501464844,14160300.0
2024-11-20,MU,97.9800033569336,98.52999877929688,96.52999877929688,98.37000274658205,97.88031768798828,10490600.0
2024-11-21,MU,100.0999984741211,103.29000091552734,98.05999755859376,102.76000213623048,102.24847412109376,18915200.0
2024-11-22,MU,102.36000061035156,103.70999908447266,101.6500015258789,102.63999938964844,102.12906646728516,12063700.0
2024-11-25,MU,103.8499984741211,106.4000015258789,103.80999755859376,104.4800033569336,103.9599151611328,22837900.0
2024-11-26,MU,104.0,104.72000122070312,100.30999755859376,101.8000030517578,101.29326629638672,19275700.0
2024-11-27,MU,100.94000244140624,101.04000091552734,96.63999938964844,98.1999969482422,97.71116638183594,17046400.0
2024-11-29,MU,97.23999786376952,98.1999969482422,96.0999984741211,97.9499969482422,97.46241760253906,13729400.0
2024-12-02,MU,97.5999984741211,100.08999633789062,97.52999877929688,98.5500030517578,98.05943298339844,16525600.0
2024-12-03,MU,101.12000274658205,103.68000030517578,99.62999725341795,99.83999633789062,99.34300994873048,23479700.0
2024-12-04,MU,100.7699966430664,103.41000366210938,99.8000030517578,103.1999969482422,102.686279296875,16306200.0
2024-12-05,MU,103.87999725341795,104.25,100.61000061035156,100.87000274658205,100.36788940429688,13448900.0
2024-12-06,MU,100.87999725341795,102.19000244140624,100.02999877929688,101.16999816894533,100.6663818359375,12381000.0
2024-12-09,MU,100.6500015258789,104.5,100.37000274658205,102.81999969482422,102.30817413330078,14141900.0
2024-12-10,MU,104.95999908447266,105.0,97.2699966430664,98.0999984741211,97.6116714477539,23548500.0
2024-12-11,MU,99.5,102.66000366210938,98.3000030517578,102.05999755859376,101.55194854736328,15248400.0
2024-12-12,MU,101.4000015258789,101.9800033569336,97.76000213623048,98.23999786376952,97.75096893310548,19334900.0
2024-12-13,MU,100.7699966430664,103.1999969482422,99.66999816894533,102.5,101.98976135253906,23926000.0
2024-12-16,MU,105.61000061035156,111.12999725341795,104.54000091552734,108.26000213623048,107.72109985351562,42741200.0
2024-12-17,MU,109.75,110.48999786376952,107.68000030517578,108.5999984741211,108.05939483642578,35811500.0
2024-12-18,MU,110.25,112.04000091552734,102.7300033569336,103.9000015258789,103.38279724121094,63024300.0
2024-12-19,MU,90.08000183105467,91.0,84.61000061035156,87.08999633789062,86.6564712524414,91396800.0
2024-12-20,MU,85.41000366210938,90.25,83.54000091552734,90.12000274658205,89.67138671875,49578400.0
2024-12-23,MU,90.0,91.0999984741211,88.4000015258789,89.72000122070312,89.27337646484375,26041500.0
2024-12-24,MU,89.58000183105469,89.69999694824219,88.2300033569336,89.27999877929688,88.8355712890625,13021300.0
2024-12-26,MU,88.5,90.62999725341795,88.0999984741211,89.81999969482422,89.37288665771484,14468200.0
2024-12-27,MU,89.0,89.48999786376953,87.58000183105469,88.62999725341797,88.18880462646484,19422600.0
2024-12-30,MU,86.98999786376953,87.05000305175781,84.58000183105469,85.30999755859375,84.9956283569336,22022900.0
2024-12-31,MU,85.44000244140625,86.4000015258789,84.08999633789062,84.16000366210938,83.849853515625,18691500.0
2025-01-02,MU,84.9800033569336,87.6500015258789,84.73999786376953,87.33000183105469,87.0081787109375,18860000.0
2025-01-03,MU,87.94999694824219,90.1999969482422,87.51000213623047,89.87000274658203,89.538818359375,17484600.0
2025-01-06,MU,95.56999969482422,101.5199966430664,95.4800033569336,99.26000213623048,98.89421844482422,42903300.0
2025-01-07,MU,103.41000366210938,106.73999786376952,101.16000366210938,101.91000366210938,101.53445434570312,53570000.0
2025-01-08,MU,102.81999969482422,103.4800033569336,98.3000030517578,99.41000366210938,99.04366302490234,33516900.0
2025-01-10,MU,98.12000274658205,100.77999877929688,96.87000274658205,99.33999633789062,98.97390747070312,20512600.0
2025-01-13,MU,95.83999633789062,96.0,92.87999725341795,95.05999755859376,94.70968627929688,22699100.0
2025-01-14,MU,97.0500030517578,97.41000366210938,95.37999725341795,97.36000061035156,97.001220703125,18613400.0
2025-01-15,MU,99.44000244140624,103.93000030517578,99.3499984741211,103.19000244140624,102.80973052978516,27568100.0
2025-01-16,MU,104.31999969482422,104.8000030517578,101.87000274658205,102.5999984741211,102.2219009399414,16243800.0
2025-01-17,MU,104.63999938964844,105.87999725341795,102.5,105.75,105.3603057861328,18908900.0
2025-01-21,MU,105.43000030517578,110.23999786376952,105.2300033569336,109.37999725341795,108.97691345214844,23533600.0
2025-01-22,MU,109.16999816894533,110.66999816894533,107.76000213623048,109.2300033569336,108.82746887207033,20004300.0
2025-01-23,MU,104.79000091552734,106.18000030517578,103.3499984741211,104.83999633789062,104.45365142822266,22677600.0
2025-01-24,MU,105.5,105.72000122070312,102.72000122070312,103.19000244140624,102.80973052978516,19743800.0
2025-01-27,MU,94.86000061035156,96.0999984741211,88.36000061035156,91.11000061035156,90.77425384521484,50696200.0
2025-01-28,MU,92.61000061035156,93.4499969482422,88.04000091552734,88.25,87.92479705810547,34793600.0
2025-01-29,MU,89.87999725341797,90.4499969482422,87.76000213623047,89.01000213623047,88.6819839477539,25342800.0
2025-01-30,MU,90.66000366210938,93.16000366210938,90.3000030517578,92.5,92.15912628173828,22497100.0
2025-01-31,MU,91.6500015258789,94.2699966430664,91.13999938964844,91.23999786376952,90.90377044677734,20492100.0
2025-02-03,MU,88.6500015258789,91.4000015258789,88.0199966430664,89.91999816894531,89.58863067626953,18607900.0
2025-02-04,MU,89.05000305175781,91.4499969482422,88.80000305175781,90.66000366210938,90.3259048461914,12827500.0
2025-02-05,MU,90.38999938964844,93.6500015258789,90.22000122070312,93.5999984741211,93.25506591796876,15660000.0
2025-02-06,MU,94.87999725341795,96.61000061035156,93.58000183105467,94.54000091552734,94.19161224365234,16141100.0
2025-02-07,MU,95.58999633789062,95.93000030517578,91.58999633789062,92.3000030517578,91.95986938476562,15602800.0
2025-02-10,MU,93.19000244140624,96.26000213623048,93.16999816894533,95.93000030517578,95.57647705078124,16217900.0
2025-02-11,MU,94.25,95.83999633789062,93.55999755859376,94.08000183105467,93.73330688476562,12124000.0
2025-02-12,MU,89.5999984741211,92.63999938964844,87.3499984741211,91.68000030517578,91.3421401977539,22874700.0
2025-02-13,MU,92.05999755859376,96.06999969482422,92.0199966430664,95.66000366210938,95.30747985839844,16579900.0
2025-02-14,MU,98.41000366210938,100.6999969482422,98.0,99.5199966430664,99.15324401855467,21284500.0
2025-02-18,MU,102.63999938964844,107.87999725341795,102.0500030517578,106.79000091552734,106.39646911621094,29641900.0
2025-02-19,MU,105.76000213623048,107.19000244140624,103.62000274658205,104.36000061035156,103.97541809082033,17875900.0
2025-02-20,MU,103.9800033569336,104.8499984741211,102.33999633789062,103.18000030517578,102.79976654052734,14488000.0
2025-02-21,MU,103.63999938964844,103.66000366210938,97.75,98.83999633789062,98.47575378417967,18650800.0
2025-02-24,MU,100.22000122070312,100.6999969482422,95.27999877929688,95.41000366210938,95.05841064453124,14883700.0
2025-02-25,MU,95.5,95.93000030517578,92.76000213623048,93.22000122070312,92.87647247314452,18608200.0
2025-02-26,MU,96.0,99.72000122070312,95.5,97.70999908447266,97.34992218017578,21335200.0
2025-02-27,MU,97.83999633789062,99.88999938964844,91.48999786376952,91.81999969482422,91.48162841796876,22386300.0
2025-02-28,MU,91.0,94.45999908447266,89.87000274658203,93.62999725341795,93.2849578857422,23359100.0
2025-03-03,MU,95.80999755859376,96.1999969482422,89.38999938964844,90.54000091552734,90.20635223388672,20281800.0
2025-03-04,MU,90.1999969482422,93.58999633789062,86.80000305175781,91.1999969482422,90.8639144897461,23611500.0
2025-03-05,MU,92.1500015258789,95.0500030517578,90.43000030517578,94.33999633789062,93.99234771728516,14010300.0
2025-03-06,MU,90.93000030517578,93.29000091552734,89.02999877929688,89.2699966430664,88.94102478027344,18708100.0
2025-03-07,MU,90.29000091552734,93.33999633789062,89.48999786376953,92.95999908447266,92.61742401123048,19133900.0
2025-03-10,MU,89.58999633789062,91.37000274658205,85.76000213623047,87.08000183105469,86.75910949707031,21897900.0
2025-03-11,MU,87.9000015258789,91.0999984741211,86.06999969482422,89.05000305175781,88.72183990478516,21962100.0
2025-03-12,MU,92.47000122070312,96.98999786376952,92.23999786376952,95.63999938964844,95.2875518798828,23584700.0
2025-03-13,MU,94.25,98.12000274658205,94.0,94.87999725341795,94.53034973144533,18824700.0
2025-03-14,MU,98.75,102.77999877929688,98.75,100.79000091552734,100.41857147216795,24623600.0
2025-03-17,MU,101.05999755859376,104.4499969482422,100.95999908447266,103.11000061035156,102.73001861572266,17095100.0
2025-03-18,MU,101.9000015258789,103.30999755859376,100.29000091552734,101.72000122070312,101.34514617919922,18434100.0
2025-03-19,MU,100.81999969482422,103.5999984741211,100.48999786376952,102.05999755859376,101.6838836669922,16633100.0
2025-03-20,MU,101.58000183105467,104.69000244140624,101.3499984741211,103.0,102.62042999267578,29204400.0
2025-03-21,MU,98.1999969482422,98.5,93.6999969482422,94.72000122070312,94.37094116210938,63239600.0
2025-03-24,MU,96.0999984741211,98.41999816894533,95.33000183105467,96.94000244140624,96.582763671875,35406600.0
2025-03-25,MU,96.18000030517578,96.37999725341795,93.25,94.18000030517578,93.83293151855467,22191700.0
2025-03-26,MU,96.0,96.63999938964844,90.97000122070312,92.12999725341795,91.79049682617188,27107200.0
2025-03-27,MU,91.08999633789062,92.20999908447266,89.61000061035156,91.16000366210938,90.82406616210938,15658700.0
2025-03-28,MU,90.47000122070312,90.88999938964844,87.5999984741211,88.44000244140625,88.11408233642578,17118000.0
2025-03-31,MU,86.0,87.08999633789062,84.0999984741211,86.88999938964844,86.68251037597656,21089500.0
2025-04-01,MU,88.52999877929688,88.88999938964844,86.25,88.70999908447266,88.4981689453125,15337100.0
2025-04-02,MU,87.12999725341797,89.93000030517578,86.69999694824219,88.5999984741211,88.388427734375,14520400.0
2025-04-03,MU,82.91999816894531,83.3499984741211,74.20999908447266,74.33999633789062,74.16246795654297,44839500.0
2025-04-04,MU,70.6500015258789,71.33999633789062,63.86000061035156,64.72000122070312,64.5654525756836,50737700.0
2025-04-07,MU,63.939998626708984,72.45999908447266,61.540000915527344,68.37000274658203,68.20674133300781,50181800.0
2025-04-08,MU,71.5999984741211,72.97000122070312,63.52000045776367,65.54000091552734,65.38349914550781,40822100.0
2025-04-09,MU,66.19999694824219,78.55999755859375,63.70000076293945,77.87000274658203,77.6840591430664,63132600.0
2025-04-10,MU,72.5,73.05000305175781,67.5,70.05000305175781,69.88272857666016,44882300.0
2025-04-11,MU,69.04000091552734,70.16999816894531,66.83000183105469,69.55000305175781,69.38392639160156,30807800.0
2025-04-14,MU,74.66999816894531,74.77999877929688,69.97000122070312,71.0199966430664,70.85040283203125,32634700.0
2025-04-15,MU,71.12000274658203,72.80000305175781,70.55000305175781,71.04000091552734,70.87036895751953,19132700.0
2025-04-16,MU,67.93000030517578,70.44999694824219,67.16999816894531,69.33000183105469,69.16444396972656,28475000.0
2025-04-17,MU,70.44000244140625,70.4800033569336,67.0,68.80000305175781,68.6357192993164,20694100.0
2025-04-21,MU,67.76000213623047,68.0,65.6500015258789,66.73999786376953,66.58061981201172,19826100.0
2025-04-22,MU,67.54000091552734,70.4000015258789,67.44000244140625,70.20999908447266,70.04234313964844,20351200.0
2025-04-23,MU,73.69000244140625,75.4000015258789,72.5,72.93000030517578,72.75585174560547,26385500.0
2025-04-24,MU,74.56999969482422,77.58999633789062,73.5999984741211,77.41999816894531,77.23512268066406,23875600.0
2025-04-25,MU,77.55000305175781,80.30000305175781,76.9000015258789,79.77999877929688,79.58949279785156,19746200.0
2025-04-28,MU,78.7699966430664,79.61000061035156,76.91999816894531,78.55999755859375,78.37240600585938,16882400.0
2025-04-29,MU,77.94000244140625,78.19000244140625,76.47000122070312,76.87999725341797,76.69641876220703,17098000.0
2025-04-30,MU,73.62000274658203,77.1500015258789,73.5,76.94999694824219,76.76624298095703,19779300.0
2025-05-01,MU,79.4000015258789,79.88999938964844,77.63999938964844,77.7699966430664,77.58428955078125,15349200.0
2025-05-02,MU,79.58000183105469,81.66999816894531,79.0999984741211,80.72000122070312,80.52725219726562,18899700.0
2025-05-05,MU,79.41000366210938,81.1500015258789,79.05000305175781,80.41999816894531,80.22795867919922,12513600.0
2025-05-06,MU,79.04000091552734,81.22000122070312,78.54000091552734,80.51000213623047,80.31775665283203,13173800.0
2025-05-07,MU,80.98999786376953,82.87000274658203,80.19999694824219,82.62000274658203,82.42271423339844,14889700.0
2025-05-08,MU,84.25,86.20999908447266,83.36000061035156,85.1500015258789,84.94667053222656,17580500.0
2025-05-09,MU,85.56999969482422,86.2699966430664,84.68000030517578,85.86000061035156,85.65497589111328,13017600.0
2025-05-12,MU,92.80999755859376,94.1999969482422,91.9499969482422,92.29000091552734,92.06961059570312,27765300.0
2025-05-13,MU,92.5500030517578,97.41000366210938,92.5500030517578,96.93000030517578,96.69854736328124,28009100.0
2025-05-14,MU,96.3000030517578,97.6500015258789,94.31999969482422,95.31999969482422,95.0923843383789,28044400.0
2025-05-15,MU,94.01000213623048,95.61000061035156,92.16999816894533,95.4499969482422,95.2220687866211,24196100.0
2025-05-16,MU,95.9000015258789,98.19000244140624,95.6999969482422,98.0,97.76598358154295,22609300.0
2025-05-19,MU,95.70999908447266,99.0199966430664,95.6999969482422,98.6500015258789,98.4144287109375,14380100.0
2025-05-20,MU,97.91999816894533,98.62999725341795,96.97000122070312,98.0999984741211,97.8657455444336,12331300.0
2025-05-21,MU,97.16000366210938,98.81999969482422,95.26000213623048,95.83999633789062,95.6111297607422,15764300.0
2025-05-22,MU,95.41000366210938,97.22000122070312,94.37000274658205,94.83000183105467,94.60355377197266,13245200.0
2025-05-23,MU,92.26000213623048,93.83999633789062,90.93000030517578,93.37000274658205,93.14704132080078,16545000.0
2025-05-27,MU,95.18000030517578,96.6999969482422,94.19000244140624,96.37999725341795,96.1498565673828,17612600.0
2025-05-28,MU,96.6999969482422,97.20999908447266,95.5999984741211,96.18000030517578,95.95032501220705,10500300.0
2025-05-29,MU,98.58999633789062,99.62999725341795,96.11000061035156,96.8000030517578,96.56885528564452,14628700.0
2025-05-30,MU,96.04000091552734,96.61000061035156,92.22000122070312,94.45999908447266,94.23442840576172,23758200.0
2025-06-02,MU,94.58000183105467,99.23999786376952,94.4000015258789,98.18000030517578,97.94554901123048,16850300.0
2025-06-03,MU,98.36000061035156,102.93000030517578,96.95999908447266,102.25,102.0058364868164,22757600.0
2025-06-04,MU,102.37999725341795,103.91000366210938,101.6999969482422,103.25,103.00344848632812,14595900.0
2025-06-05,MU,106.3000030517578,109.02999877929688,105.52999877929688,106.29000091552734,106.0361785888672,28833700.0
2025-06-06,MU,108.08000183105467,111.0500030517578,108.04000091552734,108.55999755859376,108.30076599121094,20710100.0
2025-06-09,MU,109.51000213623048,112.52999877929688,108.58000183105467,110.9499969482422,110.68505096435548,20159700.0
2025-06-10,MU,111.52999877929688,114.91999816894533,111.2300033569336,114.13999938964844,113.86744689941406,22949400.0
2025-06-11,MU,115.5999984741211,117.26000213623048,114.7300033569336,116.02999877929688,115.7529296875,21614100.0
2025-06-12,MU,114.11000061035156,116.4800033569336,113.5199966430664,116.18000030517578,115.90257263183594,17076500.0
2025-06-13,MU,113.8000030517578,117.0999984741211,113.66000366210938,115.5999984741211,115.3239517211914,17453000.0
2025-06-16,MU,117.80999755859376,120.95999908447266,117.31999969482422,119.83999633789062,119.55382537841795,21374100.0
2025-06-17,MU,119.5999984741211,123.51000213623048,119.3499984741211,120.33999633789062,120.05262756347656,20837700.0
2025-06-18,MU,120.45999908447266,122.9800033569336,120.18000030517578,121.81999969482422,121.5290985107422,20180000.0
2025-06-20,MU,122.7699966430664,124.16000366210938,120.37999725341795,123.5999984741211,123.30485534667967,29290400.0
2025-06-23,MU,123.66999816894533,124.51000213623048,119.80999755859376,122.08000183105467,121.78848266601562,23399200.0
2025-06-24,MU,125.11000061035156,128.10000610351562,124.95999908447266,127.91000366210938,127.60456848144533,26420600.0
2025-06-25,MU,126.61000061035156,127.5,125.62000274658205,127.25,126.9461441040039,39407000.0
2025-06-26,MU,129.52999877929688,129.85000610351562,123.79000091552734,126.0,125.69912719726562,62678100.0
2025-06-27,MU,125.13999938964844,127.54000091552734,123.38999938964844,124.76000213623048,124.46208190917967,36888600.0
2025-06-30,MU,124.9000015258789,125.08000183105467,121.8499984741211,123.25,122.9556884765625,22799700.0
2025-07-01,MU,122.3499984741211,123.98999786376952,119.08000183105467,120.88999938964844,120.601318359375,24825800.0
2025-07-02,MU,120.5,123.0,118.05999755859376,121.73999786376952,121.44929504394533,29303800.0
2025-07-03,MU,122.33000183105467,123.62999725341795,121.83000183105467,122.29000091552734,121.99797821044922,13247900.0
2025-07-07,MU,121.18000030517578,121.51000213623048,118.91000366210938,119.91999816894533,119.74625396728516,19148400.0
2025-07-08,MU,122.4499969482422,125.4499969482422,121.9499969482422,124.41999816894533,124.2397232055664,26238200.0
2025-07-09,MU,124.81999969482422,126.1500015258789,121.27999877929688,122.23999786376952,122.0628890991211,20464000.0
2025-07-10,MU,124.27999877929688,124.3499984741211,122.0199966430664,123.11000061035156,122.93162536621094,15378400.0
2025-07-11,MU,122.12999725341795,124.80999755859376,121.23999786376952,124.52999877929688,124.34957122802734,15820600.0
2025-07-14,MU,120.37999725341795,120.44000244140624,117.0199966430664,118.61000061035156,118.43814849853516,32117700.0
2025-07-15,MU,120.94000244140624,121.38999938964844,119.12000274658205,120.11000061035156,119.93597412109376,24958900.0
2025-07-16,MU,119.02999877929688,119.08999633789062,114.80999755859376,116.43000030517578,116.26129913330078,30614800.0
2025-07-17,MU,113.93000030517578,114.1999969482422,110.9499969482422,113.26000213623048,113.0959014892578,34702400.0
2025-07-18,MU,114.23999786376952,114.8000030517578,113.27999877929688,114.38999938964844,114.22425842285156,19349900.0
2025-07-21,MU,113.58999633789062,115.91999816894533,112.66999816894533,113.2300033569336,113.0659408569336,22189800.0
2025-07-22,MU,112.86000061035156,113.0,108.12999725341795,109.22000122070312,109.06175231933594,27917600.0
2025-07-23,MU,109.44000244140624,110.29000091552734,108.87999725341795,109.83000183105467,109.67086791992188,17810000.0
2025-07-24,MU,111.05999755859376,112.7300033569336,110.25,111.7300033569336,111.568115234375,20293100.0
2025-07-25,MU,110.98999786376952,111.5,108.83000183105467,111.26000213623048,111.09880065917967,16372300.0
2025-07-28,MU,111.72000122070312,112.0,109.86000061035156,111.25,111.08881378173828,12932300.0
2025-07-29,MU,112.0500030517578,113.54000091552734,110.66999816894533,111.95999908447266,111.79777526855467,16653300.0
2025-07-30,MU,112.5999984741211,114.88999938964844,112.41000366210938,114.73999786376952,114.5737533569336,16378800.0
2025-07-31,MU,112.19000244140624,112.2699966430664,106.94000244140624,109.13999938964844,108.98186492919922,29224300.0
2025-08-01,MU,105.48999786376952,106.5,103.37999725341795,104.87999725341795,104.72803497314452,24003300.0
2025-08-04,MU,106.0199966430664,107.87999725341795,105.45999908447266,107.7699966430664,107.61385345458984,14780600.0
2025-08-05,MU,109.3000030517578,110.63999938964844,106.83000183105467,109.05999755859376,108.9019775390625,17836000.0
2025-08-06,MU,107.9000015258789,108.95999908447266,106.75,108.77999877929688,108.62238311767578,13021900.0
2025-08-07,MU,114.13999938964844,115.27999877929688,110.79000091552734,111.87000274658205,111.70791625976562,18986500.0
2025-08-08,MU,112.16999816894533,119.33000183105467,111.66999816894533,118.88999938964844,118.71773529052734,28962200.0
2025-08-11,MU,124.97000122070312,127.27999877929688,121.6500015258789,123.72000122070312,123.5407485961914,35065800.0
2025-08-12,MU,124.6999969482422,128.5500030517578,123.04000091552734,127.75,127.56490325927734,25961200.0
2025-08-13,MU,127.58000183105467,128.60000610351562,123.3499984741211,124.2699966430664,124.08993530273438,18438200.0
2025-08-14,MU,123.1999969482422,125.73999786376952,121.4000015258789,125.29000091552734,125.10845947265624,12235900.0
2025-08-15,MU,123.16999816894533,123.37999725341795,119.44000244140624,120.87000274658205,120.6948699951172,18986700.0
2025-08-18,MU,121.3499984741211,123.68000030517578,120.66000366210938,123.5500030517578,123.3709945678711,12208800.0
2025-08-19,MU,122.94000244140624,124.23999786376952,121.30999755859376,122.0500030517578,121.87316131591795,11491200.0
2025-08-20,MU,118.6999969482422,118.91000366210938,113.45999908447266,117.20999908447266,117.04017639160156,25795000.0
2025-08-21,MU,117.0,117.7300033569336,115.61000061035156,115.79000091552734,115.62223052978516,13174900.0
2025-08-22,MU,117.6500015258789,120.6999969482422,116.51000213623048,117.68000030517578,117.50949096679688,17038300.0
2025-08-25,MU,117.68000030517578,118.08000183105467,116.0999984741211,116.41999816894533,116.2513198852539,8674800.0
2025-08-26,MU,116.08999633789062,118.36000061035156,115.80999755859376,116.5,116.33120727539062,12584300.0
2025-08-27,MU,116.8499984741211,118.7300033569336,116.44000244140624,117.75,117.57939910888672,15349300.0
2025-08-28,MU,118.87999725341795,122.56999969482422,118.7300033569336,122.0,121.82323455810548,17295500.0
2025-08-29,MU,122.5999984741211,122.7699966430664,118.05999755859376,119.01000213623048,118.83757019042967,16774000.0
2025-09-02,MU,115.86000061035156,118.55999755859376,114.25,118.4800033569336,118.30834197998048,13771900.0
2025-09-03,MU,119.36000061035156,119.44000244140624,117.3000030517578,118.72000122070312,118.54798126220705,14101300.0
2025-09-04,MU,118.8499984741211,124.41000366210938,118.5199966430664,124.20999908447266,124.03003692626952,18589100.0
2025-09-05,MU,127.7699966430664,131.41000366210938,125.66000366210938,131.3699951171875,131.1796417236328,28416000.0
2025-09-08,MU,130.5500030517578,132.25999450683594,128.39999389648438,131.4600067138672,131.26953125,19492600.0
2025-09-09,MU,131.75999450683594,138.0,131.55999755859375,135.24000549316406,135.04405212402344,20705000.0
2025-09-10,MU,140.02000427246094,142.24000549316406,138.33999633789062,140.0,139.79714965820312,25791300.0
2025-09-11,MU,147.72000122070312,156.25999450683594,147.61000061035156,150.57000732421875,150.3518524169922,52446400.0
2025-09-12,MU,153.5500030517578,158.27999877929688,153.2100067138672,157.22999572753906,157.002197265625,32288300.0
2025-09-15,MU,156.9600067138672,160.33999633789062,156.5500030517578,157.77000427246094,157.5414276123047,20101400.0
2025-09-16,MU,157.97999572753906,159.55999755859375,157.1699981689453,158.82000732421875,158.58990478515625,16911600.0
2025-09-17,MU,157.41000366210938,160.58999633789062,155.25999450683594,159.99000549316406,159.75820922851562,18843600.0
2025-09-18,MU,162.99000549316406,170.4499969482422,162.60000610351562,168.88999938964844,168.64529418945312,28212800.0
2025-09-19,MU,162.75,163.6999969482422,159.3800048828125,162.72999572753906,162.49420166015625,37309900.0
2025-09-22,MU,164.3800048828125,167.25999450683594,161.58999633789062,164.6199951171875,164.3814697265625,25851200.0
2025-09-23,MU,165.67999267578125,168.99000549316406,165.22999572753906,166.41000366210938,166.16888427734375,43316500.0
2025-09-24,MU,165.0800018310547,166.0,158.3000030517578,161.7100067138672,161.47569274902344,57096400.0
2025-09-25,MU,157.38999938964844,158.9499969482422,154.64999389648438,156.8300018310547,156.602783203125,32209200.0
2025-09-26,MU,158.52000427246094,158.9199981689453,155.17999267578125,157.27000427246094,157.04212951660156,24045000.0
2025-09-29,MU,160.0,165.8000030517578,159.97000122070312,163.89999389648438,163.66250610351562,26506500.0
2025-09-30,MU,164.11000061035156,168.9499969482422,163.9600067138672,167.32000732421875,167.07757568359375,20092500.0
2025-10-01,MU,165.60000610351562,182.38999938964844,165.5,182.1499938964844,181.8860626220703,41674800.0
2025-10-02,MU,184.9600067138672,186.17999267578125,181.2100067138672,183.75,183.48374938964844,25122200.0
2025-10-03,MU,185.2100067138672,191.8500061035156,184.9199981689453,187.8300018310547,187.67530822753903,29399300.0
2025-10-06,MU,195.0099945068359,201.0,189.42999267578125,190.9600067138672,190.802734375,36392300.0
2025-10-07,MU,194.8500061035156,195.3000030517578,183.2400054931641,185.69000244140625,185.53707885742188,27828200.0
2025-10-08,MU,188.9900054931641,196.9499969482422,188.8000030517578,196.5399932861328,196.3781280517578,26833900.0
2025-10-09,MU,192.97000122070312,196.6199951171875,189.5,192.3300018310547,192.17160034179688,19721500.0
2025-10-10,MU,192.9600067138672,193.44000244140625,179.61000061035156,181.6000061035156,181.450439453125,26990300.0
2025-10-13,MU,190.7899932861328,193.3999938964844,187.9900054931641,192.77000427246097,192.6112365722656,20928400.0
2025-10-14,MU,186.9600067138672,192.4600067138672,186.25,187.05999755859375,186.9059295654297,15912400.0
2025-10-15,MU,192.47999572753903,192.8800048828125,187.4199981689453,191.94000244140625,191.78192138671875,17793100.0
2025-10-16,MU,199.9600067138672,206.33999633789065,195.1999969482422,202.52999877929688,202.3632049560547,42041300.0
2025-10-17,MU,199.27999877929688,203.38999938964844,195.5500030517578,202.3800048828125,202.2133331298828,23283100.0
2025-10-20,MU,209.66000366210935,214.75,205.5,206.77000427246097,206.59971618652344,23268400.0
2025-10-21,MU,204.3000030517578,205.8699951171875,200.83999633789065,202.2899932861328,202.12338256835935,13717300.0
2025-10-22,MU,202.25,205.5800018310547,192.3999938964844,198.47000122070312,198.3065490722656,21949800.0
2025-10-23,MU,196.6999969482422,209.0,195.1999969482422,206.7100067138672,206.53976440429688,19397900.0
2025-10-24,MU,212.38999938964844,219.82000732421875,209.97999572753903,219.02000427246097,218.83963012695312,25821800.0
2025-10-27,MU,224.80999755859375,224.97999572753903,215.7400054931641,220.1000061035156,219.91873168945312,23873100.0
2025-10-28,MU,218.92999267578125,222.8999938964844,217.55999755859375,221.91000366210935,221.7272491455078,14957500.0
2025-10-29,MU,229.05999755859375,232.3999938964844,226.1000061035156,226.6300048828125,226.443359375,23217300.0
2025-10-30,MU,226.1000061035156,227.3999938964844,220.7400054931641,224.0099945068359,223.8255157470703,14795100.0
2025-10-31,MU,227.75,231.25,218.82000732421875,223.77000427246097,223.5857086181641,16320000.0
2025-11-03,MU,233.8800048828125,237.6199951171875,231.8000030517578,234.6999969482422,234.5067138671875,21199300.0
2025-11-04,MU,222.13999938964844,228.6699981689453,217.3999938964844,218.02999877929688,217.85043334960935,23696200.0
2025-11-05,MU,225.6699981689453,239.8800048828125,224.72999572753903,237.5,237.30441284179688,28617400.0
2025-11-06,MU,237.83999633789065,246.41000366210935,234.8800048828125,238.3300018310547,238.13372802734375,32016800.0
2025-11-07,MU,234.02999877929688,242.5500030517578,226.3999938964844,237.9199981689453,237.7240447998047,30613800.0
2025-11-10,MU,247.9600067138672,257.07000732421875,247.80999755859375,253.3000030517578,253.0913848876953,27870600.0
2025-11-11,MU,248.33999633789065,249.9900054931641,238.7899932861328,241.11000061035156,240.9114227294922,22622500.0
2025-11-12,MU,244.8999938964844,249.19000244140625,240.83999633789065,244.8999938964844,244.69830322265625,17263100.0
2025-11-13,MU,243.6000061035156,249.5,230.16000366210935,236.9499969482422,236.75485229492188,32324600.0
2025-11-14,MU,231.4499969482422,255.1699981689453,231.22999572753903,246.8300018310547,246.6267242431641,36171100.0
2025-11-17,MU,246.9199981689453,260.5799865722656,239.4600067138672,241.9499969482422,241.750732421875,30304400.0
2025-11-18,MU,235.47999572753903,238.92999267578125,225.52000427246097,228.5,228.3118133544922,33843900.0
2025-11-19,MU,226.91000366210935,234.3500061035156,216.36000061035156,225.9199981689453,225.7339324951172,35256600.0
2025-11-20,MU,230.2400054931641,230.6000061035156,199.6000061035156,201.3699951171875,201.20416259765625,47420700.0
2025-11-21,MU,204.52999877929688,212.0,192.58999633789065,207.3699951171875,207.19921875,36679700.0
2025-11-24,MU,213.41000366210935,226.11000061035156,212.36000061035156,223.92999267578125,223.74557495117188,33052800.0
2025-11-25,MU,219.22000122070312,226.19000244140625,216.0,224.52999877929688,224.3450927734375,17441600.0
2025-11-26,MU,229.6199951171875,233.8300018310547,226.0,230.2599945068359,230.0703582763672,17817600.0
2025-11-28,MU,235.6199951171875,238.1000061035156,233.47000122070312,236.47999572753903,236.2852478027344,12914700.0
2025-12-01,MU,232.2899932861328,242.36000061035156,231.5,240.4600067138672,240.261962890625,18238200.0
2025-12-02,MU,238.75,244.3699951171875,234.3300018310547,239.4900054931641,239.2927703857422,18166200.0
2025-12-03,MU,236.38999938964844,237.8000030517578,228.08999633789065,234.16000366210935,233.9671630859375,19188200.0
2025-12-04,MU,230.27999877929688,234.16000366210935,223.3300018310547,226.6499938964844,226.4633331298828,23513900.0
2025-12-05,MU,228.9499969482422,240.57000732421875,226.69000244140625,237.22000122070312,237.02462768554688,21161000.0
2025-12-08,MU,243.4900054931641,249.22999572753903,241.61000061035156,246.9199981689453,246.71664428710935,20495400.0
2025-12-09,MU,244.4900054931641,255.5099945068359,242.8300018310547,252.4199981689453,252.2121124267578,17067100.0
2025-12-10,MU,255.1300048828125,264.75,250.5800018310547,263.7099914550781,263.4927978515625,21960700.0
2025-12-11,MU,261.5299987792969,262.8500061035156,251.5500030517578,258.4599914550781,258.24713134765625,18867000.0
2025-12-12,MU,255.6699981689453,255.82000732421875,239.32000732421875,241.13999938964844,240.94140625,25936900.0
2025-12-15,MU,247.11000061035156,250.11000061035156,236.0,237.5,237.30441284179688,27483600.0
2025-12-16,MU,235.8000030517578,239.3999938964844,230.5800018310547,232.5099945068359,232.31851196289065,22577300.0
2025-12-17,MU,236.55999755859375,237.4499969482422,221.69000244140625,225.52000427246097,225.3342742919922,41957100.0
2025-12-18,MU,256.5299987792969,263.6499938964844,245.0,248.5500030517578,248.3453063964844,65006100.0
2025-12-19,MU,251.75,268.3800048828125,251.75,265.9200134277344,265.70098876953125,62312100.0
2025-12-22,MU,277.1499938964844,279.989990234375,268.2900085449219,276.5899963378906,276.3622131347656,30961900.0
2025-12-23,MU,275.9200134277344,281.8599853515625,272.32000732421875,276.2699890136719,276.0424499511719,20767600.0
2025-12-24,MU,278.0,289.29998779296875,277.25,286.67999267578125,286.44390869140625,18592600.0
2025-12-26,MU,290.8399963378906,290.8699951171875,283.4200134277344,284.7900085449219,284.55548095703125,17878500.0
2025-12-29,MU,280.3299865722656,294.5,278.5,294.3699951171875,294.24639892578125,26642900.0
2025-12-30,MU,294.70001220703125,298.8299865722656,292.010009765625,292.6300048828125,292.5071105957031,23056400.0
2025-12-31,MU,293.1700134277344,293.1700134277344,284.17999267578125,285.4100036621094,285.2901611328125,17573800.0
2026-01-02,MU,295.1300048828125,315.6000061035156,294.8599853515625,315.4200134277344,315.2875671386719,42604300.0
2026-01-05,MU,325.1300048828125,325.5299987792969,309.54998779296875,312.1499938964844,312.0189208984375,34608600.0
2026-01-06,MU,318.2799987792969,344.54998779296875,318.05999755859375,343.42999267578125,343.2857666015625,48732400.0
2026-01-07,MU,340.7099914550781,346.29998779296875,337.17999267578125,339.54998779296875,339.40740966796875,32781100.0
2026-01-08,MU,342.8999938964844,343.6600036621094,321.3599853515625,327.0199890136719,326.8826599121094,33897700.0
2026-01-09,MU,332.75,345.79998779296875,326.19000244140625,345.0899963378906,344.9450988769531,33387500.0
2026-01-12,MU,340.54998779296875,348.4700012207031,339.32000732421875,345.8699951171875,345.7247619628906,23152600.0
2026-01-13,MU,346.2699890136719,351.2300109863281,335.2200012207031,338.1300048828125,337.9880065917969,23881300.0
2026-01-14,MU,334.8399963378906,339.1000061035156,328.20001220703125,333.3500061035156,333.21002197265625,20277200.0
2026-01-15,MU,345.3299865722656,347.7699890136719,336.2699890136719,336.6300048828125,336.4886474609375,25370200.0
2026-01-16,MU,353.1000061035156,365.80999755859375,352.0400085449219,362.75,362.5976867675781,47901900.0
2026-01-20,MU,364.6799926757813,381.55999755859375,361.3500061035156,365.0,364.84674072265625,49744900.0
2026-01-21,MU,372.8500061035156,394.2000122070313,366.7300109863281,389.1099853515625,388.9465942382813,56712800.0
2026-01-22,MU,396.6400146484375,397.7799987792969,376.9200134277344,397.5799865722656,397.41302490234375,39607600.0
2026-01-23,MU,397.1600036621094,412.4299926757813,390.739990234375,399.6499938964844,399.482177734375,35404200.0
2026-01-26,MU,395.5,398.0,384.2999877929687,389.0899963378906,388.9266052246094,29193900.0
2026-01-27,MU,404.6099853515625,416.4500122070313,399.6000061035156,410.239990234375,410.0677185058594,36212100.0
2026-01-28,MU,422.44000244140625,438.94000244140625,417.0,435.2799987792969,435.09722900390625,42725700.0
2026-01-29,MU,439.3699951171875,444.7099914550781,417.7000122070313,435.7900085449219,435.6070251464844,42675700.0
2026-01-30,MU,446.4700012207031,455.5,407.1300048828125,414.8800048828125,414.7057800292969,51022900.0
2026-02-02,MU,412.1799926757813,442.4299926757813,410.0,437.7999877929687,437.61614990234375,37771200.0
2026-02-03,MU,442.1600036621094,442.2999877929687,407.5299987792969,419.44000244140625,419.2638854980469,42763300.0
2026-02-04,MU,410.5899963378906,413.0,363.8999938964844,379.3999938964844,379.2406921386719,58074900.0
2026-02-05,MU,369.6199951171875,390.9299926757813,366.0,382.8900146484375,382.729248046875,38899500.0
2026-02-06,MU,377.9700012207031,396.6499938964844,372.8699951171875,394.69000244140625,394.5242614746094,37196000.0
2026-02-09,MU,380.69000244140625,391.80999755859375,370.6799926757813,383.5,383.3389587402344,31009600.0
2026-02-10,MU,375.989990234375,382.7900085449219,366.05999755859375,373.25,373.09326171875,35433800.0
2026-02-11,MU,395.3900146484375,414.1600036621094,386.5700073242187,410.3399963378906,410.1676940917969,48475000.0
2026-02-12,MU,422.25,438.7699890136719,411.1600036621094,413.9700012207031,413.7961730957031,45639100.0
2026-02-13,MU,405.19000244140625,420.8800048828125,392.7099914550781,411.6600036621094,411.4871520996094,33807600.0
2026-02-17,MU,400.9500122070313,413.6600036621094,395.2999877929687,399.7799987792969,399.6121215820313,28549500.0
2026-02-18,MU,399.5,427.8500061035156,394.6000061035156,420.9500122070313,420.7732543945313,32306600.0
2026-02-19,MU,415.80999755859375,420.3200073242187,407.739990234375,417.3500061035156,417.17474365234375,21651300.0
2026-02-20,MU,415.1799926757813,430.5700073242187,415.1499938964844,428.1700134277344,427.9902038574219,29894900.0
2026-02-23,MU,422.30999755859375,431.7000122070313,415.2999877929687,420.9700012207031,420.7932434082031,25426600.0
2026-02-24,MU,429.2200012207031,436.2699890136719,411.2799987792969,418.010009765625,417.83447265625,33389200.0
2026-02-25,MU,426.5,436.8900146484375,423.0,429.0,428.8198547363281,27296300.0
2026-02-26,MU,424.8399963378906,434.0,401.9599914550781,415.55999755859375,415.385498046875,35433500.0
2026-02-27,MU,401.80999755859375,417.9599914550781,401.1799926757813,412.3699951171875,412.19683837890625,28653900.0
2026-03-02,MU,401.4700012207031,417.6099853515625,397.0,412.6700134277344,412.4967346191406,30049200.0
2026-03-03,MU,386.5499877929687,390.0899963378906,374.5499877929687,379.6799926757813,379.52056884765625,39010900.0
2026-03-04,MU,393.6400146484375,407.8800048828125,387.6099853515625,400.7699890136719,400.6016845703125,32644900.0
2026-03-05,MU,398.6000061035156,404.5299987792969,380.2999877929687,397.0499877929687,396.8832702636719,29960100.0
2026-03-06,MU,380.1400146484375,391.1799926757813,367.4500122070313,370.2999877929687,370.1445007324219,34458800.0
2026-03-09,MU,363.9599914550781,390.0,357.6700134277344,389.3200073242187,389.1565246582031,35547200.0
2026-03-10,MU,394.010009765625,415.30999755859375,393.6400146484375,403.1099853515625,402.9407043457031,33745400.0
2026-03-11,MU,410.7699890136719,422.75,405.7900085449219,418.69000244140625,418.5141906738281,30191400.0
2026-03-12,MU,410.0,413.7300109863281,396.6700134277344,405.3500061035156,405.1797790527344,31720900.0
2026-03-13,MU,413.75,429.3500061035156,413.0,426.1300048828125,425.9510803222656,39261000.0
2026-03-16,MU,446.1600036621094,454.8599853515625,437.75,441.7999877929687,441.6144714355469,43067600.0
2026-03-17,MU,452.5400085449219,462.7300109863281,445.1400146484375,461.69000244140625,461.4961242675781,43017900.0
2026-03-18,MU,464.760009765625,471.3399963378906,458.2999877929687,461.7300109863281,461.5361328125,58973700.0
2026-03-19,MU,424.9700012207031,457.2200012207031,421.1099853515625,444.2699890136719,444.08343505859375,74591900.0
2026-03-20,MU,443.9200134277344,449.1000061035156,415.3599853515625,422.8999938964844,422.722412109375,64224900.0
2026-03-23,MU,426.1499938964844,444.2699890136719,401.5199890136719,404.3500061035156,404.1802062988281,54807300.0
2026-03-24,MU,401.2799987792969,404.9800109863281,388.9100036621094,395.5299987792969,395.3639221191406,44975100.0
2026-03-25,MU,383.0,388.9200134277344,371.3800048828125,382.0899963378906,381.9295654296875,55328700.0
2026-03-26,MU,370.0199890136719,374.25,350.0,355.4599914550781,355.31072998046875,54515900.0
2026-03-27,MU,359.8599853515625,368.7000122070313,354.05999755859375,357.2200012207031,357.07000732421875,45806700.0
2026-03-30,MU,362.6600036621094,362.80999755859375,318.3999938964844,321.79998779296875,321.79998779296875,73833200.0
2026-03-31,MU,321.6700134277344,337.8399963378906,311.489990234375,337.8399963378906,337.8399963378906,73551800.0
2026-04-01,MU,348.9100036621094,377.8900146484375,343.0,367.8500061035156,367.8500061035156,74429800.0
2026-04-02,MU,341.3399963378906,366.94000244140625,340.20001220703125,366.239990234375,366.239990234375,51498700.0
2026-04-06,MU,373.7999877929687,385.0799865722656,370.6099853515625,377.760009765625,377.760009765625,41414900.0
2026-04-07,MU,374.1300048828125,379.25,364.1000061035156,377.5799865722656,377.5799865722656,40224100.0
2026-04-08,MU,415.1300048828125,416.0,398.8800048828125,406.7300109863281,406.7300109863281,49216600.0
2026-04-09,MU,407.6099853515625,423.94000244140625,398.44000244140625,421.510009765625,421.510009765625,43101000.0
2026-04-10,MU,420.2900085449219,423.8599853515625,410.0499877929687,420.5899963378906,420.5899963378906,36377600.0
2026-04-13,MU,416.4700012207031,426.8800048828125,408.5,426.55999755859375,426.55999755859375,37015800.0
2026-04-14,MU,434.3500061035156,465.7799987792969,424.8599853515625,465.6600036621094,465.6600036621094,52534900.0
2026-04-15,MU,457.6300048828125,463.9500122070313,439.3200073242187,456.2300109863281,456.2300109863281,40370100.0
2026-04-16,MU,452.9599914550781,462.3399963378906,444.3800048828125,457.2300109863281,457.2300109863281,33626400.0
2026-04-17,MU,466.8500061035156,470.9700012207031,452.2000122070313,455.0700073242187,455.0700073242187,33405000.0
2026-04-20,MU,458.25,464.55999755859375,435.8999938964844,448.4200134277344,448.4200134277344,32013600.0
2026-04-21,MU,451.3200073242187,457.8200073242187,441.2999877929687,449.3800048828125,449.3800048828125,27734000.0
2026-04-22,MU,462.9299926757813,491.9800109863281,458.55999755859375,487.4800109863281,487.4800109863281,45998100.0
2026-04-23,MU,482.2799987792969,493.6199951171875,471.7999877929687,481.7200012207031,481.7200012207031,38178000.0
2026-04-24,MU,495.9200134277344,506.989990234375,489.3599853515625,496.7200012207031,496.7200012207031,35379600.0
2026-04-27,MU,510.55999755859375,531.3599853515625,510.0199890136719,524.5599975585938,524.5599975585938,41298800.0
2026-04-28,MU,503.5400085449219,518.8300170898438,488.2300109863281,504.2900085449219,504.2900085449219,44816600.0
2026-04-29,MU,526.0,531.02001953125,508.7999877929687,518.4600219726562,518.4600219726562,36248500.0
2026-04-30,MU,529.739990234375,535.5,502.5799865722656,517.1599731445312,517.1599731445312,36554400.0
2026-05-01,MU,511.7799987792969,545.9099731445312,510.2099914550781,542.2100219726562,542.2100219726562,40215300.0
2026-05-04,MU,560.5999755859375,592.7999877929688,557.760009765625,576.4500122070312,576.4500122070312,46043700.0
2026-05-05,MU,609.780029296875,651.739990234375,605.469970703125,640.2000122070312,640.2000122070312,64268500.0
2026-05-06,MU,660.3699951171875,667.6699829101562,627.5800170898438,666.5900268554688,666.5900268554688,55725800.0
2026-05-07,MU,649.8300170898438,683.0900268554688,635.4199829101562,646.6300048828125,646.6300048828125,47527500.0
2026-05-08,MU,676.4500122070312,747.2100219726562,676.2100219726562,746.8099975585938,746.8099975585938,65130900.0
2026-05-11,MU,792.97998046875,818.6699829101562,768.0,795.3300170898438,795.3300170898438,70972900.0
2026-05-12,MU,774.7000122070312,782.760009765625,706.5999755859375,766.5800170898438,766.5800170898438,73743000.0
2026-05-13,MU,813.1599731445312,814.9500122070312,779.469970703125,803.6300048828125,803.6300048828125,54875100.0
2026-05-14,MU,787.6199951171875,812.0,775.6300048828125,776.010009765625,776.010009765625,42142700.0
2026-05-15,MU,732.5700073242188,749.5900268554688,719.0,724.6599731445312,724.6599731445312,48519000.0
2026-05-18,MU,750.4600219726562,757.0,663.25,681.5399780273438,681.5399780273438,60042500.0
2026-05-19,MU,665.5800170898438,725.9500122070312,652.2100219726562,698.739990234375,698.739990234375,61792100.0
2026-05-20,MU,734.9600219726562,735.6799926757812,700.6599731445312,731.989990234375,731.989990234375,48827400.0
2026-05-21,MU,736.3599853515625,764.9000244140625,732.2000122070312,762.0999755859375,762.0999755859375,42461500.0
2026-05-22,MU,756.8200073242188,780.2000122070312,747.2000122070312,751.0,751.0,35775900.0
2023-12-07,NVDA,45.70000076293945,46.62900161743164,45.604000091552734,46.59600067138672,46.567535400390625,350823000.0
2023-12-08,NVDA,46.595001220703125,47.74100112915039,46.54999923706055,47.50600051879883,47.47697830200195,359224000.0
2023-12-11,NVDA,47.49100112915039,47.53099822998047,45.83000183105469,46.62699890136719,46.59851837158203,509728000.0
2023-12-12,NVDA,46.04600143432617,47.66600036621094,46.04600143432617,47.65700149536133,47.627891540527344,372387000.0
2023-12-13,NVDA,47.62900161743164,48.59400177001953,47.608001708984375,48.0880012512207,48.05862808227539,447792000.0
2023-12-14,NVDA,48.38999938964844,48.66999816894531,47.422000885009766,48.349998474121094,48.32046127319336,391232000.0
2023-12-15,NVDA,48.194000244140625,49.40399932861328,48.119998931884766,48.88999938964844,48.860130310058594,479948000.0
2023-12-18,NVDA,49.400001525878906,50.43299865722656,49.150001525878906,50.07699966430664,50.04640579223633,412587000.0
2023-12-19,NVDA,49.42399978637695,49.70000076293945,48.89500045776367,49.604000091552734,49.57369613647461,464444000.0
2023-12-20,NVDA,49.654998779296875,49.999000549316406,48.097999572753906,48.11100006103515,48.08160781860352,397894000.0
2023-12-21,NVDA,48.81100082397461,49.095001220703125,48.41899871826172,48.9900016784668,48.96007537841797,300425000.0
2023-12-22,NVDA,49.19499969482422,49.382999420166016,48.46699905395508,48.83000183105469,48.800174713134766,252507000.0
2023-12-26,NVDA,48.96799850463867,49.599998474121094,48.959999084472656,49.27899932861328,49.2488899230957,244200000.0
2023-12-27,NVDA,49.51100158691406,49.68000030517578,49.084999084472656,49.41699981689453,49.38681411743164,233648000.0
2023-12-28,NVDA,49.64300155639648,49.88399887084961,49.4119987487793,49.52199935913086,49.49174499511719,246587000.0
2023-12-29,NVDA,49.8129997253418,49.99700164794922,48.750999450683594,49.52199935913086,49.49174499511719,389293000.0
2024-01-02,NVDA,49.24399948120117,49.29499816894531,47.595001220703125,48.167999267578125,48.138572692871094,411254000.0
2024-01-03,NVDA,47.48500061035156,48.18399810791016,47.31999969482422,47.569000244140625,47.53993606567383,320896000.0
2024-01-04,NVDA,47.766998291015625,48.5,47.507999420166016,47.99800109863281,47.96868515014648,306535000.0
2024-01-05,NVDA,48.46200180053711,49.547000885009766,48.305999755859375,49.09700012207031,49.06700897216797,415039000.0
2024-01-08,NVDA,49.512001037597656,52.275001525878906,49.479000091552734,52.25299835205078,52.2210807800293,642510000.0
2024-01-09,NVDA,52.4010009765625,54.32500076293945,51.689998626708984,53.13999938964844,53.107540130615234,773100000.0
2024-01-10,NVDA,53.61600112915039,54.599998474121094,53.48899841308594,54.349998474121094,54.31679916381836,533796000.0
2024-01-11,NVDA,54.999000549316406,55.34600067138672,53.560001373291016,54.821998596191406,54.78850555419922,596759000.0
2024-01-12,NVDA,54.619998931884766,54.970001220703125,54.33000183105469,54.709999084472656,54.67657470703125,352994000.0
2024-01-16,NVDA,55.01800155639648,56.834999084472656,54.900001525878906,56.38199996948242,56.34755325317383,449580000.0
2024-01-17,NVDA,56.34700012207031,56.47100067138672,54.7400016784668,56.053001403808594,56.01875686645508,474394000.0
2024-01-18,NVDA,57.2599983215332,57.599998474121094,56.10699844360352,57.10699844360352,57.07210922241211,491650000.0
2024-01-19,NVDA,57.98899841308594,59.5,57.224998474121094,59.49100112915039,59.45465469360352,543501000.0
2024-01-22,NVDA,60.04899978637695,60.33100128173828,59.06999969482422,59.65399932861328,59.6175651550293,452955000.0
2024-01-23,NVDA,59.56999969482422,59.90999984741211,58.584999084472656,59.87300109863281,59.83642578125,294654000.0
2024-01-24,NVDA,60.30400085449219,62.8489990234375,59.9379997253418,61.36199951171875,61.32451248168945,560271000.0
2024-01-25,NVDA,62.349998474121094,62.71900177001953,60.849998474121094,61.617000579833984,61.57936477661133,482777000.0
2024-01-26,NVDA,60.959999084472656,61.78300094604492,60.573001861572266,61.03099822998047,60.99371337890625,390309000.0
2024-01-29,NVDA,61.23199844360352,62.48899841308594,60.90700149536133,62.46500015258789,62.42683792114258,348733000.0
2024-01-30,NVDA,62.900001525878906,63.49300003051758,62.2599983215332,62.77399826049805,62.735652923583984,410735000.0
2024-01-31,NVDA,61.439998626708984,62.26900100708008,60.70000076293945,61.527000427246094,61.489410400390625,453795000.0
2024-02-01,NVDA,62.099998474121094,63.19100189208984,61.650001525878906,63.027000427246094,62.988494873046875,369146000.0
2024-02-02,NVDA,63.9739990234375,66.5999984741211,63.689998626708984,66.16000366210938,66.11958312988281,476578000.0
2024-02-05,NVDA,68.2249984741211,69.49700164794922,67.20500183105469,69.33200073242188,69.28964233398438,680078000.0
2024-02-06,NVDA,69.62999725341797,69.75399780273438,66.30000305175781,68.2229995727539,68.18132019042969,683111000.0
2024-02-07,NVDA,68.31900024414062,70.22000122070312,67.5999984741211,70.0989990234375,70.05616760253906,495575000.0
2024-02-08,NVDA,70.0739974975586,70.79399871826172,69.45500183105469,69.64099884033203,69.59844970703125,414422000.0
2024-02-09,NVDA,70.53299713134766,72.18499755859375,70.21199798583984,72.13300323486328,72.08894348144531,436637000.0
2024-02-12,NVDA,72.5999984741211,74.61100006103516,71.25,72.24800109863281,72.20386505126953,613710000.0
2024-02-13,NVDA,70.4000015258789,73.44999694824219,69.62000274658203,72.12799835205078,72.08394622802734,602580000.0
2024-02-14,NVDA,73.2020034790039,74.23600006103516,71.93800354003906,73.9000015258789,73.8548583984375,504917000.0
2024-02-15,NVDA,73.86900329589844,73.9749984741211,72.4000015258789,72.65799713134766,72.61360931396484,420122000.0
2024-02-16,NVDA,74.0999984741211,74.4020004272461,72.5009994506836,72.61299896240234,72.56864166259766,495327000.0
2024-02-20,NVDA,71.9469985961914,71.95600128173828,67.73400115966797,69.4520034790039,69.40957641601562,704833000.0
2024-02-21,NVDA,68.00599670410156,68.88800048828125,66.24800109863281,67.47200012207031,67.43079376220703,673755000.0
2024-02-22,NVDA,75.0250015258789,78.57499694824219,74.22000122070312,78.53800201416016,78.4900131225586,865100000.0
2024-02-23,NVDA,80.79000091552734,82.39399719238281,77.56999969482422,78.81700134277344,78.76885986328125,829388000.0
2024-02-26,NVDA,79.69999694824219,80.64600372314453,78.50499725341797,79.09200286865234,79.04368591308594,503973000.0
2024-02-27,NVDA,79.38099670410156,79.4800033569336,77.16200256347656,78.70099639892578,78.65292358398438,391705000.0
2024-02-28,NVDA,77.62000274658203,78.93299865722656,77.125,77.66300201416016,77.61554718017578,393110000.0
2024-02-29,NVDA,79.09400177001953,79.98999786376953,78.3499984741211,79.11199951171875,79.06366729736328,507289000.0
2024-03-01,NVDA,80.0,82.30000305175781,79.43499755859375,82.27899932861328,82.22872924804688,479135000.0
2024-03-04,NVDA,84.12999725341797,87.69499969482422,83.71900177001953,85.23699951171875,85.18492889404297,615616000.0
2024-03-05,NVDA,85.2699966430664,86.09700012207031,83.41699981689453,85.96399688720703,85.91551208496094,520639000.0
2024-03-06,NVDA,88.02200317382812,89.7239990234375,87.02999877929688,88.69999694824219,88.64997100830078,582520000.0
2024-03-07,NVDA,90.15799713134766,92.76699829101562,89.60199737548828,92.66899871826172,92.6167221069336,608119000.0
2024-03-08,NVDA,95.13800048828124,97.4000015258789,86.50599670410156,87.52799987792969,87.47863006591797,1142269000.0
2024-03-11,NVDA,86.42900085449219,88.7969970703125,84.16600036621094,85.77400207519531,85.72563171386719,678364000.0
2024-03-12,NVDA,88.04900360107422,91.95999908447266,86.1500015258789,91.91300201416016,91.86115264892578,668075000.0
2024-03-13,NVDA,91.05500030517578,91.50399780273438,88.43499755859375,90.88800048828124,90.83674621582033,635713000.0
2024-03-14,NVDA,89.5770034790039,90.64600372314452,86.5999984741211,87.94400024414062,87.8943862915039,602318000.0
2024-03-15,NVDA,86.93000030517578,89.5459976196289,86.25700378417969,87.83699798583984,87.78744506835938,642086000.0
2024-03-18,NVDA,90.38800048828124,92.40499877929688,87.08499908447266,88.45500183105469,88.4051284790039,668976000.0
2024-03-19,NVDA,86.69999694824219,90.54399871826172,85.01000213623047,89.39800262451172,89.34758758544922,672171000.0
2024-03-20,NVDA,89.7969970703125,90.41000366210938,88.2229995727539,90.37200164794922,90.32102966308594,479063000.0
2024-03-21,NVDA,92.3000030517578,92.64800262451172,90.40499877929688,91.43499755859376,91.38343811035156,480372000.0
2024-03-22,NVDA,91.14099884033205,94.77799987792967,90.83399963378906,94.28900146484376,94.23580932617188,586719000.0
2024-03-25,NVDA,93.94100189208984,96.76599884033205,93.51000213623048,95.0019989013672,94.94841003417967,552136000.0
2024-03-26,NVDA,95.85099792480467,96.375,92.5019989013672,92.56099700927734,92.5087890625,513648000.0
2024-03-27,NVDA,93.11199951171876,93.23999786376952,89.12300109863281,90.25,90.19908905029295,586067000.0
2024-03-28,NVDA,90.0,91.3000030517578,89.19300079345703,90.3560028076172,90.30503845214844,435212000.0
2024-04-01,NVDA,90.29900360107422,92.2249984741211,89.2040023803711,90.36299896240234,90.31202697753906,452441000.0
2024-04-02,NVDA,88.447998046875,90.09400177001952,87.62000274658203,89.4520034790039,89.40155029296875,433064000.0
2024-04-03,NVDA,88.48400115966797,90.3740005493164,88.4000015258789,88.96399688720703,88.91382598876953,370067000.0
2024-04-04,NVDA,90.40599822998048,90.63400268554688,85.87999725341797,85.90499877929688,85.8565444946289,434965000.0
2024-04-05,NVDA,86.86599731445312,88.48100280761719,85.9260025024414,88.00800323486328,87.9583740234375,399678000.0
2024-04-08,NVDA,88.69999694824219,88.83000183105469,86.73200225830078,87.13300323486328,87.08384704589844,283220000.0
2024-04-09,NVDA,87.44200134277344,87.63500213623047,83.02200317382812,85.35399627685547,85.30584716796875,501700000.0
2024-04-10,NVDA,83.9260025024414,87.4000015258789,83.70899963378906,87.03900146484375,86.98990631103516,431929000.0
2024-04-11,NVDA,87.41999816894531,90.73899841308594,86.9260025024414,90.61599731445312,90.56488800048828,431637000.0
2024-04-12,NVDA,89.6989974975586,90.1750030517578,87.52999877929688,88.18599700927734,88.13627624511719,426805000.0
2024-04-15,NVDA,89.0979995727539,90.61299896240234,85.92900085449219,86.0009994506836,85.95249938964844,443077000.0
2024-04-16,NVDA,86.43299865722656,88.11799621582031,86.06400299072266,87.41500091552734,87.36569213867188,370453000.0
2024-04-17,NVDA,88.33999633789062,88.7750015258789,83.94999694824219,84.03500366210938,83.98759460449219,495400000.0
2024-04-18,NVDA,84.97000122070312,86.19000244140625,82.4020004272461,84.6709976196289,84.62324523925781,447260000.0
2024-04-19,NVDA,83.1500015258789,84.3239974975586,75.60600280761719,76.19999694824219,76.15702819824219,875198000.0
2024-04-22,NVDA,78.10399627685547,80.072998046875,76.4000015258789,79.51799774169922,79.47315216064453,596341000.0
2024-04-23,NVDA,80.76899719238281,82.76899719238281,80.26399993896484,82.4229965209961,82.37651062011719,438559000.0
2024-04-24,NVDA,83.94999694824219,84.08200073242188,79.18299865722656,79.677001953125,79.63206481933594,512208000.0
2024-04-25,NVDA,78.86799621582031,83.322998046875,78.2229995727539,82.63200378417969,82.58539581298828,424641000.0
2024-04-26,NVDA,83.81800079345703,88.33100128173828,83.38700103759766,87.73500061035156,87.68551635742188,551011000.0
2024-04-29,NVDA,87.59500122070312,87.99199676513672,85.26599884033203,87.75700378417969,87.70751190185547,388971000.0
2024-04-30,NVDA,87.23999786376953,88.81900024414062,86.30000305175781,86.4020004272461,86.35327911376953,363709000.0
2024-05-01,NVDA,85.0770034790039,86.0,81.25499725341797,83.04100036621094,82.99415588378906,559863000.0
2024-05-02,NVDA,84.4489974975586,86.23699951171875,83.19999694824219,85.81700134277344,85.76859283447266,377898000.0
2024-05-03,NVDA,87.78900146484375,89.28099822998047,87.04000091552734,88.78900146484375,88.73892211914062,398341000.0
2024-05-06,NVDA,89.38999938964844,92.22000122070312,89.05500030517578,92.13999938964844,92.08802795410156,376203000.0
2024-05-07,NVDA,91.0979995727539,91.78099822998048,89.01100158691406,90.5540008544922,90.50292205810548,437342000.0
2024-05-08,NVDA,89.48300170898438,91.19400024414062,89.41999816894531,90.41200256347656,90.36100769042967,325721000.0
2024-05-09,NVDA,90.52899932861328,91.0719985961914,88.23100280761719,88.74700164794922,88.69695281982422,378013000.0
2024-05-10,NVDA,90.30500030517578,91.4010009765625,89.22699737548828,89.87799835205078,89.82730865478516,335325000.0
2024-05-13,NVDA,90.47799682617188,90.9980010986328,88.52899932861328,90.39900207519533,90.34801483154295,289680000.0
2024-05-14,NVDA,89.5989990234375,91.6510009765625,88.93399810791016,91.3560028076172,91.30447387695312,296507000.0
2024-05-15,NVDA,92.47200012207033,94.86199951171876,91.5989990234375,94.62999725341795,94.57662200927734,417735000.0
2024-05-16,NVDA,94.91000366210938,95.81900024414062,94.10299682617188,94.35900115966795,94.30577850341795,323952000.0
2024-05-17,NVDA,94.36900329589844,94.73999786376952,91.80599975585938,92.47899627685548,92.42682647705078,359691000.0
2024-05-20,NVDA,93.75,95.1999969482422,93.44000244140624,94.77999877929688,94.72655487060548,318764000.0
2024-05-21,NVDA,93.5989990234375,95.4000015258789,93.18000030517578,95.38600158691406,95.33219909667967,328946000.0
2024-05-22,NVDA,95.45899963378906,96.0199966430664,93.2490005493164,94.9499969482422,94.89645385742188,548648000.0
2024-05-23,NVDA,102.02799987792967,106.31999969482422,101.5199966430664,103.79900360107422,103.74047088623048,835065000.0
2024-05-24,NVDA,104.4489974975586,106.4749984741211,103.0,106.46900177001952,106.40895080566406,429494000.0
2024-05-28,NVDA,110.24400329589844,114.93900299072266,109.88300323486328,113.9010009765625,113.83676147460938,652728000.0
2024-05-29,NVDA,113.0500030517578,115.49199676513672,110.9010009765625,114.8249969482422,114.76023864746094,557442000.0
2024-05-30,NVDA,114.6500015258789,115.81900024414062,109.66300201416016,110.5,110.43767547607422,484553000.0
2024-05-31,NVDA,112.5199966430664,112.71700286865234,106.94000244140624,109.63300323486328,109.5711669921875,613263000.0
2024-06-03,NVDA,113.62100219726562,115.0,112.00299835205078,115.0,114.93514251708984,438392000.0
2024-06-04,NVDA,115.71600341796876,116.5999984741211,114.04499816894533,116.43699645996094,116.37133026123048,403324000.0
2024-06-05,NVDA,118.37100219726562,122.4489974975586,117.46800231933594,122.44000244140624,122.3709487915039,528402000.0
2024-06-06,NVDA,124.0479965209961,125.58699798583984,118.31999969482422,120.9980010986328,120.92975616455078,664696000.0
2024-06-07,NVDA,119.7699966430664,121.69200134277344,118.02200317382812,120.88800048828124,120.81982421875,412386000.0
2024-06-10,NVDA,120.37000274658205,123.0999984741211,117.01000213623048,121.79000091552734,121.7213134765625,313434100.0
2024-06-11,NVDA,121.7699966430664,122.87000274658205,118.73999786376952,120.91000366210938,120.85173797607422,222551200.0
2024-06-12,NVDA,123.05999755859376,126.87999725341795,122.56999969482422,125.1999969482422,125.1396713256836,299595000.0
2024-06-13,NVDA,129.38999938964844,129.8000030517578,127.16000366210938,129.61000061035156,129.5475311279297,260704500.0
2024-06-14,NVDA,129.9600067138672,132.83999633789062,128.32000732421875,131.8800048828125,131.8164520263672,309320400.0
2024-06-17,NVDA,132.99000549316406,133.72999572753906,129.5800018310547,130.97999572753906,130.91688537597656,288504400.0
2024-06-18,NVDA,131.13999938964844,136.3300018310547,130.69000244140625,135.5800018310547,135.5146484375,294335100.0
2024-06-20,NVDA,139.8000030517578,140.75999450683594,129.52000427246094,130.77999877929688,130.71697998046875,517768400.0
2024-06-21,NVDA,127.12000274658205,130.6300048828125,124.3000030517578,126.56999969482422,126.50899505615234,649445800.0
2024-06-24,NVDA,123.23999786376952,124.45999908447266,118.04000091552734,118.11000061035156,118.05307006835938,476060900.0
2024-06-25,NVDA,121.1999969482422,126.5,119.31999969482422,126.08999633789062,126.02923583984376,414192600.0
2024-06-26,NVDA,126.12999725341795,128.1199951171875,122.5999984741211,126.4000015258789,126.3390884399414,362975900.0
2024-06-27,NVDA,124.0999984741211,126.41000366210938,122.91999816894533,123.98999786376952,123.93024444580078,252571700.0
2024-06-28,NVDA,124.58000183105467,127.70999908447266,122.75,123.54000091552734,123.48046875,315516700.0
2024-07-01,NVDA,123.47000122070312,124.83999633789062,118.83000183105467,124.3000030517578,124.2401123046875,284885500.0
2024-07-02,NVDA,121.12999725341795,123.41000366210938,121.02999877929688,122.66999816894533,122.6108856201172,218374000.0
2024-07-03,NVDA,121.66000366210938,128.27999877929688,121.36000061035156,128.27999877929688,128.21817016601562,215749000.0
2024-07-05,NVDA,127.37999725341795,128.85000610351562,125.68000030517578,125.83000183105467,125.76935577392578,214176700.0
2024-07-08,NVDA,127.48999786376952,130.77000427246094,127.04000091552734,128.1999969482422,128.13818359375,237677300.0
2024-07-09,NVDA,130.35000610351562,133.82000732421875,128.64999389648438,131.3800048828125,131.3166961669922,285366600.0
2024-07-10,NVDA,134.02999877929688,135.10000610351562,132.4199981689453,134.91000366210938,134.84500122070312,248978600.0
2024-07-11,NVDA,135.75,136.14999389648438,127.0500030517578,127.4000015258789,127.33861541748048,374782700.0
2024-07-12,NVDA,128.25999450683594,131.9199981689453,127.22000122070312,129.24000549316406,129.17774963378906,252680500.0
2024-07-15,NVDA,130.55999755859375,131.38999938964844,127.18000030517578,128.44000244140625,128.37811279296875,208326200.0
2024-07-16,NVDA,128.44000244140625,129.0399932861328,124.58000183105467,126.36000061035156,126.29910278320312,214769500.0
2024-07-17,NVDA,121.3499984741211,121.8499984741211,116.72000122070312,117.98999786376952,117.9331283569336,390086200.0
2024-07-18,NVDA,121.8499984741211,122.4000015258789,116.55999755859376,121.08999633789062,121.0316390991211,320979500.0
2024-07-19,NVDA,120.3499984741211,121.5999984741211,117.37000274658205,117.93000030517578,117.8731689453125,217223800.0
2024-07-22,NVDA,120.3499984741211,124.06999969482422,119.86000061035156,123.54000091552734,123.48046875,258068900.0
2024-07-23,NVDA,122.77999877929688,124.69000244140624,122.0999984741211,122.58999633789062,122.53091430664062,173911000.0
2024-07-24,NVDA,119.16999816894533,119.9499969482422,113.44000244140624,114.25,114.19493865966795,327776900.0
2024-07-25,NVDA,113.04000091552734,116.62999725341795,106.3000030517578,112.27999877929688,112.2258758544922,460067000.0
2024-07-26,NVDA,116.19000244140624,116.1999969482422,111.58000183105467,113.05999755859376,113.00550842285156,293399100.0
2024-07-29,NVDA,113.69000244140624,116.27999877929688,111.3000030517578,111.58999633789062,111.5362319946289,248152100.0
2024-07-30,NVDA,111.5199966430664,111.98999786376952,102.54000091552734,103.7300033569336,103.68001556396484,486833300.0
2024-07-31,NVDA,112.9000015258789,118.33999633789062,110.87999725341795,117.0199966430664,116.96359252929688,473174200.0
2024-08-01,NVDA,117.52999877929688,120.16000366210938,106.80999755859376,109.20999908447266,109.1573715209961,523462300.0
2024-08-02,NVDA,103.76000213623048,108.72000122070312,101.37000274658205,107.2699966430664,107.21829986572266,482027500.0
2024-08-05,NVDA,92.05999755859376,103.41000366210938,90.69000244140624,100.4499969482422,100.4015884399414,552842400.0
2024-08-06,NVDA,103.83999633789062,107.70999908447266,100.5500030517578,104.25,104.1997528076172,409012100.0
2024-08-07,NVDA,107.80999755859376,108.8000030517578,98.69000244140624,98.91000366210938,98.86233520507812,411440400.0
2024-08-08,NVDA,102.0,105.5,97.5199966430664,104.97000122070312,104.9194107055664,391910000.0
2024-08-09,NVDA,105.63999938964844,106.5999984741211,103.43000030517578,104.75,104.69951629638672,290844200.0
2024-08-12,NVDA,106.31999969482422,111.06999969482422,106.26000213623048,109.0199966430664,108.96746826171876,325559900.0
2024-08-13,NVDA,112.44000244140624,116.2300033569336,111.58000183105467,116.13999938964844,116.0840301513672,312646700.0
2024-08-14,NVDA,118.52999877929688,118.5999984741211,114.06999969482422,118.08000183105467,118.02310943603516,339246400.0
2024-08-15,NVDA,118.76000213623048,123.23999786376952,117.47000122070312,122.86000061035156,122.80079650878906,318086700.0
2024-08-16,NVDA,121.94000244140624,125.0,121.18000030517578,124.58000183105467,124.51995849609376,302589900.0
2024-08-19,NVDA,124.27999877929688,130.0,123.41999816894533,130.0,129.93734741210938,318333600.0
2024-08-20,NVDA,128.39999389648438,129.8800048828125,125.88999938964844,127.25,127.18868255615234,300087400.0
2024-08-21,NVDA,127.31999969482422,129.35000610351562,126.66000366210938,128.5,128.43804931640625,257883600.0
2024-08-22,NVDA,130.02000427246094,130.75,123.0999984741211,123.73999786376952,123.68035888671876,376189100.0
2024-08-23,NVDA,125.86000061035156,129.60000610351562,125.22000122070312,129.3699951171875,129.30763244628906,323230300.0
2024-08-26,NVDA,129.57000732421875,131.25999450683594,124.37000274658205,126.45999908447266,126.3990478515625,331964700.0
2024-08-27,NVDA,125.0500030517578,129.1999969482422,123.87999725341795,128.3000030517578,128.23817443847656,303134600.0
2024-08-28,NVDA,128.1199951171875,128.3300018310547,122.63999938964844,125.61000061035156,125.54946899414062,448101100.0
2024-08-29,NVDA,121.36000061035156,124.43000030517578,116.70999908447266,117.58999633789062,117.53331756591795,453023300.0
2024-08-30,NVDA,119.52999877929688,121.75,117.22000122070312,119.37000274658205,119.31246948242188,333751600.0
2024-09-03,NVDA,116.01000213623048,116.20999908447266,107.29000091552734,108.0,107.94794464111328,477155100.0
2024-09-04,NVDA,105.41000366210938,113.2699966430664,104.12000274658205,106.20999908447266,106.1588134765625,372470300.0
2024-09-05,NVDA,104.98999786376952,109.6500015258789,104.76000213623048,107.20999908447266,107.15833282470705,306850700.0
2024-09-06,NVDA,108.04000091552734,108.1500015258789,100.9499969482422,102.83000183105467,102.78044128417967,413638100.0
2024-09-09,NVDA,104.87999725341795,106.5500030517578,103.69000244140624,106.47000122070312,106.41868591308594,273912000.0
2024-09-10,NVDA,107.80999755859376,109.4000015258789,104.9499969482422,108.0999984741211,108.04788970947266,268283700.0
2024-09-11,NVDA,109.38999938964844,117.19000244140624,107.41999816894533,116.91000366210938,116.8536605834961,441422400.0
2024-09-12,NVDA,116.83999633789062,120.79000091552734,115.37999725341795,119.13999938964844,119.0927734375,366052700.0
2024-09-13,NVDA,119.08000183105467,119.95999908447266,117.5999984741211,119.0999984741211,119.0527801513672,238358300.0
2024-09-16,NVDA,116.79000091552734,118.18000030517578,114.36000061035156,116.77999877929688,116.73370361328124,248772300.0
2024-09-17,NVDA,118.16999816894533,118.8000030517578,114.83000183105467,115.58999633789062,115.54417419433594,231925900.0
2024-09-18,NVDA,115.88999938964844,117.6999969482422,113.22000122070312,113.37000274658205,113.3250503540039,310318900.0
2024-09-19,NVDA,117.3499984741211,119.66000366210938,117.25,117.87000274658205,117.82327270507812,293506400.0
2024-09-20,NVDA,117.05999755859376,118.62000274658205,115.38999938964844,116.0,115.95401763916016,382462400.0
2024-09-23,NVDA,116.5500030517578,116.98999786376952,114.86000061035156,116.26000213623048,116.2139129638672,206228500.0
2024-09-24,NVDA,116.5199966430664,121.8000030517578,115.37999725341795,120.87000274658205,120.82209014892578,354966800.0
2024-09-25,NVDA,122.0199966430664,124.94000244140624,121.61000061035156,123.51000213623048,123.4610366821289,284692900.0
2024-09-26,NVDA,126.8000030517578,127.66999816894533,121.8000030517578,124.04000091552734,123.99082946777344,302582900.0
2024-09-27,NVDA,123.97000122070312,124.02999877929688,119.26000213623048,121.4000015258789,121.35187530517578,271009200.0
2024-09-30,NVDA,118.30999755859376,121.5,118.1500015258789,121.44000244140624,121.3918685913086,226553700.0
2024-10-01,NVDA,121.7699966430664,122.44000244140624,115.79000091552734,117.0,116.95362091064452,302094500.0
2024-10-02,NVDA,116.44000244140624,119.37999725341795,115.13999938964844,118.8499984741211,118.8028793334961,221845900.0
2024-10-03,NVDA,120.91999816894533,124.36000061035156,120.33999633789062,122.8499984741211,122.80130004882812,277118000.0
2024-10-04,NVDA,124.94000244140624,125.04000091552734,121.83000183105467,124.91999816894533,124.87047576904295,243678100.0
2024-10-07,NVDA,124.98999786376952,130.63999938964844,124.9499969482422,127.72000122070312,127.66936492919922,346250200.0
2024-10-08,NVDA,130.25999450683594,133.47999572753906,129.4199981689453,132.88999938964844,132.83731079101562,285722500.0
2024-10-09,NVDA,134.11000061035156,134.52000427246094,131.3800048828125,132.64999389648438,132.59739685058594,246191600.0
2024-10-10,NVDA,131.91000366210938,135.0,131.0,134.80999755859375,134.7565460205078,242311300.0
2024-10-11,NVDA,134.00999450683594,135.77999877929688,133.66000366210938,134.8000030517578,134.74656677246094,170209500.0
2024-10-14,NVDA,136.47000122070312,139.60000610351562,136.3000030517578,138.07000732421875,138.01527404785156,232347700.0
2024-10-15,NVDA,137.8699951171875,138.57000732421875,128.74000549316406,131.60000610351562,131.54783630371094,377831000.0
2024-10-16,NVDA,133.97999572753906,136.6199951171875,131.5800018310547,135.72000122070312,135.66619873046875,264879700.0
2024-10-17,NVDA,139.33999633789062,140.88999938964844,136.8699951171875,136.92999267578125,136.87570190429688,306435900.0
2024-10-18,NVDA,138.6699981689453,138.89999389648438,137.27999877929688,138.0,137.94529724121094,176090200.0
2024-10-21,NVDA,138.1300048828125,143.7100067138672,138.0,143.7100067138672,143.6530303955078,264554500.0
2024-10-22,NVDA,142.91000366210938,144.4199981689453,141.77999877929688,143.58999633789062,143.53309631347656,226311600.0
2024-10-23,NVDA,142.02999877929688,142.42999267578125,137.4600067138672,139.55999755859375,139.50466918945312,285930000.0
2024-10-24,NVDA,140.82000732421875,141.35000610351562,138.4600067138672,140.41000366210938,140.35433959960938,172354900.0
2024-10-25,NVDA,140.92999267578125,144.1300048828125,140.8000030517578,141.5399932861328,141.48388671875,205122100.0
2024-10-28,NVDA,143.0,143.13999938964844,140.0500030517578,140.52000427246094,140.4643096923828,173586700.0
2024-10-29,NVDA,140.2899932861328,142.25999450683594,138.89999389648438,141.25,141.19400024414062,157593600.0
2024-10-30,NVDA,139.5399932861328,140.3300018310547,136.80999755859375,139.33999633789062,139.28475952148438,179418100.0
2024-10-31,NVDA,137.60000610351562,137.61000061035156,132.11000061035156,132.75999450683594,132.70738220214844,270039600.0
2024-11-01,NVDA,134.6999969482422,137.30999755859375,134.57000732421875,135.39999389648438,135.34632873535156,207127800.0
2024-11-04,NVDA,137.2100067138672,138.9600067138672,135.57000732421875,136.0500030517578,135.99607849121094,187528200.0
2024-11-05,NVDA,137.4499969482422,140.3699951171875,137.3300018310547,139.91000366210938,139.8545379638672,160537400.0
2024-11-06,NVDA,142.9600067138672,146.49000549316406,141.9600067138672,145.61000061035156,145.55227661132812,242043900.0
2024-11-07,NVDA,146.38999938964844,148.92999267578125,146.1699981689453,148.8800048828125,148.8209991455078,207323300.0
2024-11-08,NVDA,148.77000427246094,149.77000427246094,146.25999450683594,147.6300048828125,147.57147216796875,175665800.0
2024-11-11,NVDA,148.67999267578125,148.85000610351562,143.57000732421875,145.25999450683594,145.202392578125,182325600.0
2024-11-12,NVDA,146.77999877929688,149.64999389648438,146.00999450683594,148.2899932861328,148.231201171875,198634700.0
2024-11-13,NVDA,149.07000732421875,149.3300018310547,145.89999389648438,146.27000427246094,146.21200561523438,191903300.0
2024-11-14,NVDA,147.63999938964844,149.0,145.5500030517578,146.75999450683594,146.7018280029297,194463300.0
2024-11-15,NVDA,144.8699951171875,145.24000549316406,140.0800018310547,141.97999572753906,141.9237060546875,250132900.0
2024-11-18,NVDA,139.5,141.5500030517578,137.14999389648438,140.14999389648438,140.09442138671875,221205300.0
2024-11-19,NVDA,141.32000732421875,147.1300048828125,140.99000549316406,147.00999450683594,146.95172119140625,227834900.0
2024-11-20,NVDA,147.41000366210938,147.55999755859375,142.72999572753906,145.88999938964844,145.83216857910156,309871700.0
2024-11-21,NVDA,149.35000610351562,152.88999938964844,140.6999969482422,146.6699981689453,146.6118621826172,400946600.0
2024-11-22,NVDA,145.92999267578125,147.16000366210938,141.10000610351562,141.9499969482422,141.8937225341797,236406200.0
2024-11-25,NVDA,141.99000549316406,142.0500030517578,135.82000732421875,136.02000427246094,135.96607971191406,344941900.0
2024-11-26,NVDA,137.6999969482422,139.3000030517578,135.6699981689453,136.9199981689453,136.86572265625,190287700.0
2024-11-27,NVDA,135.00999450683594,137.22000122070312,131.8000030517578,135.33999633789062,135.2863311767578,226370900.0
2024-11-29,NVDA,136.77999877929688,139.35000610351562,136.0500030517578,138.25,138.19520568847656,141863200.0
2024-12-02,NVDA,138.8300018310547,140.4499969482422,137.82000732421875,138.6300048828125,138.5750274658203,171682800.0
2024-12-03,NVDA,138.25999450683594,140.5399932861328,137.9499969482422,140.25999450683594,140.20440673828125,164414000.0
2024-12-04,NVDA,142.0,145.7899932861328,140.2899932861328,145.13999938964844,145.0824737548828,231224300.0
2024-12-05,NVDA,145.11000061035156,146.5399932861328,143.9499969482422,145.05999755859375,145.0124969482422,172621200.0
2024-12-06,NVDA,144.60000610351562,145.6999969482422,141.30999755859375,142.44000244140625,142.39334106445312,188505600.0
2024-12-09,NVDA,138.97000122070312,139.9499969482422,137.1300048828125,138.80999755859375,138.7645263671875,189308600.0
2024-12-10,NVDA,139.00999450683594,141.82000732421875,133.7899932861328,135.07000732421875,135.0257568359375,210020900.0
2024-12-11,NVDA,137.36000061035156,140.1699981689453,135.2100067138672,139.30999755859375,139.2643585205078,184905200.0
2024-12-12,NVDA,137.0800018310547,138.44000244140625,135.8000030517578,137.33999633789062,137.29501342773438,159211400.0
2024-12-13,NVDA,138.94000244140625,139.60000610351562,132.5399932861328,134.25,134.20602416992188,231514900.0
2024-12-16,NVDA,134.17999267578125,134.39999389648438,130.4199981689453,132.0,131.9567413330078,237951100.0
2024-12-17,NVDA,129.08999633789062,131.58999633789062,126.86000061035156,130.38999938964844,130.3472900390625,259410300.0
2024-12-18,NVDA,133.86000061035156,136.6999969482422,128.27999877929688,128.91000366210938,128.86778259277344,277444500.0
2024-12-19,NVDA,131.75999450683594,134.02999877929688,129.5500030517578,130.67999267578125,130.63717651367188,209719200.0
2024-12-20,NVDA,129.80999755859375,135.27999877929688,128.22000122070312,134.6999969482422,134.65586853027344,306528600.0
2024-12-23,NVDA,136.27999877929688,139.7899932861328,135.1199951171875,139.6699981689453,139.62423706054688,176053500.0
2024-12-24,NVDA,140.0,141.89999389648438,138.64999389648438,140.22000122070312,140.174072265625,105157000.0
2024-12-26,NVDA,139.6999969482422,140.85000610351562,137.72999572753906,139.92999267578125,139.88417053222656,116205600.0
2024-12-27,NVDA,138.5500030517578,139.02000427246094,134.7100067138672,137.00999450683594,136.96511840820312,170582600.0
2024-12-30,NVDA,134.8300018310547,140.27000427246094,134.02000427246094,137.49000549316406,137.4449462890625,167734700.0
2024-12-31,NVDA,138.02999877929688,138.07000732421875,133.8300018310547,134.2899932861328,134.2460174560547,155659200.0
2025-01-02,NVDA,136.0,138.8800048828125,134.6300048828125,138.30999755859375,138.2646942138672,198247200.0
2025-01-03,NVDA,140.00999450683594,144.89999389648438,139.72999572753906,144.47000122070312,144.4226837158203,229322500.0
2025-01-06,NVDA,148.58999633789062,152.16000366210938,147.82000732421875,149.42999267578125,149.38104248046875,265377400.0
2025-01-07,NVDA,153.02999877929688,153.1300048828125,140.00999450683594,140.13999938964844,140.09408569335938,351782200.0
2025-01-08,NVDA,142.5800018310547,143.9499969482422,137.55999755859375,140.11000061035156,140.06410217285156,227349900.0
2025-01-10,NVDA,137.4499969482422,139.9199981689453,134.22000122070312,135.91000366210938,135.86549377441406,207602500.0
2025-01-13,NVDA,129.99000549316406,133.49000549316406,129.50999450683594,133.22999572753906,133.18637084960938,204808900.0
2025-01-14,NVDA,136.0500030517578,136.3800048828125,130.0500030517578,131.75999450683594,131.71682739257812,195590500.0
2025-01-15,NVDA,133.64999389648438,136.4499969482422,131.2899932861328,136.24000549316406,136.1953887939453,185217300.0
2025-01-16,NVDA,138.63999938964844,138.75,133.49000549316406,133.57000732421875,133.52626037597656,209235600.0
2025-01-17,NVDA,136.69000244140625,138.5,135.4600067138672,137.7100067138672,137.66490173339844,201188800.0
2025-01-21,NVDA,139.16000366210938,141.8300018310547,137.08999633789062,140.8300018310547,140.78387451171875,197749000.0
2025-01-22,NVDA,144.66000366210938,147.7899932861328,143.6699981689453,147.07000732421875,147.02183532714844,237651400.0
2025-01-23,NVDA,145.0500030517578,147.22999572753906,143.72000122070312,147.22000122070312,147.17178344726562,155915500.0
2025-01-24,NVDA,148.3699951171875,148.97000122070312,141.8800048828125,142.6199951171875,142.57327270507812,234657600.0
2025-01-27,NVDA,124.8000030517578,128.39999389648438,116.6999969482422,118.41999816894533,118.3812026977539,818830900.0
2025-01-28,NVDA,121.80999755859376,129.0,116.25,128.99000549316406,128.94775390625,579666400.0
2025-01-29,NVDA,126.5,126.88999938964844,120.0500030517578,123.6999969482422,123.65947723388672,467120600.0
2025-01-30,NVDA,123.0999984741211,125.0,118.0999984741211,124.6500015258789,124.6091766357422,392925500.0
2025-01-31,NVDA,123.77999877929688,127.8499984741211,119.19000244140624,120.06999969482422,120.03067016601562,388161100.0
2025-02-03,NVDA,114.75,118.56999969482422,113.01000213623048,116.66000366210938,116.62179565429688,371235700.0
2025-02-04,NVDA,116.95999908447266,121.1999969482422,116.6999969482422,118.6500015258789,118.61113739013672,256550000.0
2025-02-05,NVDA,121.76000213623048,125.0,120.76000213623048,124.83000183105467,124.78911590576172,262230800.0
2025-02-06,NVDA,127.41999816894533,128.77000427246094,125.20999908447266,128.67999267578125,128.63784790039062,251483600.0
2025-02-07,NVDA,129.22000122070312,130.3699951171875,125.0,129.83999633789062,129.79745483398438,228186300.0
2025-02-10,NVDA,130.08999633789062,135.0,129.9600067138672,133.57000732421875,133.52626037597656,216989100.0
2025-02-11,NVDA,132.5800018310547,134.47999572753906,131.02000427246094,132.8000030517578,132.7565155029297,178902400.0
2025-02-12,NVDA,130.02000427246094,132.24000549316406,129.0800018310547,131.13999938964844,131.09706115722656,160278600.0
2025-02-13,NVDA,131.55999755859375,136.5,131.1699981689453,135.2899932861328,135.24566650390625,197430000.0
2025-02-14,NVDA,136.47999572753906,139.25,135.5,138.85000610351562,138.8045196533203,195479600.0
2025-02-18,NVDA,141.27000427246094,143.44000244140625,137.92999267578125,139.39999389648438,139.35433959960938,219176600.0
2025-02-19,NVDA,139.50999450683594,141.36000061035156,137.22000122070312,139.22999572753906,139.18438720703125,167536000.0
2025-02-20,NVDA,140.02999877929688,140.66000366210938,136.7899932861328,140.11000061035156,140.06410217285156,143903600.0
2025-02-21,NVDA,140.0399932861328,141.4600067138672,134.02999877929688,134.42999267578125,134.38595581054688,228217600.0
2025-02-24,NVDA,136.55999755859375,138.58999633789062,130.0800018310547,130.27999877929688,130.23733520507812,251381100.0
2025-02-25,NVDA,129.97999572753906,130.1999969482422,124.44000244140624,126.62999725341795,126.5885238647461,271428700.0
2025-02-26,NVDA,129.99000549316406,133.72999572753906,128.49000549316406,131.27999877929688,131.23699951171875,322553800.0
2025-02-27,NVDA,135.0,135.00999450683594,120.01000213623048,120.1500015258789,120.11064910888672,443175800.0
2025-02-28,NVDA,118.0199966430664,125.08999633789062,116.4000015258789,124.91999816894533,124.87908172607422,389091100.0
2025-03-03,NVDA,123.51000213623048,123.6999969482422,112.27999877929688,114.05999755859376,114.02263641357422,411381400.0
2025-03-04,NVDA,110.6500015258789,119.30999755859376,110.11000061035156,115.98999786376952,115.9520034790039,398163300.0
2025-03-05,NVDA,117.58000183105467,118.27999877929688,114.51000213623048,117.3000030517578,117.26158142089844,284337900.0
2025-03-06,NVDA,113.52999877929688,115.3499984741211,110.22000122070312,110.56999969482422,110.53378295898438,321181900.0
2025-03-07,NVDA,111.25,113.4800033569336,107.55999755859376,112.69000244140624,112.65309143066406,341755500.0
2025-03-10,NVDA,109.9000015258789,111.8499984741211,105.45999908447266,106.9800033569336,106.94495391845705,366487400.0
2025-03-11,NVDA,106.98999786376952,112.23999786376952,104.7699966430664,108.76000213623048,108.72437286376952,354865700.0
2025-03-12,NVDA,114.12000274658205,116.76000213623048,112.87999725341795,115.73999786376952,115.71273040771484,323857500.0
2025-03-13,NVDA,117.02999877929688,117.76000213623048,113.79000091552734,115.58000183105467,115.55277252197266,299033100.0
2025-03-14,NVDA,118.61000061035156,121.87999725341795,118.1500015258789,121.66999816894533,121.6413345336914,277593500.0
2025-03-17,NVDA,122.73999786376952,122.88999938964844,118.02999877929688,119.52999877929688,119.50183868408205,255501500.0
2025-03-18,NVDA,118.0,119.0199966430664,114.54000091552734,115.43000030517578,115.40280151367188,299686900.0
2025-03-19,NVDA,117.2699966430664,120.4499969482422,115.68000030517578,117.5199966430664,117.49230194091795,273426200.0
2025-03-20,NVDA,116.5500030517578,120.1999969482422,116.47000122070312,118.52999877929688,118.50206756591795,248829700.0
2025-03-21,NVDA,116.94000244140624,117.98999786376952,115.41999816894533,117.6999969482422,117.6722640991211,266498500.0
2025-03-24,NVDA,119.87999725341795,122.22000122070312,119.33999633789062,121.41000366210938,121.38140106201172,228452500.0
2025-03-25,NVDA,120.5500030517578,121.29000091552734,118.91999816894533,120.69000244140624,120.66156768798828,167447200.0
2025-03-26,NVDA,118.7300033569336,118.83999633789062,112.70999908447266,113.76000213623048,113.7332000732422,293463300.0
2025-03-27,NVDA,111.3499984741211,114.4499969482422,110.66000366210938,111.43000030517578,111.40375518798828,236902100.0
2025-03-28,NVDA,111.48999786376952,112.87000274658205,109.06999969482422,109.66999816894533,109.6441650390625,229872500.0
2025-03-31,NVDA,105.12999725341795,110.95999908447266,103.6500015258789,108.37999725341795,108.35446166992188,299212700.0
2025-04-01,NVDA,108.5199966430664,110.1999969482422,106.47000122070312,110.1500015258789,110.12405395507812,222614000.0
2025-04-02,NVDA,107.29000091552734,111.9800033569336,106.79000091552734,110.41999816894533,110.39398193359376,220601200.0
2025-04-03,NVDA,103.51000213623048,105.62999725341795,101.5999984741211,101.8000030517578,101.7760238647461,338769400.0
2025-04-04,NVDA,98.91000366210938,100.12999725341795,92.11000061035156,94.30999755859376,94.28778076171876,532273800.0
2025-04-07,NVDA,87.45999908447266,101.75,86.62000274658203,97.63999938964844,97.61699676513672,611041300.0
2025-04-08,NVDA,103.80999755859376,105.8499984741211,94.45999908447266,96.3000030517578,96.27731323242188,476243400.0
2025-04-09,NVDA,98.88999938964844,115.0999984741211,97.52999877929688,114.33000183105467,114.30306243896484,612918300.0
2025-04-10,NVDA,109.37000274658205,110.86000061035156,99.1500015258789,107.56999969482422,107.5446548461914,437812400.0
2025-04-11,NVDA,108.5,111.5500030517578,107.4800033569336,110.93000030517578,110.90386199951172,313417300.0
2025-04-14,NVDA,114.11000061035156,114.29000091552734,109.06999969482422,110.70999908447266,110.68391418457033,264705000.0
2025-04-15,NVDA,110.97000122070312,113.62000274658205,110.5,112.1999969482422,112.1735610961914,228966900.0
2025-04-16,NVDA,104.5500030517578,106.79000091552734,100.4499969482422,104.48999786376952,104.46538543701172,397016900.0
2025-04-17,NVDA,104.4499969482422,104.47000122070312,100.0500030517578,101.48999786376952,101.46607971191406,292517500.0
2025-04-21,NVDA,98.7699966430664,99.44000244140624,95.04000091552734,96.91000366210938,96.88717651367188,288501100.0
2025-04-22,NVDA,98.77999877929688,99.80999755859376,97.27999877929688,98.88999938964844,98.86669921875,241004800.0
2025-04-23,NVDA,104.5199966430664,104.8000030517578,102.0199966430664,102.70999908447266,102.68579864501952,247526000.0
2025-04-24,NVDA,103.4800033569336,106.54000091552734,103.11000061035156,106.43000030517578,106.40492248535156,220815000.0
2025-04-25,NVDA,106.8499984741211,111.91999816894533,105.7300033569336,111.01000213623048,110.98385620117188,251064700.0
2025-04-28,NVDA,109.69000244140624,110.37000274658205,106.0199966430664,108.7300033569336,108.7043914794922,207708500.0
2025-04-29,NVDA,107.66999816894533,110.1999969482422,107.44000244140624,109.0199966430664,108.99430847167967,170444300.0
2025-04-30,NVDA,104.47000122070312,108.91999816894533,104.08000183105467,108.91999816894533,108.8943328857422,235044600.0
2025-05-01,NVDA,113.08000183105467,114.94000244140624,111.3000030517578,111.61000061035156,111.58370208740234,236121500.0
2025-05-02,NVDA,114.18000030517578,115.4000015258789,113.37000274658205,114.5,114.47303009033205,190194800.0
2025-05-05,NVDA,112.91000366210938,114.66999816894533,112.66000366210938,113.81999969482422,113.79318237304688,133163200.0
2025-05-06,NVDA,111.4800033569336,114.73999786376952,110.81999969482422,113.54000091552734,113.51325988769533,158525600.0
2025-05-07,NVDA,113.0500030517578,117.68000030517578,112.27999877929688,117.05999755859376,117.0324249267578,206758800.0
2025-05-08,NVDA,118.25,118.68000030517578,115.8499984741211,117.37000274658205,117.34236145019533,198428100.0
2025-05-09,NVDA,117.3499984741211,118.2300033569336,115.20999908447266,116.6500015258789,116.62252044677734,132972200.0
2025-05-12,NVDA,121.97000122070312,123.0,120.27999877929688,123.0,122.97102355957033,225023300.0
2025-05-13,NVDA,124.9800033569336,131.22000122070312,124.47000122070312,129.92999267578125,129.89938354492188,330430100.0
2025-05-14,NVDA,133.1999969482422,135.44000244140625,131.67999267578125,135.33999633789062,135.30810546875,281180800.0
2025-05-15,NVDA,134.2899932861328,136.3000030517578,132.66000366210938,134.8300018310547,134.79823303222656,226632600.0
2025-05-16,NVDA,136.22000122070312,136.35000610351562,133.4600067138672,135.39999389648438,135.36810302734375,226542500.0
2025-05-19,NVDA,132.38999938964844,135.8699951171875,132.38999938964844,135.57000732421875,135.53805541992188,193154600.0
2025-05-20,NVDA,134.2899932861328,134.5800018310547,132.6199951171875,134.3800048828125,134.34835815429688,161514200.0
2025-05-21,NVDA,133.05999755859375,137.39999389648438,130.58999633789062,131.8000030517578,131.76895141601562,270608700.0
2025-05-22,NVDA,132.22999572753906,134.25,131.5500030517578,132.8300018310547,132.7987060546875,187344000.0
2025-05-23,NVDA,130.0,132.67999267578125,129.16000366210938,131.2899932861328,131.25906372070312,198821300.0
2025-05-27,NVDA,134.14999389648438,135.66000366210938,133.30999755859375,135.5,135.4680633544922,192953600.0
2025-05-28,NVDA,136.02999877929688,137.25,134.7899932861328,134.80999755859375,134.7782440185547,304021100.0
2025-05-29,NVDA,142.25,143.49000549316406,137.91000366210938,139.19000244140625,139.15721130371094,369241900.0
2025-05-30,NVDA,138.72000122070312,139.6199951171875,132.9199981689453,135.1300048828125,135.09817504882812,333170900.0
2025-06-02,NVDA,135.49000549316406,138.1199951171875,135.39999389648438,137.3800048828125,137.34764099121094,197663100.0
2025-06-03,NVDA,138.77999877929688,142.0,137.9499969482422,141.22000122070312,141.1867218017578,225578800.0
2025-06-04,NVDA,142.19000244140625,142.38999938964844,139.5399932861328,141.9199981689453,141.88656616210938,167120800.0
2025-06-05,NVDA,142.1699981689453,144.0,138.8300018310547,139.99000549316406,139.95703125,231397900.0
2025-06-06,NVDA,142.50999450683594,143.27000427246094,141.50999450683594,141.72000122070312,141.6865997314453,153986200.0
2025-06-09,NVDA,143.19000244140625,145.0,141.94000244140625,142.6300048828125,142.59640502929688,185114500.0
2025-06-10,NVDA,142.69000244140625,144.2899932861328,141.52999877929688,143.9600067138672,143.92608642578125,155881900.0
2025-06-11,NVDA,144.61000061035156,144.99000549316406,141.8699951171875,142.8300018310547,142.80625915527344,167694000.0
2025-06-12,NVDA,141.97000122070312,145.0,141.85000610351562,145.0,144.9759063720703,162365000.0
2025-06-13,NVDA,142.47999572753906,143.5800018310547,140.85000610351562,141.97000122070312,141.94639587402344,180820600.0
2025-06-16,NVDA,143.35000610351562,146.17999267578125,143.1999969482422,144.69000244140625,144.66595458984375,183133700.0
2025-06-17,NVDA,144.49000549316406,145.22000122070312,143.77999877929688,144.1199951171875,144.09603881835938,139108000.0
2025-06-18,NVDA,144.00999450683594,145.64999389648438,143.1199951171875,145.47999572753906,145.455810546875,161494100.0
2025-06-20,NVDA,145.4499969482422,146.1999969482422,142.64999389648438,143.85000610351562,143.8260955810547,242956200.0
2025-06-23,NVDA,142.5,144.77999877929688,142.02999877929688,144.1699981689453,144.1460418701172,154308900.0
2025-06-24,NVDA,145.55999755859375,147.9600067138672,145.5,147.89999389648438,147.8754119873047,187566100.0
2025-06-25,NVDA,149.27000427246094,154.4499969482422,149.25999450683594,154.30999755859375,154.28436279296875,269146500.0
2025-06-26,NVDA,155.97999572753906,156.72000122070312,154.0,155.02000427246094,154.99423217773438,198145700.0
2025-06-27,NVDA,156.0399932861328,158.7100067138672,155.25999450683594,157.75,157.72378540039062,263234500.0
2025-06-30,NVDA,158.39999389648438,158.66000366210938,155.9600067138672,157.99000549316406,157.96376037597656,194580300.0
2025-07-01,NVDA,156.2899932861328,157.1999969482422,151.49000549316406,153.3000030517578,153.2745361328125,213143600.0
2025-07-02,NVDA,152.97999572753906,157.60000610351562,152.97000122070312,157.25,157.22386169433594,171224100.0
2025-07-03,NVDA,158.3699951171875,160.97999572753906,157.77000427246094,159.33999633789062,159.3135223388672,143716100.0
2025-07-07,NVDA,158.1999969482422,159.30999755859375,157.33999633789062,158.24000549316406,158.21371459960938,140139000.0
2025-07-08,NVDA,159.3300018310547,160.22000122070312,158.38999938964844,160.0,159.97341918945312,138133000.0
2025-07-09,NVDA,161.22000122070312,164.4199981689453,161.16000366210938,162.8800048828125,162.85293579101562,183656400.0
2025-07-10,NVDA,164.32000732421875,164.5,161.61000061035156,164.10000610351562,164.07273864746094,167704100.0
2025-07-11,NVDA,163.72000122070312,167.88999938964844,163.47000122070312,164.9199981689453,164.89259338378906,193633300.0
2025-07-14,NVDA,165.3699951171875,165.49000549316406,162.02000427246094,164.07000732421875,164.04273986816406,136975800.0
2025-07-15,NVDA,171.19000244140625,172.39999389648438,169.1999969482422,170.6999969482422,170.671630859375,230627400.0
2025-07-16,NVDA,171.05999755859375,171.75,168.89999389648438,171.3699951171875,171.34152221679688,158831500.0
2025-07-17,NVDA,172.02000427246094,174.16000366210938,170.8300018310547,173.0,172.97125244140625,160841100.0
2025-07-18,NVDA,173.63999938964844,174.25,171.25999450683594,172.41000366210938,172.38136291503906,146456400.0
2025-07-21,NVDA,172.75,173.3800048828125,171.0,171.3800048828125,171.35153198242188,123126100.0
2025-07-22,NVDA,171.33999633789062,171.38999938964844,164.5800018310547,167.02999877929688,167.00225830078125,193114300.0
2025-07-23,NVDA,169.52999877929688,171.25999450683594,167.97000122070312,170.77999877929688,170.75161743164062,154082200.0
2025-07-24,NVDA,172.44000244140625,173.8300018310547,171.3000030517578,173.74000549316406,173.7111358642578,128984600.0
2025-07-25,NVDA,173.61000061035156,174.72000122070312,172.9600067138672,173.5,173.47117614746094,122316800.0
2025-07-28,NVDA,174.02000427246094,177.0,173.97000122070312,176.75,176.7206268310547,140023500.0
2025-07-29,NVDA,177.9600067138672,179.3800048828125,175.02000427246094,175.50999450683594,175.48085021972656,154077500.0
2025-07-30,NVDA,176.50999450683594,179.88999938964844,176.0399932861328,179.27000427246094,179.24021911621094,174312200.0
2025-07-31,NVDA,182.8999938964844,183.3000030517578,175.92999267578125,177.8699951171875,177.84043884277344,221685400.0
2025-08-01,NVDA,174.08999633789062,176.5399932861328,170.88999938964844,173.72000122070312,173.69113159179688,204529000.0
2025-08-04,NVDA,175.16000366210938,180.1999969482422,174.52000427246094,180.0,179.9700927734375,148174600.0
2025-08-05,NVDA,179.6199951171875,180.2599945068359,175.89999389648438,178.25999450683594,178.23037719726562,156407600.0
2025-08-06,NVDA,176.3300018310547,179.89999389648438,176.25,179.4199981689453,179.3901824951172,137192300.0
2025-08-07,NVDA,181.57000732421875,183.8800048828125,178.8000030517578,180.77000427246097,180.73995971679688,151878400.0
2025-08-08,NVDA,181.5500030517578,183.3000030517578,180.3999938964844,182.6999969482422,182.6696319580078,123396700.0
2025-08-11,NVDA,182.0500030517578,183.83999633789065,180.25,182.05999755859375,182.0297393798828,138323200.0
2025-08-12,NVDA,182.9600067138672,184.47999572753903,179.4600067138672,183.16000366210935,183.1295623779297,145485700.0
2025-08-13,NVDA,182.6199951171875,183.97000122070312,179.35000610351562,181.58999633789065,181.559814453125,179871700.0
2025-08-14,NVDA,179.75,183.02000427246097,179.4600067138672,182.02000427246097,181.98974609375,129554000.0
2025-08-15,NVDA,181.8800048828125,181.8999938964844,178.0399932861328,180.4499969482422,180.4200134277344,156602200.0
2025-08-18,NVDA,180.6000061035156,182.94000244140625,180.58999633789065,182.0099945068359,181.979736328125,132008000.0
2025-08-19,NVDA,182.42999267578125,182.5,175.49000549316406,175.63999938964844,175.61080932617188,185229200.0
2025-08-20,NVDA,175.1699981689453,176.0,168.8000030517578,175.39999389648438,175.370849609375,215142700.0
2025-08-21,NVDA,174.85000610351562,176.89999389648438,173.80999755859375,174.97999572753906,174.95091247558594,140040900.0
2025-08-22,NVDA,172.61000061035156,178.58999633789062,171.1999969482422,177.99000549316406,177.96043395996094,172789400.0
2025-08-25,NVDA,178.35000610351562,181.91000366210935,176.57000732421875,179.80999755859375,179.78012084960938,163012800.0
2025-08-26,NVDA,180.05999755859375,182.38999938964844,178.80999755859375,181.77000427246097,181.7397918701172,168688200.0
2025-08-27,NVDA,181.97999572753903,182.4900054931641,179.10000610351562,181.6000061035156,181.56982421875,235518900.0
2025-08-28,NVDA,180.82000732421875,184.47000122070312,176.41000366210938,180.1699981689453,180.1400604248047,281787800.0
2025-08-29,NVDA,178.11000061035156,178.14999389648438,173.14999389648438,174.17999267578125,174.1510467529297,243257900.0
2025-09-02,NVDA,170.0,172.3800048828125,167.22000122070312,170.77999877929688,170.75161743164062,231164900.0
2025-09-03,NVDA,171.05999755859375,172.41000366210938,168.8800048828125,170.6199951171875,170.59165954589844,164424900.0
2025-09-04,NVDA,170.57000732421875,171.86000061035156,169.41000366210938,171.66000366210938,171.63148498535156,141670100.0
2025-09-05,NVDA,168.02999877929688,169.02999877929688,164.07000732421875,167.02000427246094,166.9922637939453,224441400.0
2025-09-08,NVDA,167.5500030517578,170.9600067138672,167.35000610351562,168.30999755859375,168.2820281982422,163769100.0
2025-09-09,NVDA,169.08999633789062,170.97999572753906,166.74000549316406,170.75999450683594,170.7316131591797,157548400.0
2025-09-10,NVDA,176.63999938964844,179.2899932861328,175.47000122070312,177.3300018310547,177.300537109375,226852000.0
2025-09-11,NVDA,179.67999267578125,180.27999877929688,176.47999572753906,177.1699981689453,177.1505584716797,151159300.0
2025-09-12,NVDA,177.77000427246094,178.60000610351562,176.4499969482422,177.82000732421875,177.80047607421875,124911000.0
2025-09-15,NVDA,175.6699981689453,178.85000610351562,174.50999450683594,177.75,177.73048400878906,147061600.0
2025-09-16,NVDA,177.0,177.5,174.3800048828125,174.8800048828125,174.86080932617188,140737800.0
2025-09-17,NVDA,172.63999938964844,173.1999969482422,168.41000366210938,170.2899932861328,170.27130126953125,211843800.0
2025-09-18,NVDA,173.97999572753906,177.10000610351562,172.9600067138672,176.24000549316406,176.2206573486328,191763300.0
2025-09-19,NVDA,175.77000427246094,178.0800018310547,175.17999267578125,176.6699981689453,176.6505889892578,237182100.0
2025-09-22,NVDA,175.3000030517578,184.5500030517578,174.7100067138672,183.61000061035156,183.58984375,269637000.0
2025-09-23,NVDA,181.97000122070312,182.4199981689453,176.2100067138672,178.42999267578125,178.410400390625,192559600.0
2025-09-24,NVDA,179.77000427246094,179.77999877929688,175.39999389648438,176.97000122070312,176.9505615234375,143564100.0
2025-09-25,NVDA,174.47999572753906,180.2599945068359,173.1300048828125,177.69000244140625,177.67050170898438,191586700.0
2025-09-26,NVDA,178.1699981689453,179.77000427246094,174.92999267578125,178.19000244140625,178.17044067382812,148573700.0
2025-09-29,NVDA,180.42999267578125,184.0,180.32000732421875,181.8500061035156,181.83004760742188,193063500.0
2025-09-30,NVDA,182.0800018310547,187.3500061035156,181.47999572753903,186.5800018310547,186.55950927734375,236981000.0
2025-10-01,NVDA,185.2400054931641,188.13999938964844,183.8999938964844,187.2400054931641,187.21945190429688,173844900.0
2025-10-02,NVDA,189.6000061035156,191.0500030517578,188.05999755859375,188.88999938964844,188.8692626953125,136805800.0
2025-10-03,NVDA,189.19000244140625,190.36000061035156,185.3800048828125,187.6199951171875,187.59939575195312,137596900.0
2025-10-06,NVDA,185.5,187.22999572753903,183.3300018310547,185.5399932861328,185.5196228027344,157678100.0
2025-10-07,NVDA,186.22999572753903,189.05999755859375,184.0,185.0399932861328,185.01968383789065,140088000.0
2025-10-08,NVDA,186.57000732421875,189.6000061035156,186.5399932861328,189.11000061035156,189.0892333984375,130168900.0
2025-10-09,NVDA,192.22999572753903,195.3000030517578,191.05999755859375,192.57000732421875,192.54885864257812,182997200.0
2025-10-10,NVDA,193.5099945068359,195.6199951171875,182.0500030517578,183.16000366210935,183.139892578125,268774400.0
2025-10-13,NVDA,187.97000122070312,190.11000061035156,185.9600067138672,188.32000732421875,188.29933166503903,153482800.0
2025-10-14,NVDA,184.77000427246097,184.8000030517578,179.6999969482422,180.02999877929688,180.01022338867188,205641400.0
2025-10-15,NVDA,184.8000030517578,184.8699951171875,177.2899932861328,179.8300018310547,179.8102569580078,214450500.0
2025-10-16,NVDA,182.22999572753903,183.27999877929688,179.77000427246094,181.80999755859375,181.7900390625,179723300.0
2025-10-17,NVDA,180.17999267578125,184.1000061035156,179.75,183.22000122070312,183.19989013671875,173135200.0
2025-10-20,NVDA,183.1300048828125,185.1999969482422,181.72999572753903,182.63999938964844,182.6199493408203,128544700.0
2025-10-21,NVDA,182.7899932861328,182.7899932861328,179.8000030517578,181.16000366210935,181.14010620117188,124240200.0
2025-10-22,NVDA,181.13999938964844,183.44000244140625,176.75999450683594,180.27999877929688,180.2602081298828,162249600.0
2025-10-23,NVDA,180.4199981689453,183.02999877929688,179.7899932861328,182.16000366210935,182.13999938964844,111363700.0
2025-10-24,NVDA,183.83999633789065,187.47000122070312,183.5,186.2599945068359,186.23953247070312,131296700.0
2025-10-27,NVDA,189.9900054931641,192.0,188.42999267578125,191.4900054931641,191.4689788818359,153452700.0
2025-10-28,NVDA,193.0500030517578,203.1499938964844,191.91000366210935,201.02999877929688,201.0079345703125,297986200.0
2025-10-29,NVDA,207.97999572753903,212.19000244140625,204.77999877929688,207.0399932861328,207.01727294921875,308829600.0
2025-10-30,NVDA,205.1499938964844,206.16000366210935,201.41000366210935,202.88999938964844,202.8677215576172,178864400.0
2025-10-31,NVDA,206.4499969482422,207.97000122070312,202.07000732421875,202.4900054931641,202.4677734375,179802200.0
2025-11-03,NVDA,208.0800018310547,211.33999633789065,205.55999755859375,206.8800048828125,206.85728454589844,180267300.0
2025-11-04,NVDA,203.0,203.97000122070312,197.92999267578125,198.69000244140625,198.66818237304688,188919300.0
2025-11-05,NVDA,198.77000427246097,202.9199981689453,194.6499938964844,195.2100067138672,195.18858337402344,171350300.0
2025-11-06,NVDA,196.4199981689453,197.6199951171875,186.3800048828125,188.0800018310547,188.05935668945312,223029800.0
2025-11-07,NVDA,184.8999938964844,188.32000732421875,178.91000366210938,188.1499938964844,188.1293487548828,264942300.0
2025-11-10,NVDA,195.11000061035156,199.94000244140625,193.7899932861328,199.0500030517578,199.0281524658203,198897100.0
2025-11-11,NVDA,195.16000366210935,195.4199981689453,191.3000030517578,193.16000366210935,193.1387939453125,176483300.0
2025-11-12,NVDA,195.72000122070312,195.88999938964844,191.1300048828125,193.8000030517578,193.7787322998047,154935300.0
2025-11-13,NVDA,191.0500030517578,191.44000244140625,183.8500061035156,186.86000061035156,186.8394775390625,207423100.0
2025-11-14,NVDA,182.86000061035156,191.0099945068359,180.5800018310547,190.1699981689453,190.1491241455078,186591900.0
2025-11-17,NVDA,185.97000122070312,189.0,184.32000732421875,186.6000061035156,186.5795135498047,173628900.0
2025-11-18,NVDA,183.3800048828125,184.8000030517578,179.64999389648438,181.36000061035156,181.340087890625,213598900.0
2025-11-19,NVDA,184.7899932861328,187.86000061035156,182.8300018310547,186.52000427246097,186.49951171875,247246400.0
2025-11-20,NVDA,195.9499969482422,196.0,179.85000610351562,180.63999938964844,180.6201629638672,343504800.0
2025-11-21,NVDA,181.2400054931641,184.55999755859375,172.92999267578125,178.8800048828125,178.86036682128906,346926200.0
2025-11-24,NVDA,179.49000549316406,183.5,176.47999572753906,182.5500030517578,182.52996826171875,256618300.0
2025-11-25,NVDA,174.91000366210938,178.16000366210938,169.5500030517578,177.82000732421875,177.80047607421875,320600300.0
2025-11-26,NVDA,181.6300048828125,182.91000366210935,178.24000549316406,180.2599945068359,180.24020385742188,183852000.0
2025-11-28,NVDA,179.00999450683594,179.2899932861328,176.5,177.0,176.98056030273438,121332800.0
2025-12-01,NVDA,174.75999450683594,180.3000030517578,173.67999267578125,179.9199981689453,179.90025329589844,188131000.0
2025-12-02,NVDA,181.7599945068359,185.66000366210935,180.0,181.4600067138672,181.44007873535156,182632200.0
2025-12-03,NVDA,181.0800018310547,182.4499969482422,179.11000061035156,179.58999633789062,179.57028198242188,165138000.0
2025-12-04,NVDA,181.6199951171875,184.52000427246097,179.9600067138672,183.3800048828125,183.37008666992188,167364900.0
2025-12-05,NVDA,183.88999938964844,184.66000366210935,180.91000366210935,182.41000366210935,182.4001312255859,143971100.0
2025-12-08,NVDA,182.63999938964844,188.0,182.3999938964844,185.5500030517578,185.5399627685547,204378100.0
2025-12-09,NVDA,185.55999755859375,185.72000122070312,183.32000732421875,184.97000122070312,184.95999145507812,144719700.0
2025-12-10,NVDA,184.97000122070312,185.47999572753903,182.0399932861328,183.77999877929688,183.77005004882812,162785400.0
2025-12-11,NVDA,180.27999877929688,181.32000732421875,176.6199951171875,180.92999267578125,180.92019653320312,182136600.0
2025-12-12,NVDA,181.11000061035156,182.82000732421875,174.6199951171875,175.02000427246094,175.01052856445312,204274900.0
2025-12-15,NVDA,177.94000244140625,178.4199981689453,175.02999877929688,176.2899932861328,176.28045654296875,164775600.0
2025-12-16,NVDA,176.25999450683594,178.49000549316406,174.89999389648438,177.72000122070312,177.71038818359375,148588100.0
2025-12-17,NVDA,176.10000610351562,176.1300048828125,170.30999755859375,170.94000244140625,170.93075561523438,222775500.0
2025-12-18,NVDA,174.52999877929688,176.14999389648438,171.82000732421875,174.13999938964844,174.1305694580078,176096000.0
2025-12-19,NVDA,176.6699981689453,181.4499969482422,176.33999633789062,180.9900054931641,180.9802093505859,324925900.0
2025-12-22,NVDA,183.9199981689453,184.16000366210935,182.3500061035156,183.69000244140625,183.6800537109375,129064400.0
2025-12-23,NVDA,182.97000122070312,189.3300018310547,182.8999938964844,189.2100067138672,189.19976806640625,174873600.0
2025-12-24,NVDA,187.94000244140625,188.91000366210935,186.58999633789065,188.61000061035156,188.59979248046875,65528500.0
2025-12-26,NVDA,189.9199981689453,192.69000244140625,188.0,190.52999877929688,190.51968383789065,139740300.0
2025-12-29,NVDA,187.7100067138672,188.7599945068359,185.91000366210935,188.22000122070312,188.20980834960935,120006100.0
2025-12-30,NVDA,188.2400054931641,188.9900054931641,186.92999267578125,187.5399932861328,187.52984619140625,97687300.0
2025-12-31,NVDA,189.57000732421875,190.55999755859375,186.4900054931641,186.5,186.4899139404297,120100500.0
2026-01-02,NVDA,189.83999633789065,192.92999267578125,188.2599945068359,188.8500061035156,188.83978271484375,148240500.0
2026-01-05,NVDA,191.7599945068359,193.6300048828125,186.1499938964844,188.1199951171875,188.1098175048828,183529700.0
2026-01-06,NVDA,190.52000427246097,192.1699981689453,186.82000732421875,187.2400054931641,187.22987365722656,176862600.0
2026-01-07,NVDA,188.57000732421875,191.3699951171875,186.55999755859375,189.11000061035156,189.09976196289065,153543200.0
2026-01-08,NVDA,189.11000061035156,189.5500030517578,183.7100067138672,185.0399932861328,185.0299835205078,172457000.0
2026-01-09,NVDA,185.0800018310547,186.33999633789065,183.6699981689453,184.86000061035156,184.84999084472656,131327500.0
2026-01-12,NVDA,183.22000122070312,187.1199951171875,183.02000427246097,184.94000244140625,184.92999267578125,137968500.0
2026-01-13,NVDA,185.0,188.11000061035156,183.3999938964844,185.80999755859375,185.79994201660156,160128900.0
2026-01-14,NVDA,184.32000732421875,184.4600067138672,180.8000030517578,183.13999938964844,183.1300811767578,159586100.0
2026-01-15,NVDA,186.5,189.6999969482422,186.3300018310547,187.0500030517578,187.03988647460935,206188600.0
2026-01-16,NVDA,189.0800018310547,190.44000244140625,186.0800018310547,186.22999572753903,186.21990966796875,187967200.0
2026-01-20,NVDA,181.8999938964844,182.3800048828125,177.61000061035156,178.07000732421875,178.06036376953125,223345300.0
2026-01-21,NVDA,179.0500030517578,185.3800048828125,178.39999389648438,183.32000732421875,183.31008911132812,200381000.0
2026-01-22,NVDA,184.75,186.1699981689453,183.92999267578125,184.83999633789065,184.8299865722656,139636600.0
2026-01-23,NVDA,187.5,189.6000061035156,186.82000732421875,187.6699981689453,187.6598358154297,142748100.0
2026-01-26,NVDA,187.16000366210935,189.1199951171875,185.9900054931641,186.47000122070312,186.4599151611328,124799600.0
2026-01-27,NVDA,187.2400054931641,190.0,185.6999969482422,188.52000427246097,188.50979614257812,143711600.0
2026-01-28,NVDA,191.27000427246097,192.3500061035156,189.83999633789065,191.52000427246097,191.5096435546875,148552700.0
2026-01-29,NVDA,191.33999633789065,193.47999572753903,186.05999755859375,192.5099945068359,192.49957275390625,171764400.0
2026-01-30,NVDA,191.2100067138672,194.4900054931641,189.47000122070312,191.1300048828125,191.11965942382812,179489500.0
2026-02-02,NVDA,187.1999969482422,190.3000030517578,184.8800048828125,185.61000061035156,185.59996032714844,165794100.0
2026-02-03,NVDA,186.2400054931641,186.27000427246097,176.22999572753906,180.33999633789065,180.33023071289065,204019600.0
2026-02-04,NVDA,179.4600067138672,179.5800018310547,171.91000366210938,174.19000244140625,174.18057250976562,207014100.0
2026-02-05,NVDA,174.92999267578125,176.82000732421875,171.02999877929688,171.8800048828125,171.87069702148438,206312900.0
2026-02-06,NVDA,176.69000244140625,187.0,174.60000610351562,185.41000366210935,185.39996337890625,231346200.0
2026-02-09,NVDA,184.2599945068359,193.66000366210935,183.9499969482422,190.0399932861328,190.0297088623047,196387400.0
2026-02-10,NVDA,191.3800048828125,192.47999572753903,188.1199951171875,188.5399932861328,188.52978515625,136764800.0
2026-02-11,NVDA,192.4499969482422,193.2599945068359,188.77000427246097,190.0500030517578,190.0397186279297,144192700.0
2026-02-12,NVDA,193.02999877929688,193.61000061035156,186.5099945068359,186.94000244140625,186.9298858642578,189932500.0
2026-02-13,NVDA,187.47999572753903,187.5,181.58999633789065,182.80999755859375,182.80010986328125,161888000.0
2026-02-14,NVDA,,,,140.0,140.0,64000000.0
2026-02-17,NVDA,181.75,187.1499938964844,179.17999267578125,184.97000122070312,184.95999145507812,162276900.0
2026-02-18,NVDA,188.75,190.3699951171875,186.7599945068359,187.97999572753903,187.9698181152344,164749100.0
2026-02-19,NVDA,187.05999755859375,188.42999267578125,185.66000366210935,187.8999938964844,187.88983154296875,126554500.0
2026-02-20,NVDA,186.57000732421875,190.3300018310547,185.94000244140625,189.82000732421875,189.8097381591797,178422300.0
2026-02-21,NVDA,,,,151.0,151.0,66200000.0
2026-02-23,NVDA,191.3999938964844,193.9499969482422,189.5800018310547,191.5500030517578,191.5396423339844,171584800.0
2026-02-24,NVDA,191.4900054931641,193.77000427246097,187.3999938964844,192.8500061035156,192.83956909179688,175123600.0
2026-02-25,NVDA,194.4499969482422,197.6300048828125,193.7899932861328,195.55999755859375,195.5494079589844,250637100.0
2026-02-26,NVDA,194.27000427246097,194.2899932861328,184.32000732421875,184.88999938964844,184.87998962402344,360807900.0
2026-02-27,NVDA,181.25,182.58999633789065,176.3800048828125,177.19000244140625,177.180419921875,311636500.0
2026-02-28,NVDA,,,,163.0,163.0,68400000.0
2026-03-02,NVDA,175.00999450683594,183.4600067138672,174.63999938964844,182.47999572753903,182.4701232910156,209095300.0
2026-03-03,NVDA,178.49000549316406,180.8999938964844,176.9199981689453,180.0500030517578,180.04025268554688,178099400.0
2026-03-04,NVDA,180.44000244140625,184.6999969482422,180.05999755859375,183.0399932861328,183.03009033203125,177731200.0
2026-03-05,NVDA,181.1699981689453,184.05999755859375,177.8800048828125,183.33999633789065,183.330078125,198779700.0
2026-03-06,NVDA,179.83999633789062,182.7599945068359,176.82000732421875,177.82000732421875,177.8103790283203,189021900.0
2026-03-07,NVDA,,,,176.0,176.0,71000000.0
2026-03-09,NVDA,176.8300018310547,182.91000366210935,175.55999755859375,182.6499938964844,182.64010620117188,177213600.0
2026-03-10,NVDA,182.3999938964844,186.44000244140625,182.0099945068359,184.77000427246097,184.760009765625,179118500.0
2026-03-11,NVDA,185.91000366210935,187.6199951171875,184.4499969482422,186.02999877929688,186.02999877929688,145280400.0
2026-03-12,NVDA,184.0500030517578,184.94000244140625,181.75,183.13999938964844,183.13999938964844,155762700.0
2026-03-13,NVDA,184.9199981689453,186.08999633789065,179.94000244140625,180.25,180.25,160988400.0
2026-03-14,NVDA,,,,189.0,189.0,73200000.0
2026-03-16,NVDA,182.97000122070312,188.8800048828125,181.41000366210935,183.22000122070312,183.22000122070312,217307400.0
2026-03-17,NVDA,185.05999755859375,185.3999938964844,181.67999267578125,181.92999267578125,181.92999267578125,182497800.0
2026-03-18,NVDA,182.47999572753903,183.3800048828125,180.3300018310547,180.3999938964844,180.3999938964844,156683100.0
2026-03-19,NVDA,178.00999450683594,179.97999572753906,175.7899932861328,178.55999755859375,178.55999755859375,170968500.0
2026-03-20,NVDA,178.0,178.25999450683594,171.72000122070312,172.6999969482422,172.6999969482422,241323500.0
2026-03-23,NVDA,177.25999450683594,178.3699951171875,174.75999450683594,175.63999938964844,175.63999938964844,182836300.0
2026-03-24,NVDA,174.8300018310547,176.22000122070312,173.97999572753906,175.1999969482422,175.1999969482422,147667800.0
2026-03-25,NVDA,177.10000610351562,181.22000122070312,176.85000610351562,178.67999267578125,178.67999267578125,162602100.0
2026-03-26,NVDA,176.07000732421875,176.50999450683594,171.13999938964844,171.24000549316406,171.24000549316406,186152200.0
2026-03-27,NVDA,170.0,170.97000122070312,167.00999450683594,167.52000427246094,167.52000427246094,196212700.0
2026-03-30,NVDA,168.77999877929688,169.4499969482422,164.27000427246094,165.1699981689453,165.1699981689453,185627000.0
2026-03-31,NVDA,166.97000122070312,174.6199951171875,166.9600067138672,174.39999389648438,174.39999389648438,226181300.0
2026-04-01,NVDA,176.0,177.3699951171875,174.75,175.75,175.75,168132000.0
2026-04-02,NVDA,172.17999267578125,177.49000549316406,171.3699951171875,177.38999938964844,177.38999938964844,143143200.0
2026-04-06,NVDA,177.16000366210938,177.7899932861328,175.75999450683594,177.63999938964844,177.63999938964844,107564300.0
2026-04-07,NVDA,175.72999572753906,178.22999572753906,173.66000366210938,178.10000610351562,178.10000610351562,132534900.0
2026-04-08,NVDA,184.5,185.2599945068359,180.3000030517578,182.0800018310547,182.0800018310547,147732700.0
2026-04-09,NVDA,181.83999633789065,184.0800018310547,180.6199951171875,183.91000366210935,183.91000366210935,116428500.0
2026-04-10,NVDA,184.30999755859375,190.0,184.3000030517578,188.6300048828125,188.6300048828125,160459500.0
2026-04-13,NVDA,186.02999877929688,189.66000366210935,185.7400054931641,189.30999755859375,189.30999755859375,133648200.0
2026-04-14,NVDA,190.83999633789065,196.5099945068359,190.77000427246097,196.5099945068359,196.5099945068359,161307000.0
2026-04-15,NVDA,196.5399932861328,200.3999938964844,195.7400054931641,198.8699951171875,198.8699951171875,185338400.0
2026-04-16,NVDA,197.42999267578125,199.8500061035156,195.80999755859375,198.3500061035156,198.3500061035156,134012900.0
2026-04-17,NVDA,199.8999938964844,201.6999969482422,199.27000427246097,201.67999267578125,201.67999267578125,160324400.0
2026-04-20,NVDA,199.97999572753903,202.1699981689453,197.83999633789065,202.05999755859375,202.05999755859375,119381400.0
2026-04-21,NVDA,202.1300048828125,202.75,199.0,199.8800048828125,199.8800048828125,107945300.0
2026-04-22,NVDA,200.9900054931641,202.5,199.0,202.5,202.5,107501000.0
2026-04-23,NVDA,202.4600067138672,203.8300018310547,197.22000122070312,199.63999938964844,199.63999938964844,113561800.0
2026-04-24,NVDA,199.9600067138672,210.9499969482422,199.80999755859375,208.27000427246097,208.27000427246097,214134400.0
2026-04-27,NVDA,209.6499938964844,216.8300018310547,207.3800048828125,216.61000061035156,216.61000061035156,187172400.0
2026-04-28,NVDA,209.4900054931641,214.72999572753903,208.1999969482422,213.1699981689453,213.1699981689453,180275400.0
2026-04-29,NVDA,212.6999969482422,212.72000122070312,207.5800018310547,209.25,209.25,123711800.0
2026-04-30,NVDA,209.92999267578125,210.3000030517578,198.6999969482422,199.57000732421875,199.57000732421875,225239200.0
2026-05-01,NVDA,201.27999877929688,203.0,197.1199951171875,198.4499969482422,198.4499969482422,128647000.0
2026-05-04,NVDA,199.5,201.72999572753903,194.7400054931641,198.47999572753903,198.47999572753903,125368100.0
2026-05-05,NVDA,199.3000030517578,200.2400054931641,196.02999877929688,196.5,196.5,113406600.0
2026-05-06,NVDA,199.88999938964844,208.27000427246097,198.61000061035156,207.8300018310547,207.8300018310547,188362800.0
2026-05-07,NVDA,208.33999633789065,214.1999969482422,206.5,211.5,211.5,168307900.0
2026-05-08,NVDA,213.02999877929688,217.8000030517578,212.88999938964844,215.1999969482422,215.1999969482422,136421400.0
2026-05-11,NVDA,214.0399932861328,222.3000030517578,213.88999938964844,219.44000244140625,219.44000244140625,160685800.0
2026-05-12,NVDA,218.5500030517578,223.75,214.9199981689453,220.77999877929688,220.77999877929688,159176600.0
2026-05-13,NVDA,224.92999267578125,227.83999633789065,221.57000732421875,225.8300018310547,225.8300018310547,150405400.0
2026-05-14,NVDA,229.8500061035156,236.5399932861328,229.3000030517578,235.7400054931641,235.7400054931641,180782900.0
2026-05-15,NVDA,229.7599945068359,231.5,224.2400054931641,225.32000732421875,225.32000732421875,180977600.0
2026-05-18,NVDA,229.8699951171875,230.0,218.3699951171875,222.32000732421875,222.32000732421875,146280900.0
2026-05-19,NVDA,219.6199951171875,224.47999572753903,217.91000366210935,220.61000061035156,220.61000061035156,140948200.0
2026-05-20,NVDA,223.17999267578125,226.1300048828125,220.5,223.47000122070312,223.47000122070312,184201600.0
2026-05-21,NVDA,222.2899932861328,227.3999938964844,217.92999267578125,219.5099945068359,219.5099945068359,203381800.0
2026-05-22,NVDA,220.8999938964844,221.0099945068359,214.8000030517578,215.3300018310547,215.3300018310547,168346300.0
2026-02-10,QQQ,,,,520.0,520.0,48000000.0
2026-02-11,QQQ,,,,521.0,521.0,47800000.0
2026-02-12,QQQ,,,,523.0,523.0,48100000.0
2026-02-13,QQQ,,,,526.0,526.0,48500000.0
2026-02-14,QQQ,,,,528.0,528.0,49000000.0
2026-02-17,QQQ,,,,529.0,529.0,48800000.0
2026-02-18,QQQ,,,,532.0,532.0,49200000.0
2026-02-19,QQQ,,,,534.0,534.0,49500000.0
2026-02-20,QQQ,,,,536.0,536.0,49700000.0
2026-02-21,QQQ,,,,535.0,535.0,49300000.0
2026-02-24,QQQ,,,,538.0,538.0,49800000.0
2026-02-25,QQQ,,,,540.0,540.0,50100000.0
2026-02-26,QQQ,,,,543.0,543.0,50500000.0
2026-02-27,QQQ,,,,545.0,545.0,51000000.0
2026-02-28,QQQ,,,,548.0,548.0,51500000.0
2026-03-03,QQQ,,,,550.0,550.0,51800000.0
2026-03-04,QQQ,,,,551.0,551.0,51400000.0
2026-03-05,QQQ,,,,553.0,553.0,51700000.0
2026-03-06,QQQ,,,,555.0,555.0,52000000.0
2026-03-07,QQQ,,,,558.0,558.0,52300000.0
2026-03-10,QQQ,,,,560.0,560.0,52600000.0
2026-03-11,QQQ,,,,562.0,562.0,52900000.0
2026-03-12,QQQ,,,,565.0,565.0,53200000.0
2026-03-13,QQQ,,,,568.0,568.0,53400000.0
2026-03-14,QQQ,,,,570.0,570.0,53700000.0
2023-12-07,SMH,158.8699951171875,161.44000244140625,158.22000122070312,161.10000610351562,158.93362426757812,8790700.0
2023-12-08,SMH,160.83999633789062,162.94000244140625,160.66000366210938,162.47999572753906,160.2950439453125,5683500.0
2023-12-11,SMH,163.52999877929688,166.99000549316406,163.2899932861328,166.3800048828125,164.14260864257812,9671600.0
2023-12-12,SMH,165.5800018310547,168.1999969482422,165.3300018310547,168.13999938964844,165.87893676757812,6985400.0
2023-12-13,SMH,168.30999755859375,171.10000610351562,167.75999450683594,170.1199951171875,167.83229064941406,8037600.0
2023-12-14,SMH,171.6199951171875,173.86000061035156,171.4199981689453,173.25999450683594,170.93008422851562,9446800.0
2023-12-15,SMH,173.88999938964844,175.86000061035156,173.6999969482422,174.0800018310547,171.7390594482422,6902000.0
2023-12-18,SMH,173.55999755859375,173.8699951171875,171.97000122070312,173.33999633789062,172.03977966308594,5157100.0
2023-12-19,SMH,173.1999969482422,174.0500030517578,172.91000366210938,173.9199981689453,172.61544799804688,5031000.0
2023-12-20,SMH,172.85000610351562,173.69000244140625,169.00999450683594,169.0800018310547,167.81175231933594,8557400.0
2023-12-21,SMH,172.35000610351562,173.5500030517578,171.52000427246094,173.25999450683594,171.96038818359375,8184500.0
2023-12-22,SMH,174.10000610351562,174.41000366210938,172.41000366210938,173.27999877929688,171.98025512695312,4089200.0
2023-12-26,SMH,173.77999877929688,176.30999755859375,173.77999877929688,175.6699981689453,174.35231018066406,4829200.0
2023-12-27,SMH,176.35000610351562,176.75,175.1999969482422,175.86000061035156,174.54087829589844,5113400.0
2023-12-28,SMH,176.6199951171875,176.72999572753906,175.7100067138672,175.82000732421875,174.50119018554688,4033500.0
2023-12-29,SMH,176.02000427246094,176.3800048828125,173.6699981689453,174.8699951171875,173.55831909179688,5391600.0
2024-01-02,SMH,172.35000610351562,172.35000610351562,167.61000061035156,168.97000122070312,167.70257568359375,8989000.0
2024-01-03,SMH,166.35000610351562,167.47999572753906,165.3699951171875,165.97000122070312,164.72508239746094,9303600.0
2024-01-04,SMH,164.27999877929688,166.64999389648438,163.97000122070312,164.99000549316406,163.75242614746094,7095800.0
2024-01-05,SMH,165.47999572753906,167.57000732421875,165.10000610351562,166.0800018310547,164.83425903320312,6869600.0
2024-01-08,SMH,167.39999389648438,172.0800018310547,167.27999877929688,171.9600067138672,170.67015075683594,10514800.0
2024-01-09,SMH,170.52999877929688,173.72999572753906,169.92999267578125,172.4199981689453,171.12669372558594,6974300.0
2024-01-10,SMH,173.0500030517578,173.10000610351562,170.6300048828125,172.5800018310547,171.28549194335938,6330000.0
2024-01-11,SMH,173.27000427246094,174.52999877929688,170.19000244140625,173.55999755859375,172.25814819335938,7993700.0
2024-01-12,SMH,173.75,174.1699981689453,172.05999755859375,172.9499969482422,171.6527099609375,4561000.0
2024-01-16,SMH,173.2899932861328,176.86000061035156,172.74000549316406,175.6999969482422,174.38209533691406,7678000.0
2024-01-17,SMH,174.47999572753906,174.92999267578125,171.49000549316406,174.63999938964844,173.3300323486328,6751200.0
2024-01-18,SMH,179.6699981689453,180.5500030517578,177.41000366210938,180.30999755859375,178.95751953125,11983800.0
2024-01-19,SMH,182.38999938964844,187.30999755859375,181.4199981689453,187.17999267578125,185.7759704589844,12742400.0
2024-01-22,SMH,188.80999755859375,189.97999572753903,186.47000122070312,188.0500030517578,186.6394500732422,8308900.0
2024-01-23,SMH,188.02000427246097,189.1699981689453,186.08999633789065,189.0099945068359,187.59225463867188,6031200.0
2024-01-24,SMH,191.2100067138672,195.3000030517578,190.02000427246097,192.3699951171875,190.9270477294922,14706600.0
2024-01-25,SMH,195.8000030517578,195.8999938964844,191.25,192.3699951171875,190.9270477294922,11109400.0
2024-01-26,SMH,189.16000366210935,190.47000122070312,187.6999969482422,188.27000427246097,186.8578186035156,9921900.0
2024-01-29,SMH,188.72000122070312,190.5099945068359,187.82000732421875,190.47999572753903,189.0512237548828,8035500.0
2024-01-30,SMH,190.11000061035156,190.8999938964844,187.67999267578125,188.58999633789065,187.17539978027344,6340100.0
2024-01-31,SMH,185.72999572753903,188.7100067138672,184.1499938964844,185.8699951171875,184.47579956054688,10827100.0
2024-02-01,SMH,186.72999572753903,188.1000061035156,185.0500030517578,187.57000732421875,186.16305541992188,6322500.0
2024-02-02,SMH,188.22000122070312,191.72999572753903,187.86000061035156,191.22000122070312,189.7856903076172,7865400.0
2024-02-05,SMH,193.5399932861328,195.72000122070312,191.44000244140625,194.9499969482422,193.4877014160156,8600500.0
2024-02-06,SMH,195.8500061035156,195.88999938964844,190.1199951171875,192.7400054931641,191.29428100585935,8505100.0
2024-02-07,SMH,193.6999969482422,196.7899932861328,192.41000366210935,196.6300048828125,195.1551055908203,7138800.0
2024-02-08,SMH,197.57000732421875,200.86000061035156,196.82000732421875,199.42999267578125,197.93408203125,8963800.0
2024-02-09,SMH,201.1499938964844,204.1999969482422,199.77000427246097,203.8500061035156,202.32093811035156,7642200.0
2024-02-12,SMH,204.1999969482422,207.1199951171875,201.97000122070312,203.05999755859375,201.536865234375,9718900.0
2024-02-13,SMH,197.1699981689453,201.55999755859375,196.2899932861328,199.3000030517578,197.80506896972656,11269600.0
2024-02-14,SMH,202.0,203.91000366210935,200.41000366210935,203.3000030517578,201.7750701904297,7932500.0
2024-02-15,SMH,204.6000061035156,204.7400054931641,202.0099945068359,202.6199951171875,201.10015869140625,7103400.0
2024-02-16,SMH,204.3300018310547,206.0800018310547,201.2100067138672,201.75,200.23667907714844,6273100.0
2024-02-20,SMH,200.27000427246097,200.7599945068359,194.6499938964844,197.77999877929688,196.2964630126953,11318400.0
2024-02-21,SMH,195.63999938964844,196.5399932861328,193.72000122070312,196.5099945068359,195.03599548339844,8624800.0
2024-02-22,SMH,207.17999267578125,210.6999969482422,206.3300018310547,209.92999267578125,208.35533142089844,12445700.0
2024-02-23,SMH,212.02999877929688,213.36000061035156,206.97000122070312,208.6199951171875,207.05516052246097,8526200.0
2024-02-26,SMH,210.6000061035156,211.6199951171875,208.8300018310547,210.3500061035156,208.77218627929688,7552200.0
2024-02-27,SMH,211.0099945068359,211.7599945068359,208.83999633789065,209.7400054931641,208.1667633056641,4969700.0
2024-02-28,SMH,207.61000061035156,208.75,206.42999267578125,207.41000366210935,205.854248046875,4505800.0
2024-02-29,SMH,209.8000030517578,212.55999755859375,208.7899932861328,211.9499969482422,210.3601837158203,6450600.0
2024-03-01,SMH,214.1199951171875,221.32000732421875,213.97999572753903,220.5399932861328,218.8857421875,10273300.0
2024-03-04,SMH,224.0,227.1300048828125,222.6699981689453,224.08999633789065,222.40911865234375,10905100.0
2024-03-05,SMH,222.36000061035156,223.22999572753903,218.2899932861328,220.66000366210935,219.00485229492188,10421000.0
2024-03-06,SMH,225.1300048828125,228.7599945068359,223.67999267578125,226.3500061035156,224.6521759033203,11245400.0
2024-03-07,SMH,229.72999572753903,234.91000366210935,229.4600067138672,234.1699981689453,232.41351318359375,13524400.0
2024-03-08,SMH,236.92999267578125,239.13999938964844,224.44000244140625,224.9900054931641,223.30238342285156,22519200.0
2024-03-11,SMH,222.13999938964844,223.8800048828125,219.02000427246097,220.97999572753903,219.3224334716797,12843800.0
2024-03-12,SMH,224.5500030517578,228.02000427246097,220.55999755859375,227.97000122070312,226.2600250244141,10410300.0
2024-03-13,SMH,225.8699951171875,225.8699951171875,221.1499938964844,223.4600067138672,221.78384399414065,9835800.0
2024-03-14,SMH,222.77999877929688,223.9900054931641,217.41000366210935,219.4600067138672,217.81385803222656,11440100.0
2024-03-15,SMH,216.94000244140625,220.3000030517578,215.92999267578125,217.83999633789065,216.20599365234375,11402000.0
2024-03-18,SMH,222.1699981689453,223.16000366210935,217.82000732421875,218.27999877929688,216.6427001953125,8671700.0
2024-03-19,SMH,215.72000122070312,218.8500061035156,212.82000732421875,217.8000030517578,216.1663055419922,10606900.0
2024-03-20,SMH,218.8500061035156,221.6199951171875,216.8300018310547,221.2899932861328,219.630126953125,9158100.0
2024-03-21,SMH,228.5800018310547,230.0500030517578,225.80999755859375,226.30999755859375,224.6124725341797,11728000.0
2024-03-22,SMH,225.6000061035156,229.25,225.22000122070312,227.63999938964844,225.93247985839844,5350200.0
2024-03-25,SMH,225.22000122070312,229.2400054931641,224.86000061035156,227.0800018310547,225.3766937255859,4938900.0
2024-03-26,SMH,228.8000030517578,229.4600067138672,224.7599945068359,224.97000122070312,223.2825164794922,6402500.0
2024-03-27,SMH,226.58999633789065,226.83999633789065,221.4900054931641,224.88999938964844,223.203125,7614700.0
2024-03-28,SMH,224.30999755859375,225.94000244140625,223.7400054931641,224.9900054931641,223.30238342285156,3763300.0
2024-04-01,SMH,225.5,230.9499969482422,225.5,227.94000244140625,226.23025512695312,7896800.0
2024-04-02,SMH,224.25,225.42999267578125,222.3800048828125,225.0099945068359,223.3222198486328,5995000.0
2024-04-03,SMH,222.72999572753903,227.52000427246097,222.67999267578125,225.91000366210935,224.21548461914065,5914900.0
2024-04-04,SMH,229.1000061035156,229.80999755859375,219.63999938964844,219.88999938964844,218.2406311035156,9294000.0
2024-04-05,SMH,221.22000122070312,224.07000732421875,219.61000061035156,222.63999938964844,220.9699859619141,8104000.0
2024-04-08,SMH,224.88999938964844,225.27999877929688,222.1699981689453,223.05999755859375,221.3868408203125,4215300.0
2024-04-09,SMH,225.36000061035156,225.9499969482422,220.0399932861328,224.1000061035156,222.41905212402344,5372300.0
2024-04-10,SMH,221.0,224.3800048828125,220.5,222.1499938964844,220.48367309570312,8164900.0
2024-04-11,SMH,223.47999572753903,227.57000732421875,221.67999267578125,227.30999755859375,225.60496520996097,7200600.0
2024-04-12,SMH,223.5,223.82000732421875,219.97000122070312,220.67999267578125,219.02468872070312,8741500.0
2024-04-15,SMH,223.75,224.97999572753903,216.61000061035156,217.36000061035156,215.72959899902344,6750400.0
2024-04-16,SMH,217.3300018310547,220.36000061035156,216.47000122070312,219.16000366210935,217.51611328125,6754900.0
2024-04-17,SMH,219.5099945068359,220.1199951171875,212.07000732421875,212.3999938964844,210.8068084716797,11726400.0
2024-04-18,SMH,210.97000122070312,212.25,207.36000061035156,208.6300048828125,207.06509399414065,10350600.0
2024-04-19,SMH,206.72000122070312,208.0,198.44000244140625,199.2100067138672,197.7157440185547,13584600.0
2024-04-22,SMH,200.97000122070312,204.3800048828125,199.1499938964844,203.02000427246097,201.4971618652344,9801700.0
2024-04-23,SMH,204.4900054931641,208.5800018310547,203.92999267578125,207.8000030517578,206.24131774902344,7300600.0
2024-04-24,SMH,212.63999938964844,213.13999938964844,206.9499969482422,208.0399932861328,206.4794921875,6564900.0
2024-04-25,SMH,207.08999633789065,213.67999267578125,205.75,212.1999969482422,210.60829162597656,8682200.0
2024-04-26,SMH,212.52999877929688,218.67999267578125,211.94000244140625,217.63999938964844,216.0074920654297,6365400.0
2024-04-29,SMH,217.47999572753903,218.61000061035156,214.8999938964844,218.3800048828125,216.7419586181641,4818000.0
2024-04-30,SMH,217.33999633789065,219.6199951171875,214.08999633789065,214.08999633789065,212.484130859375,4944800.0
2024-05-01,SMH,211.13999938964844,214.5399932861328,206.11000061035156,207.8500061035156,206.2909393310547,12945800.0
2024-05-02,SMH,211.3699951171875,212.7400054931641,207.30999755859375,212.02999877929688,210.43959045410156,6382500.0
2024-05-03,SMH,215.9199981689453,218.36000061035156,215.1499938964844,217.72999572753903,216.09681701660156,6379100.0
2024-05-06,SMH,219.3699951171875,222.67999267578125,218.22000122070312,222.6699981689453,220.9997711181641,5343100.0
2024-05-07,SMH,222.5500030517578,223.17999267578125,220.63999938964844,220.72999572753903,219.07432556152344,5067000.0
2024-05-08,SMH,218.9499969482422,221.86000061035156,218.6999969482422,221.3999938964844,219.73928833007812,5404300.0
2024-05-09,SMH,221.4900054931641,221.77000427246097,218.88999938964844,219.97999572753903,218.3299560546875,4023300.0
2024-05-10,SMH,222.9600067138672,225.44000244140625,222.42999267578125,223.3000030517578,221.6250457763672,6126600.0
2024-05-13,SMH,224.0,224.5500030517578,222.32000732421875,223.2599945068359,221.58534240722656,3972400.0
2024-05-14,SMH,222.94000244140625,227.3300018310547,222.2400054931641,227.0800018310547,225.3766937255859,5050500.0
2024-05-15,SMH,229.27000427246097,234.0,228.52999877929688,233.8999938964844,232.14553833007812,8212800.0
2024-05-16,SMH,233.8500061035156,235.11000061035156,232.08999633789065,232.1999969482422,230.4582977294922,6209600.0
2024-05-17,SMH,233.58999633789065,233.82000732421875,228.6199951171875,230.25,228.52291870117188,5241300.0
2024-05-20,SMH,231.47000122070312,236.0399932861328,230.88999938964844,235.0,233.23728942871097,4986400.0
2024-05-21,SMH,232.9600067138672,234.9199981689453,231.8699951171875,234.6699981689453,232.9097595214844,4396200.0
2024-05-22,SMH,236.91000366210935,237.22000122070312,233.9900054931641,236.58999633789065,234.8153533935547,8112700.0
2024-05-23,SMH,244.1499938964844,244.55999755859375,237.7899932861328,239.82000732421875,238.02113342285156,12401000.0
2024-05-24,SMH,241.52999877929688,244.44000244140625,240.2899932861328,244.2599945068359,242.4278259277344,4644700.0
2024-05-28,SMH,247.69000244140625,250.8500061035156,245.4600067138672,249.8300018310547,247.95603942871097,7703000.0
2024-05-29,SMH,246.1000061035156,246.97999572753903,244.07000732421875,245.6499938964844,243.8073883056641,7581300.0
2024-05-30,SMH,245.4900054931641,246.1300048828125,241.0800018310547,242.27000427246097,240.4527587890625,7087000.0
2024-05-31,SMH,243.3699951171875,244.02000427246097,234.2599945068359,240.47999572753903,238.6761779785156,12722800.0
2024-06-03,SMH,245.1000061035156,245.44000244140625,239.02000427246097,243.47999572753903,241.6536865234375,6312800.0
2024-06-04,SMH,243.3000030517578,243.6999969482422,240.1000061035156,242.6000061035156,240.78028869628903,5797000.0
2024-06-05,SMH,247.52999877929688,254.52999877929688,246.7100067138672,254.41000366210935,252.5016937255859,10950400.0
2024-06-06,SMH,255.52000427246097,255.9199981689453,250.25,252.41000366210935,250.5166931152344,9828200.0
2024-06-07,SMH,252.2400054931641,254.05999755859375,250.4900054931641,252.2100067138672,250.31820678710935,5470300.0
2024-06-10,SMH,251.1000061035156,256.7200012207031,250.0500030517578,255.86000061035156,253.94081115722656,6418000.0
2024-06-11,SMH,255.0,255.88999938964844,251.8500061035156,255.47999572753903,253.56365966796875,6117800.0
2024-06-12,SMH,260.57000732421875,264.54998779296875,259.760009765625,263.0899963378906,261.1165771484375,8051500.0
2024-06-13,SMH,266.7900085449219,268.1400146484375,263.9599914550781,267.2099914550781,265.2056579589844,7647200.0
2024-06-14,SMH,265.3999938964844,268.5899963378906,264.6199951171875,267.8900146484375,265.880615234375,6257000.0
2024-06-17,SMH,270.7099914550781,273.2099914550781,266.9200134277344,272.4800109863281,270.4361572265625,7502000.0
2024-06-18,SMH,273.5199890136719,278.2699890136719,273.0199890136719,276.760009765625,274.6840515136719,8241600.0
2024-06-20,SMH,279.2200012207031,279.57000732421875,267.0799865722656,268.9200134277344,266.9028625488281,14053800.0
2024-06-21,SMH,265.57000732421875,268.92999267578125,262.0199890136719,264.8900146484375,262.9031066894531,11653900.0
2024-06-24,SMH,261.5,263.0799865722656,255.72999572753903,255.77999877929688,253.8614196777344,10154100.0
2024-06-25,SMH,258.5199890136719,261.9100036621094,255.80999755859375,261.7699890136719,259.8064880371094,6592200.0
2024-06-26,SMH,261.6099853515625,263.07000732421875,257.75,260.9100036621094,258.95294189453125,5950300.0
2024-06-27,SMH,260.3999938964844,262.42999267578125,257.6400146484375,258.8599853515625,256.91827392578125,5738700.0
2024-06-28,SMH,260.4800109863281,266.3999938964844,258.9800109863281,260.70001220703125,258.7445068359375,7743300.0
2024-07-01,SMH,261.0,261.3500061035156,255.66000366210935,261.010009765625,259.0522155761719,6186000.0
2024-07-02,SMH,258.989990234375,263.6600036621094,258.7099914550781,263.6300048828125,261.6525573730469,4117100.0
2024-07-03,SMH,264.0899963378906,270.3999938964844,263.2799987792969,269.6199951171875,267.5976257324219,4633000.0
2024-07-05,SMH,271.2200012207031,272.04998779296875,268.04998779296875,269.7200012207031,267.69683837890625,6415200.0
2024-07-08,SMH,272.8399963378906,275.70001220703125,272.54998779296875,274.2099914550781,272.1531677246094,5832700.0
2024-07-09,SMH,276.2900085449219,277.6099853515625,272.1600036621094,274.80999755859375,272.7486572265625,5912800.0
2024-07-10,SMH,278.1300048828125,281.7300109863281,276.2900085449219,281.2699890136719,279.16021728515625,6181000.0
2024-07-11,SMH,283.0,283.07000732421875,270.0,271.0199890136719,268.9870910644531,12282300.0
2024-07-12,SMH,271.79998779296875,278.94000244140625,271.05999755859375,274.45001220703125,272.3913879394531,8392800.0
2024-07-15,SMH,276.4100036621094,277.4700012207031,272.0199890136719,273.8299865722656,271.7760009765625,7814800.0
2024-07-16,SMH,275.30999755859375,275.6300048828125,270.5400085449219,273.7099914550781,271.65692138671875,5638600.0
2024-07-17,SMH,263.7900085449219,264.0,253.8500061035156,254.22000122070312,252.31312561035156,15181900.0
2024-07-18,SMH,259.1300048828125,260.0,250.0099945068359,255.5399932861328,253.6232147216797,12807600.0
2024-07-19,SMH,254.86000061035156,255.2100067138672,247.7899932861328,248.13999938964844,246.2787170410156,8589500.0
2024-07-22,SMH,253.0,257.8999938964844,251.61000061035156,257.7200012207031,255.786865234375,10757900.0
2024-07-23,SMH,254.97999572753903,257.3699951171875,254.33999633789065,254.86000061035156,252.9483184814453,5869900.0
2024-07-24,SMH,250.58999633789065,251.32000732421875,240.33999633789065,240.97999572753903,239.1724395751953,11295000.0
2024-07-25,SMH,239.0,243.63999938964844,230.82000732421875,236.55999755859375,234.78558349609375,18765100.0
2024-07-26,SMH,242.22000122070312,242.32000732421875,238.17999267578125,240.30999755859375,238.5074462890625,7325600.0
2024-07-29,SMH,242.44000244140625,245.22999572753903,237.77000427246097,238.6000061035156,236.8102874755859,6745300.0
2024-07-30,SMH,240.22000122070312,240.7100067138672,228.3300018310547,229.47000122070312,227.7487640380859,12932100.0
2024-07-31,SMH,242.5,247.69000244140625,240.5099945068359,246.9900054931641,245.13735961914065,18412100.0
2024-08-01,SMH,244.0399932861328,246.8000030517578,227.8999938964844,231.0099945068359,229.27720642089844,17111600.0
2024-08-02,SMH,219.9199981689453,222.33999633789065,214.17999267578125,218.42999267578125,216.7915802001953,20261300.0
2024-08-05,SMH,200.97999572753903,218.5,200.4900054931641,213.30999755859375,211.70997619628903,18420800.0
2024-08-06,SMH,216.5399932861328,222.8000030517578,212.63999938964844,217.4600067138672,215.828857421875,15388800.0
2024-08-07,SMH,224.69000244140625,226.1000061035156,211.0099945068359,211.47000122070312,209.8837890625,13066500.0
2024-08-08,SMH,217.6000061035156,225.27000427246097,212.6999969482422,224.91000366210935,223.2229766845703,11407900.0
2024-08-09,SMH,224.6999969482422,226.4900054931641,221.38999938964844,224.8500061035156,223.16342163085935,7241700.0
2024-08-12,SMH,225.19000244140625,229.5500030517578,224.0500030517578,226.9600067138672,225.25759887695312,6751200.0
2024-08-13,SMH,230.5500030517578,236.3000030517578,228.8699951171875,236.19000244140625,234.4183654785156,7647400.0
2024-08-14,SMH,238.7100067138672,239.17999267578125,232.16000366210935,236.38999938964844,234.6168670654297,7187100.0
2024-08-15,SMH,240.8000030517578,247.33999633789065,239.52999877929688,246.3699951171875,244.52200317382812,8376800.0
2024-08-16,SMH,244.2100067138672,247.3999938964844,243.0,246.7100067138672,244.8594665527344,5194600.0
2024-08-19,SMH,245.7899932861328,251.3999938964844,243.2899932861328,251.33999633789065,249.45472717285156,5564300.0
2024-08-20,SMH,250.1499938964844,251.52999877929688,245.8699951171875,248.05999755859375,246.19932556152344,6578600.0
2024-08-21,SMH,248.6000061035156,251.8699951171875,247.8699951171875,250.6300048828125,248.7500457763672,4813700.0
2024-08-22,SMH,252.52000427246097,253.32000732421875,241.5399932861328,242.4199981689453,240.60162353515625,8007400.0
2024-08-23,SMH,245.8500061035156,250.3300018310547,244.6999969482422,248.38999938964844,246.52685546875,6933400.0
2024-08-26,SMH,247.4900054931641,248.5500030517578,241.1300048828125,242.57000732421875,240.75051879882812,6925200.0
2024-08-27,SMH,240.6699981689453,245.75,238.57000732421875,245.0099945068359,243.1721954345703,5534400.0
2024-08-28,SMH,244.5,245.67999267578125,237.82000732421875,240.88999938964844,239.08311462402344,8114000.0
2024-08-29,SMH,240.47000122070312,244.5099945068359,236.77999877929688,237.91000366210935,236.12545776367188,9256500.0
2024-08-30,SMH,242.4499969482422,244.6000061035156,239.3800048828125,243.4600067138672,241.6338348388672,8623800.0
2024-09-03,SMH,238.8699951171875,238.8699951171875,223.80999755859375,225.19000244140625,223.50086975097656,14466300.0
2024-09-04,SMH,221.8300018310547,228.5800018310547,221.4600067138672,224.6499938964844,222.9649200439453,8646300.0
2024-09-05,SMH,222.05999755859375,227.77000427246097,221.72999572753903,224.2599945068359,222.57785034179688,6535400.0
2024-09-06,SMH,223.3500061035156,223.6699981689453,213.57000732421875,215.0,213.38731384277344,12019300.0
2024-09-09,SMH,218.4600067138672,220.30999755859375,215.7899932861328,219.86000061035156,218.2108459472656,7933400.0
2024-09-10,SMH,220.6199951171875,222.13999938964844,216.4600067138672,221.94000244140625,220.27525329589844,7651600.0
2024-09-11,SMH,223.7899932861328,233.6999969482422,219.3999938964844,233.3999938964844,231.6492919921875,11148300.0
2024-09-12,SMH,232.9199981689453,235.9600067138672,229.9600067138672,233.8999938964844,232.14553833007812,8209500.0
2024-09-13,SMH,235.0,237.5500030517578,234.22000122070312,236.91000366210935,235.13296508789065,6405800.0
2024-09-16,SMH,233.38999938964844,235.0,230.8699951171875,233.8000030517578,232.0462951660156,5505200.0
2024-09-17,SMH,236.61000061035156,237.1300048828125,231.83999633789065,233.72000122070312,231.9668884277344,4722800.0
2024-09-18,SMH,234.88999938964844,237.83999633789065,230.7899932861328,231.05999755859375,229.3268280029297,7299800.0
2024-09-19,SMH,239.97000122070312,243.8500061035156,238.30999755859375,241.08999633789065,239.28160095214844,11254200.0
2024-09-20,SMH,238.8000030517578,239.6499938964844,234.9600067138672,237.8999938964844,236.1155242919922,8183300.0
2024-09-23,SMH,238.80999755859375,239.82000732421875,237.1199951171875,238.9499969482422,237.15765380859375,3781400.0
2024-09-24,SMH,241.0800018310547,244.3800048828125,238.27999877929688,243.3999938964844,241.57427978515625,5435900.0
2024-09-25,SMH,243.22999572753903,247.0800018310547,242.8000030517578,245.5399932861328,243.69822692871097,4978300.0
2024-09-26,SMH,255.5,255.9900054931641,247.3699951171875,252.6199951171875,250.72511291503903,10082100.0
2024-09-27,SMH,253.19000244140625,253.2100067138672,246.1199951171875,247.7400054931641,245.88172912597656,7128600.0
2024-09-30,SMH,244.1499938964844,247.0099945068359,241.8699951171875,245.4499969482422,243.60890197753903,6252500.0
2024-10-01,SMH,245.6300048828125,246.5800018310547,237.0,238.8800048828125,237.08819580078125,7751800.0
2024-10-02,SMH,239.1699981689453,244.4499969482422,237.58999633789065,242.32000732421875,240.50238037109375,5842600.0
2024-10-03,SMH,241.5500030517578,247.1499938964844,241.33999633789065,244.5500030517578,242.7156524658203,5926900.0
2024-10-04,SMH,249.2100067138672,249.2100067138672,244.3300018310547,247.82000732421875,245.9611358642578,5771300.0
2024-10-07,SMH,246.52999877929688,250.6000061035156,246.30999755859375,248.22000122070312,246.35812377929688,4958800.0
2024-10-08,SMH,249.16000366210935,253.1699981689453,247.8800048828125,252.52000427246097,250.62586975097656,4435300.0
2024-10-09,SMH,252.9900054931641,255.41000366210935,250.2100067138672,255.1499938964844,253.23614501953125,4063400.0
2024-10-10,SMH,252.5099945068359,255.8699951171875,251.0,254.6499938964844,252.73988342285156,4044600.0
2024-10-11,SMH,253.61000061035156,257.29998779296875,253.6000061035156,256.69000244140625,254.76458740234375,4202900.0
2024-10-14,SMH,258.5199890136719,262.260009765625,258.4200134277344,261.2799987792969,259.3201904296875,4608600.0
2024-10-15,SMH,261.0,262.1099853515625,245.5800018310547,247.16000366210935,245.3060760498047,14128900.0
2024-10-16,SMH,249.8300018310547,249.8300018310547,245.5,247.32000732421875,245.46487426757812,5692300.0
2024-10-17,SMH,255.17999267578125,256.1700134277344,251.5,251.5800018310547,249.6929168701172,6745000.0
2024-10-18,SMH,253.5,253.52000427246097,250.86000061035156,251.5099945068359,249.62342834472656,3720700.0
2024-10-21,SMH,251.0,253.0500030517578,249.4900054931641,252.83999633789065,250.94346618652344,3923400.0
2024-10-22,SMH,251.3300018310547,252.4900054931641,249.6699981689453,251.69000244140625,249.80209350585935,3629100.0
2024-10-23,SMH,250.4499969482422,251.6699981689453,245.83999633789065,249.0099945068359,247.1421813964844,4971600.0
2024-10-24,SMH,250.8699951171875,251.1999969482422,248.1999969482422,250.05999755859375,248.184326171875,2595500.0
2024-10-25,SMH,252.4900054931641,256.54998779296875,252.3000030517578,252.9600067138672,251.0625762939453,6835900.0
2024-10-28,SMH,252.77000427246097,253.0500030517578,251.0,251.2100067138672,249.32569885253903,3557300.0
2024-10-29,SMH,251.8999938964844,258.3299865722656,250.86000061035156,256.9200134277344,254.9928741455078,5392800.0
2024-10-30,SMH,251.7400054931641,253.0,249.4499969482422,250.67999267578125,248.79965209960935,5348400.0
2024-10-31,SMH,248.27000427246097,248.27000427246097,240.27999877929688,241.67999267578125,239.86717224121097,9464700.0
2024-11-01,SMH,244.19000244140625,247.2899932861328,243.3500061035156,244.75,242.9141540527344,5521000.0
2024-11-04,SMH,245.30999755859375,247.5099945068359,243.41000366210935,244.27000427246097,242.4377593994141,5199200.0
2024-11-05,SMH,245.25,249.0399932861328,245.0800018310547,248.30999755859375,246.44744873046875,4344200.0
2024-11-06,SMH,252.2899932861328,255.69000244140625,250.2100067138672,254.80999755859375,252.898681640625,7284400.0
2024-11-07,SMH,258.3900146484375,261.1499938964844,258.1400146484375,261.0199890136719,259.0621032714844,5370200.0
2024-11-08,SMH,260.760009765625,261.8800048828125,257.9200134277344,259.3399963378906,257.39471435546875,3915600.0
2024-11-11,SMH,257.9200134277344,258.04998779296875,250.9900054931641,253.52999877929688,251.6282958984375,7667300.0
2024-11-12,SMH,253.1000061035156,253.57000732421875,248.86000061035156,251.86000061035156,249.9708251953125,6574000.0
2024-11-13,SMH,250.6499938964844,251.17999267578125,247.22000122070312,247.6300048828125,245.7725524902344,5537900.0
2024-11-14,SMH,249.55999755859375,250.9600067138672,247.3800048828125,248.17999267578125,246.3184051513672,4607600.0
2024-11-15,SMH,244.1699981689453,244.57000732421875,238.8000030517578,239.9499969482422,238.150146484375,9499700.0
2024-11-18,SMH,239.02999877929688,242.1699981689453,237.38999938964844,241.5399932861328,239.7282257080078,7696500.0
2024-11-19,SMH,241.1000061035156,244.27000427246097,240.6000061035156,244.17999267578125,242.34841918945312,4505200.0
2024-11-20,SMH,243.3300018310547,243.75,238.6499938964844,242.5399932861328,240.72071838378903,7585600.0
2024-11-21,SMH,245.52000427246097,248.19000244140625,239.6000061035156,246.1000061035156,244.2540283203125,8825400.0
2024-11-22,SMH,245.97000122070312,246.63999938964844,243.30999755859375,244.6199951171875,242.78512573242188,4746300.0
2024-11-25,SMH,246.3500061035156,246.3500061035156,242.27999877929688,243.66000366210935,241.83233642578125,4562700.0
2024-11-26,SMH,245.82000732421875,246.1199951171875,239.88999938964844,241.4199981689453,239.609130859375,4996500.0
2024-11-27,SMH,239.66000366210935,239.8000030517578,234.1699981689453,238.25,236.46290588378903,6911600.0
2024-11-29,SMH,240.0,244.4900054931641,239.58999633789065,242.1300048828125,240.31381225585935,5607400.0
2024-12-02,SMH,243.3500061035156,249.1499938964844,243.3500061035156,247.8699951171875,246.0107421875,8070300.0
2024-12-03,SMH,246.92999267578125,248.67999267578125,245.92999267578125,248.4199981689453,246.55662536621097,3227300.0
2024-12-04,SMH,252.22999572753903,253.07000732421875,249.32000732421875,252.6300048828125,250.7350616455078,5457400.0
2024-12-05,SMH,251.88999938964844,252.16000366210935,247.5800018310547,248.3000030517578,246.43753051757812,3872100.0
2024-12-06,SMH,247.8800048828125,249.4199981689453,247.2100067138672,248.61000061035156,246.7451934814453,3885300.0
2024-12-09,SMH,246.22000122070312,248.9600067138672,244.92999267578125,246.07000732421875,244.22425842285156,4532600.0
2024-12-10,SMH,246.42999267578125,247.1499938964844,238.3699951171875,239.8800048828125,238.0806884765625,6402400.0
2024-12-11,SMH,243.6499938964844,247.0399932861328,241.72999572753903,245.75,243.9066467285156,5588400.0
2024-12-12,SMH,244.0099945068359,244.63999938964844,241.92999267578125,243.3699951171875,241.54449462890625,3979300.0
2024-12-13,SMH,249.52000427246097,251.6300048828125,246.0500030517578,249.4900054931641,247.6186065673828,8628300.0
2024-12-16,SMH,250.5,254.36000061035156,248.9199981689453,253.25,251.3503875732422,4893000.0
2024-12-17,SMH,250.47999572753903,251.1699981689453,248.02999877929688,249.9600067138672,248.0850830078125,4027800.0
2024-12-18,SMH,252.16000366210935,254.47000122070312,240.4499969482422,241.9900054931641,240.17486572265625,8125800.0
2024-12-19,SMH,243.0,243.25,238.3500061035156,238.8699951171875,237.07826232910156,6893100.0
2024-12-20,SMH,237.3999938964844,245.2599945068359,236.5399932861328,242.7100067138672,240.8894500732422,6909300.0
2024-12-23,SMH,243.52999877929688,249.58999633789065,243.52999877929688,249.22000122070312,248.44692993164065,6650100.0
2024-12-24,SMH,250.44000244140625,251.3699951171875,249.3800048828125,251.3699951171875,250.5902557373047,2097400.0
2024-12-26,SMH,250.4199981689453,252.38999938964844,248.8800048828125,250.92999267578125,250.1516265869141,2169300.0
2024-12-27,SMH,249.27999877929688,250.07000732421875,245.16000366210935,248.3999938964844,247.6294708251953,3812300.0
2024-12-30,SMH,244.6199951171875,247.3500061035156,242.72999572753903,244.66000366210935,243.9010772705078,3532100.0
2024-12-31,SMH,245.5099945068359,246.0500030517578,241.3999938964844,242.1699981689453,241.41879272460935,3071800.0
2025-01-02,SMH,244.52000427246097,247.75,242.25,244.7899932861328,244.0306701660156,4464000.0
2025-01-03,SMH,247.0,252.3300018310547,246.67999267578125,251.8800048828125,251.09869384765625,4994400.0
2025-01-06,SMH,258.6700134277344,263.2900085449219,258.5,260.2300109863281,259.42279052734375,10533200.0
2025-01-07,SMH,263.4200134277344,263.5799865722656,253.0500030517578,254.0399932861328,253.25196838378903,7661100.0
2025-01-08,SMH,253.55999755859375,254.3300018310547,249.5099945068359,252.22999572753903,251.4475860595703,5189500.0
2025-01-10,SMH,249.41000366210935,249.58999633789065,244.9199981689453,247.17999267578125,246.4132537841797,6901500.0
2025-01-13,SMH,241.07000732421875,244.92999267578125,240.6199951171875,244.63999938964844,243.88113403320312,6007500.0
2025-01-14,SMH,247.72999572753903,248.3800048828125,242.38999938964844,245.44000244140625,244.6786651611328,3791500.0
2025-01-15,SMH,249.25,252.07000732421875,247.6999969482422,251.2100067138672,250.43077087402344,5316800.0
2025-01-16,SMH,257.1099853515625,257.20001220703125,252.1499938964844,252.2899932861328,251.5074005126953,5696100.0
2025-01-17,SMH,257.9800109863281,258.67999267578125,255.61000061035156,258.25,257.44891357421875,5387300.0
2025-01-21,SMH,260.79998779296875,264.32000732421875,258.45001220703125,262.3900146484375,261.5760803222656,4923000.0
2025-01-22,SMH,266.0,269.6600036621094,265.1400146484375,267.1700134277344,266.3412780761719,6616500.0
2025-01-23,SMH,263.0199890136719,266.8599853515625,261.8999938964844,266.8500061035156,266.0222473144531,4704900.0
2025-01-24,SMH,267.3999938964844,267.42999267578125,260.6199951171875,261.5299987792969,260.71875,5119900.0
2025-01-27,SMH,242.47999572753903,245.0800018310547,232.2400054931641,235.80999755859375,235.0785217285156,21944900.0
2025-01-28,SMH,237.88999938964844,241.02999877929688,232.2599945068359,240.4499969482422,239.70413208007812,11707300.0
2025-01-29,SMH,242.41000366210935,242.4499969482422,236.63999938964844,239.52999877929688,238.7869873046875,8366000.0
2025-01-30,SMH,243.4199981689453,245.8500061035156,240.6699981689453,245.1699981689453,244.4095001220703,7676300.0
2025-01-31,SMH,246.1699981689453,251.4600067138672,242.9199981689453,243.6199951171875,242.8643035888672,8009900.0
2025-02-03,SMH,235.97000122070312,241.63999938964844,235.1199951171875,238.77999877929688,238.0393218994141,7479600.0
2025-02-04,SMH,238.80999755859375,242.6199951171875,238.5800018310547,241.47000122070312,240.72097778320312,4579000.0
2025-02-05,SMH,242.1199951171875,247.5,240.3999938964844,247.13999938964844,246.37338256835935,4811100.0
2025-02-06,SMH,247.17999267578125,248.42999267578125,245.61000061035156,248.3500061035156,247.5796356201172,4877200.0
2025-02-07,SMH,249.55999755859375,250.6499938964844,243.47999572753903,245.0,244.24002075195312,7258900.0
2025-02-10,SMH,247.0,250.2899932861328,247.0,249.6199951171875,248.84568786621097,4231300.0
2025-02-11,SMH,247.6999969482422,251.0399932861328,247.41000366210935,249.8699951171875,249.09490966796875,3134900.0
2025-02-12,SMH,245.6999969482422,248.7400054931641,244.5399932861328,248.5099945068359,247.7391357421875,4212800.0
2025-02-13,SMH,248.0,252.08999633789065,247.7899932861328,251.9199981689453,251.1385498046875,4486100.0
2025-02-14,SMH,252.0,253.22000122070312,250.6300048828125,252.5800018310547,251.7965087890625,4279500.0
2025-02-18,SMH,254.72000122070312,257.20001220703125,253.33999633789065,256.2200012207031,255.4252166748047,6361400.0
2025-02-19,SMH,255.97999572753903,258.3800048828125,253.8800048828125,257.3399963378906,256.541748046875,3025400.0
2025-02-20,SMH,258.07000732421875,259.6300048828125,254.9199981689453,257.79998779296875,257.00030517578125,4401700.0
2025-02-21,SMH,258.3500061035156,258.70001220703125,249.19000244140625,249.9900054931641,249.2145538330078,7578500.0
2025-02-24,SMH,251.3000030517578,252.05999755859375,243.27999877929688,243.4199981689453,242.6649169921875,7518000.0
2025-02-25,SMH,242.7100067138672,243.77999877929688,237.33999633789065,238.25,237.51095581054688,7658600.0
2025-02-26,SMH,241.6000061035156,246.1199951171875,240.8999938964844,243.82000732421875,243.06369018554688,6675900.0
2025-02-27,SMH,246.07000732421875,246.3800048828125,228.6999969482422,228.7899932861328,228.08029174804688,10520600.0
2025-02-28,SMH,228.3699951171875,233.77999877929688,225.6300048828125,232.77000427246097,232.04795837402344,8654700.0
2025-03-03,SMH,235.3699951171875,235.3699951171875,220.9499969482422,223.0099945068359,222.3182373046875,10001200.0
2025-03-04,SMH,222.4600067138672,230.8000030517578,218.0500030517578,225.22999572753903,224.5313415527344,12563100.0
2025-03-05,SMH,227.82000732421875,230.2100067138672,223.47000122070312,229.3999938964844,228.6884002685547,6799400.0
2025-03-06,SMH,221.97999572753903,226.16000366210935,219.07000732421875,219.77999877929688,219.09825134277344,9155200.0
2025-03-07,SMH,220.6000061035156,225.75,217.07000732421875,225.08999633789065,224.39178466796875,9426800.0
2025-03-10,SMH,219.57000732421875,221.2899932861328,211.5099945068359,214.52999877929688,213.86453247070312,9616500.0
2025-03-11,SMH,215.2100067138672,219.02000427246097,210.4600067138672,214.22000122070312,213.5554962158203,7381300.0
2025-03-12,SMH,220.32000732421875,222.9499969482422,218.17999267578125,220.52000427246097,219.83596801757812,8710800.0
2025-03-13,SMH,220.77999877929688,223.8800048828125,217.80999755859375,219.5500030517578,218.8689727783203,5126800.0
2025-03-14,SMH,223.3500061035156,226.9600067138672,223.27999877929688,226.57000732421875,225.86720275878903,5100700.0
2025-03-17,SMH,226.22999572753903,231.0399932861328,226.02000427246097,228.9600067138672,228.24978637695312,5192200.0
2025-03-18,SMH,226.6300048828125,227.77000427246097,223.8800048828125,225.4199981689453,224.72076416015625,5196700.0
2025-03-19,SMH,225.4199981689453,231.02000427246097,223.77999877929688,227.41000366210935,226.70458984375,4932500.0
2025-03-20,SMH,225.13999938964844,229.0099945068359,224.88999938964844,227.0500030517578,226.345703125,3654700.0
2025-03-21,SMH,222.77000427246097,225.61000061035156,221.41000366210935,224.77000427246097,224.07278442382812,6319300.0
2025-03-24,SMH,229.1999969482422,232.4199981689453,229.1000061035156,230.6300048828125,229.9145965576172,6503200.0
2025-03-25,SMH,230.4499969482422,230.66000366210935,228.8500061035156,229.6499938964844,228.93763732910156,3451800.0
2025-03-26,SMH,228.3999938964844,228.8000030517578,220.0500030517578,222.0099945068359,221.3213348388672,9591100.0
2025-03-27,SMH,219.0500030517578,220.6999969482422,216.57000732421875,217.75,217.07455444335935,9072500.0
2025-03-28,SMH,216.8000030517578,218.0399932861328,211.0500030517578,212.1699981689453,211.51185607910156,8722100.0
2025-03-31,SMH,207.3300018310547,211.69000244140625,204.5099945068359,211.47000122070312,210.81402587890625,9477200.0
2025-04-01,SMH,210.9600067138672,212.5399932861328,207.2599945068359,212.4900054931641,211.83087158203125,6151300.0
2025-04-02,SMH,208.9600067138672,216.61000061035156,208.47000122070312,214.08999633789065,213.4259033203125,7096200.0
2025-04-03,SMH,202.69000244140625,204.4900054931641,195.33999633789065,195.57000732421875,194.96336364746097,14299000.0
2025-04-04,SMH,188.6999969482422,190.2899932861328,178.22999572753906,180.8000030517578,180.2391662597656,22160100.0
2025-04-07,SMH,173.49000549316406,194.8300018310547,170.11000061035156,184.8999938964844,184.32644653320312,25600300.0
2025-04-08,SMH,192.9900054931641,195.72000122070312,176.0500030517578,179.9499969482422,179.3917999267578,19097600.0
2025-04-09,SMH,181.7599945068359,212.80999755859375,180.27000427246097,210.8300018310547,210.176025390625,22178500.0
2025-04-10,SMH,201.3800048828125,202.5,189.0399932861328,196.2100067138672,195.60137939453125,18282500.0
2025-04-11,SMH,195.6999969482422,201.94000244140625,193.6999969482422,201.30999755859375,200.685546875,10156300.0
2025-04-14,SMH,206.6199951171875,206.77999877929688,198.77000427246097,201.61000061035156,200.984619140625,9843300.0
2025-04-15,SMH,202.6699981689453,205.13999938964844,201.94000244140625,202.9199981689453,202.29055786132812,5097800.0
2025-04-16,SMH,193.16000366210935,196.7599945068359,188.52999877929688,194.3500061035156,193.7471466064453,13067200.0
2025-04-17,SMH,195.82000732421875,196.0,191.0,192.52999877929688,191.9327850341797,7067400.0
2025-04-21,SMH,188.8999938964844,189.38999938964844,184.3999938964844,187.8300018310547,187.2473602294922,9572700.0
2025-04-22,SMH,190.3500061035156,193.3000030517578,188.9600067138672,191.8999938964844,191.3047332763672,7242700.0
2025-04-23,SMH,201.5800018310547,203.0800018310547,198.0800018310547,198.91000366210935,198.29299926757812,11495800.0
2025-04-24,SMH,203.22000122070312,209.27999877929688,202.17999267578125,208.97000122070312,208.32179260253903,9696200.0
2025-04-25,SMH,207.17999267578125,213.2899932861328,206.5,211.97000122070312,211.31248474121097,7487400.0
2025-04-28,SMH,210.88999938964844,212.2100067138672,206.3999938964844,210.6499938964844,209.99656677246097,5804900.0
2025-04-29,SMH,209.3300018310547,212.25,208.52000427246097,210.2899932861328,209.63768005371097,4506200.0
2025-04-30,SMH,205.02000427246097,211.7400054931641,203.88999938964844,211.27999877929688,210.62461853027344,5974400.0
2025-05-01,SMH,214.92999267578125,216.52999877929688,212.11000061035156,212.3000030517578,211.64146423339844,6878200.0
2025-05-02,SMH,217.9900054931641,220.9199981689453,217.2400054931641,219.02999877929688,218.3505859375,6522200.0
2025-05-05,SMH,217.02999877929688,219.6000061035156,216.8999938964844,217.61000061035156,216.9349822998047,4536000.0
2025-05-06,SMH,213.6499938964844,217.44000244140625,212.83999633789065,215.58999633789065,214.92124938964844,5019400.0
2025-05-07,SMH,215.72000122070312,220.9199981689453,214.19000244140625,220.02000427246097,219.33750915527344,9068800.0
2025-05-08,SMH,222.8500061035156,224.83999633789065,220.1000061035156,221.9499969482422,221.2615203857422,5919200.0
2025-05-09,SMH,224.52999877929688,225.36000061035156,221.9900054931641,223.3999938964844,222.70701599121097,3495500.0
2025-05-12,SMH,236.72000122070312,238.6699981689453,234.0500030517578,237.41000366210935,236.6735687255859,9246900.0
2025-05-13,SMH,239.0500030517578,246.69000244140625,238.6000061035156,245.55999755859375,244.79827880859375,8665600.0
2025-05-14,SMH,247.6499938964844,249.44000244140625,245.6000061035156,247.9900054931641,247.2207489013672,7439600.0
2025-05-15,SMH,245.75,249.0,244.0800018310547,247.1300048828125,246.36341857910156,6446300.0
2025-05-16,SMH,247.5399932861328,247.61000061035156,244.1199951171875,246.4199981689453,245.65562438964844,3800100.0
2025-05-19,SMH,241.3999938964844,246.5,241.2899932861328,246.0099945068359,245.24688720703125,4196100.0
2025-05-20,SMH,243.8699951171875,245.61000061035156,242.8800048828125,245.5399932861328,244.77833557128903,3115200.0
2025-05-21,SMH,243.3300018310547,248.5800018310547,240.02000427246097,241.47000122070312,240.72097778320312,6392500.0
2025-05-22,SMH,241.02999877929688,243.61000061035156,240.32000732421875,240.80999755859375,240.06301879882812,5185500.0
2025-05-23,SMH,235.22999572753903,238.86000061035156,234.58999633789065,237.44000244140625,236.70347595214844,6577200.0
2025-05-27,SMH,242.4900054931641,245.69000244140625,240.66000366210935,244.97000122070312,244.21011352539065,8858900.0
2025-05-28,SMH,245.2899932861328,246.2100067138672,241.91000366210935,242.36000061035156,241.60821533203125,10739500.0
2025-05-29,SMH,249.0,249.2100067138672,242.6999969482422,244.0800018310547,243.3228759765625,9120100.0
2025-05-30,SMH,243.22999572753903,243.22999572753903,235.3699951171875,239.75,239.0063018798828,11064700.0
2025-06-02,SMH,239.17999267578125,244.02999877929688,238.9600067138672,243.3000030517578,242.54530334472656,4719900.0
2025-06-03,SMH,243.47999572753903,249.1699981689453,242.3500061035156,248.7899932861328,248.0182647705078,7518700.0
2025-06-04,SMH,250.57000732421875,252.61000061035156,248.36000061035156,251.75,250.96908569335935,7258700.0
2025-06-05,SMH,253.7400054931641,256.05999755859375,249.7599945068359,251.3000030517578,250.52047729492188,8054100.0
2025-06-06,SMH,253.5399932861328,255.58999633789065,252.63999938964844,252.72999572753903,251.946044921875,5589700.0
2025-06-09,SMH,255.0,259.8699951171875,255.0,256.9599914550781,256.16290283203125,10841400.0
2025-06-10,SMH,258.3599853515625,262.67999267578125,257.4599914550781,262.07000732421875,261.257080078125,9763000.0
2025-06-11,SMH,263.6000061035156,264.9100036621094,259.69000244140625,261.8800048828125,261.0676574707031,12286000.0
2025-06-12,SMH,260.05999755859375,264.0,260.05999755859375,263.1499938964844,262.3337097167969,6781900.0
2025-06-13,SMH,257.54998779296875,260.6000061035156,256.04998779296875,256.989990234375,256.19281005859375,11950200.0
2025-06-16,SMH,259.9599914550781,265.04998779296875,259.7799987792969,263.3800048828125,262.5630187988281,7497700.0
2025-06-17,SMH,262.44000244140625,265.5299987792969,261.3599853515625,261.5899963378906,260.778564453125,7284700.0
2025-06-18,SMH,262.7799987792969,264.9100036621094,260.989990234375,262.5899963378906,261.77545166015625,7367400.0
2025-06-20,SMH,264.8500061035156,265.0199890136719,257.2200012207031,260.2699890136719,259.462646484375,11439900.0
2025-06-23,SMH,259.8500061035156,262.6600036621094,257.1199951171875,261.9200134277344,261.1075439453125,10420100.0
2025-06-24,SMH,265.92999267578125,271.6199951171875,265.739990234375,271.5400085449219,270.69769287109375,9035500.0
2025-06-25,SMH,273.2200012207031,275.2699890136719,272.45001220703125,275.20001220703125,274.3463439941406,8480000.0
2025-06-26,SMH,277.0799865722656,277.95001220703125,274.95001220703125,277.20001220703125,276.34014892578125,6789000.0
2025-06-27,SMH,278.17999267578125,280.5,275.6400146484375,278.4200134277344,277.5563659667969,8170900.0
2025-06-30,SMH,279.70001220703125,279.9599914550781,277.1000061035156,278.8800048828125,278.0149230957031,6375800.0
2025-07-01,SMH,276.79998779296875,278.05999755859375,272.1600036621094,275.8399963378906,274.9843444824219,8931300.0
2025-07-02,SMH,274.82000732421875,281.9200134277344,274.6600036621094,281.25,280.3775634765625,8713800.0
2025-07-03,SMH,282.82000732421875,285.19000244140625,282.30999755859375,283.6199951171875,282.740234375,4443000.0
2025-07-07,SMH,281.760009765625,282.6400146484375,278.54998779296875,279.760009765625,278.8922119140625,8616400.0
2025-07-08,SMH,281.6099853515625,284.7300109863281,280.70001220703125,283.4800109863281,282.6006774902344,8186500.0
2025-07-09,SMH,284.7300109863281,287.8399963378906,283.57000732421875,285.4200134277344,284.53466796875,6810700.0
2025-07-10,SMH,287.8900146484375,288.19000244140625,284.55999755859375,287.5199890136719,286.62811279296875,5635200.0
2025-07-11,SMH,286.4700012207031,288.94000244140625,285.54998779296875,287.489990234375,286.59820556640625,5677000.0
2025-07-14,SMH,286.29998779296875,286.5199890136719,281.739990234375,285.32000732421875,284.4349670410156,7455800.0
2025-07-15,SMH,291.6700134277344,293.20001220703125,290.0799865722656,290.79998779296875,289.89794921875,9892500.0
2025-07-16,SMH,288.5,289.57000732421875,283.1300048828125,289.2799987792969,288.3826599121094,10065900.0
2025-07-17,SMH,290.04998779296875,292.55999755859375,287.9800109863281,291.7099914550781,290.80511474609375,6998300.0
2025-07-18,SMH,292.9100036621094,293.3299865722656,289.3299865722656,290.30999755859375,289.40948486328125,5522100.0
2025-07-21,SMH,290.6700134277344,293.5299987792969,290.3999938964844,290.510009765625,289.6088562011719,5910900.0
2025-07-22,SMH,289.739990234375,289.8399963378906,282.1199951171875,285.3699951171875,284.48480224609375,11537500.0
2025-07-23,SMH,285.29998779296875,286.6700134277344,282.989990234375,286.6099853515625,285.720947265625,8194600.0
2025-07-24,SMH,287.19000244140625,288.2699890136719,284.9200134277344,287.79998779296875,286.9072570800781,5902600.0
2025-07-25,SMH,286.2300109863281,288.0400085449219,285.05999755859375,287.489990234375,286.59820556640625,4014900.0
2025-07-28,SMH,289.7799987792969,291.57000732421875,289.2900085449219,291.4100036621094,290.5060729980469,5671900.0
2025-07-29,SMH,293.55999755859375,296.7300109863281,291.4800109863281,292.8999938964844,291.9914245605469,6968700.0
2025-07-30,SMH,294.760009765625,297.3800048828125,293.5899963378906,296.260009765625,295.3410339355469,7930300.0
2025-07-31,SMH,294.70001220703125,294.9200134277344,286.04998779296875,288.7799987792969,287.88421630859375,9928100.0
2025-08-01,SMH,282.9100036621094,286.94000244140625,279.19000244140625,283.95001220703125,283.0692138671875,14032200.0
2025-08-04,SMH,286.2900085449219,290.30999755859375,285.2099914550781,290.19000244140625,289.28985595703125,5323200.0
2025-08-05,SMH,290.739990234375,291.3299865722656,284.2099914550781,287.1000061035156,286.2094421386719,6918300.0
2025-08-06,SMH,284.8299865722656,287.2300109863281,282.7699890136719,286.6199951171875,285.7309265136719,6124300.0
2025-08-07,SMH,292.8299865722656,294.7099914550781,288.6199951171875,291.1199951171875,290.2169494628906,8069400.0
2025-08-08,SMH,291.92999267578125,293.9200134277344,290.6499938964844,293.5299987792969,292.6194763183594,5121600.0
2025-08-11,SMH,294.510009765625,297.0899963378906,292.7300109863281,293.3999938964844,292.4898681640625,5799700.0
2025-08-12,SMH,295.2900085449219,300.239990234375,293.1499938964844,300.1000061035156,299.1690979003906,7592800.0
2025-08-13,SMH,301.8399963378906,302.9800109863281,298.57000732421875,301.2799987792969,300.345458984375,8959700.0
2025-08-14,SMH,298.0,302.79998779296875,297.2799987792969,301.9200134277344,300.98345947265625,5827000.0
2025-08-15,SMH,299.3599853515625,299.3599853515625,293.94000244140625,295.6499938964844,294.73291015625,9026300.0
2025-08-18,SMH,294.9200134277344,297.19000244140625,294.7799987792969,296.8599853515625,295.93914794921875,5577500.0
2025-08-19,SMH,296.8599853515625,297.1199951171875,290.6300048828125,290.8699951171875,289.9677429199219,8191900.0
2025-08-20,SMH,290.0,290.0,281.1499938964844,288.9599914550781,288.06365966796875,10091000.0
2025-08-21,SMH,287.7799987792969,289.8699951171875,285.8800048828125,287.4599914550781,286.56829833984375,6067700.0
2025-08-22,SMH,287.6300048828125,296.3599853515625,286.5400085449219,293.6400146484375,292.7291564941406,5810400.0
2025-08-25,SMH,293.75,295.7900085449219,292.1199951171875,293.9200134277344,293.00830078125,4965000.0
2025-08-26,SMH,294.82000732421875,297.239990234375,294.6700134277344,296.75,295.8294982910156,4967100.0
2025-08-27,SMH,295.8500061035156,298.1000061035156,294.3800048828125,297.6600036621094,296.7366638183594,5646200.0
2025-08-28,SMH,298.1000061035156,300.7799987792969,295.9800109863281,298.8800048828125,297.952880859375,7194000.0
2025-08-29,SMH,295.55999755859375,295.55999755859375,289.1000061035156,290.2900085449219,289.3895568847656,13420900.0
2025-09-02,SMH,283.0899963378906,286.6700134277344,281.739990234375,286.4800109863281,285.59136962890625,11543700.0
2025-09-03,SMH,287.3599853515625,287.92999267578125,283.7799987792969,286.42999267578125,285.54150390625,7249600.0
2025-09-04,SMH,285.239990234375,290.2099914550781,284.29998779296875,289.8599853515625,288.9608459472656,8079300.0
2025-09-05,SMH,295.07000732421875,295.1499938964844,289.25,293.2799987792969,292.3702697753906,9809600.0
2025-09-08,SMH,295.1400146484375,297.82000732421875,294.79998779296875,296.5199890136719,295.6001892089844,7223200.0
2025-09-09,SMH,297.2200012207031,297.989990234375,295.1099853515625,297.80999755859375,296.8861999511719,6797000.0
2025-09-10,SMH,300.5899963378906,302.3800048828125,298.7699890136719,300.8299865722656,299.8968200683594,10221400.0
2025-09-11,SMH,303.5400085449219,305.55999755859375,303.1700134277344,303.92999267578125,302.9872131347656,7312400.0
2025-09-12,SMH,305.05999755859375,305.5899963378906,303.1000061035156,304.32000732421875,303.37603759765625,5231900.0
2025-09-15,SMH,303.82000732421875,307.2300109863281,303.010009765625,307.1700134277344,306.2171936035156,5390200.0
2025-09-16,SMH,308.42999267578125,308.6700134277344,305.57000732421875,307.2099914550781,306.2570495605469,4227600.0
2025-09-17,SMH,306.5,307.1499938964844,301.3699951171875,305.25,304.3031311035156,9647700.0
2025-09-18,SMH,313.54998779296875,318.6199951171875,312.6000061035156,316.9700012207031,315.9867858886719,16335600.0
2025-09-19,SMH,316.3999938964844,316.510009765625,313.42999267578125,315.7099914550781,314.7306823730469,8381600.0
2025-09-22,SMH,316.2699890136719,323.1400146484375,316.0,322.1700134277344,321.170654296875,11618100.0
2025-09-23,SMH,323.1600036621094,325.3599853515625,320.0199890136719,321.70001220703125,320.7021179199219,9159000.0
2025-09-24,SMH,321.3999938964844,321.9599914550781,317.4700012207031,321.1099853515625,320.1139221191406,8632200.0
2025-09-25,SMH,316.2900085449219,322.0299987792969,313.6000061035156,321.05999755859375,320.0640869140625,9592900.0
2025-09-26,SMH,321.6400146484375,322.4200134277344,318.1400146484375,321.82000732421875,320.8217468261719,6886100.0
2025-09-29,SMH,324.6499938964844,326.8299865722656,322.4700012207031,322.6600036621094,321.65911865234375,5833600.0
2025-09-30,SMH,322.75,326.7200012207031,322.42999267578125,326.3599853515625,325.3476257324219,7459900.0
2025-10-01,SMH,324.2799987792969,334.1099853515625,324.1099853515625,333.69000244140625,332.6549072265625,9911800.0
2025-10-02,SMH,339.6600036621094,340.0,336.55999755859375,338.239990234375,337.1907958984375,8092600.0
2025-10-03,SMH,339.4100036621094,340.7799987792969,335.17999267578125,336.67999267578125,335.6356201171875,7770000.0
2025-10-06,SMH,345.4599914550781,348.5299987792969,343.3800048828125,343.3800048828125,342.3148498535156,10263200.0
2025-10-07,SMH,346.2900085449219,346.6700134277344,336.55999755859375,337.04998779296875,336.0044860839844,9365700.0
2025-10-08,SMH,336.7300109863281,346.4599914550781,336.4200134277344,346.07000732421875,344.99652099609375,7841500.0
2025-10-09,SMH,346.0400085449219,347.1000061035156,342.3999938964844,345.2099914550781,344.13916015625,5565500.0
2025-10-10,SMH,345.9700012207031,346.489990234375,324.8299865722656,325.3399963378906,324.330810546875,18804500.0
2025-10-13,SMH,337.4800109863281,341.0899963378906,335.0,339.75,338.69610595703125,11760200.0
2025-10-14,SMH,333.05999755859375,339.05999755859375,330.25,333.5,332.46551513671875,7296700.0
2025-10-15,SMH,342.1000061035156,343.0799865722656,335.510009765625,341.7799987792969,340.7198181152344,8283800.0
2025-10-16,SMH,346.1700134277344,347.0899963378906,339.80999755859375,343.29998779296875,342.2350769042969,9047500.0
2025-10-17,SMH,341.2200012207031,344.92999267578125,338.1400146484375,342.8299865722656,341.76654052734375,8396300.0
2025-10-20,SMH,346.0,350.04998779296875,345.6600036621094,347.2200012207031,346.1429443359375,6436900.0
2025-10-21,SMH,347.05999755859375,347.1000061035156,343.1600036621094,345.29998779296875,344.2288818359375,4391800.0
2025-10-22,SMH,342.8599853515625,344.8599853515625,332.3999938964844,338.6000061035156,337.5496826171875,8014200.0
2025-10-23,SMH,337.04998779296875,345.9100036621094,336.7300109863281,344.79998779296875,343.7304382324219,6422600.0
2025-10-24,SMH,350.5799865722656,352.94000244140625,349.82000732421875,351.1400146484375,350.0508117675781,5649300.0
2025-10-27,SMH,357.6700134277344,360.6000061035156,356.2099914550781,359.94000244140625,358.823486328125,6663400.0
2025-10-28,SMH,359.6099853515625,364.6700134277344,358.4599914550781,363.1099853515625,361.983642578125,5086000.0
2025-10-29,SMH,369.0799865722656,372.7799987792969,365.8200073242187,368.6099853515625,367.4665832519531,8102600.0
2025-10-30,SMH,367.4299926757813,369.8599853515625,363.5499877929687,363.7300109863281,362.6017456054687,6932700.0
2025-10-31,SMH,366.8800048828125,368.4299926757813,360.5,363.0199890136719,361.8939208984375,4917900.0
2025-11-03,SMH,367.69000244140625,369.4700012207031,364.69000244140625,366.1000061035156,364.9643859863281,4470500.0
2025-11-04,SMH,357.9800109863281,361.7900085449219,351.79998779296875,352.760009765625,351.665771484375,8269000.0
2025-11-05,SMH,353.1000061035156,364.2799987792969,352.7200012207031,359.5,358.3848571777344,8605400.0
2025-11-06,SMH,359.5899963378906,360.1499938964844,348.7099914550781,351.0899963378906,350.0009460449219,9600500.0
2025-11-07,SMH,346.5400085449219,348.17999267578125,336.67999267578125,348.1199951171875,347.0401611328125,14723200.0
2025-11-10,SMH,357.54998779296875,360.0,353.95001220703125,358.7900085449219,357.67706298828125,9180700.0
2025-11-11,SMH,355.25,356.0400085449219,349.739990234375,351.04998779296875,349.9610595703125,7661200.0
2025-11-12,SMH,356.20001220703125,357.4800109863281,352.94000244140625,355.5299987792969,354.4271545410156,5870700.0
2025-11-13,SMH,351.6300048828125,352.8800048828125,341.25,344.82000732421875,343.7503967285156,10654800.0
2025-11-14,SMH,335.239990234375,348.9100036621094,333.75,344.9800109863281,343.909912109375,12271200.0
2025-11-17,SMH,341.94000244140625,348.3399963378906,337.04998779296875,340.29998779296875,339.244384765625,6921300.0
2025-11-18,SMH,335.75,337.7900085449219,329.1199951171875,333.2900085449219,332.25616455078125,12933100.0
2025-11-19,SMH,334.80999755859375,343.05999755859375,333.4599914550781,339.44000244140625,338.3870849609375,9842300.0
2025-11-20,SMH,348.8599853515625,349.7799987792969,323.69000244140625,325.1000061035156,324.091552734375,14686700.0
2025-11-21,SMH,325.0,331.6199951171875,315.04998779296875,326.1300048828125,325.1183776855469,17298700.0
2025-11-24,SMH,329.0,340.57000732421875,328.8299865722656,339.1199951171875,338.06805419921875,10650900.0
2025-11-25,SMH,334.7300109863281,340.7200012207031,327.3500061035156,340.010009765625,338.955322265625,12052700.0
2025-11-26,SMH,344.25,350.29998779296875,343.42999267578125,347.7099914550781,346.63140869140625,5533300.0
2025-11-28,SMH,349.1700134277344,352.57000732421875,347.7099914550781,352.2799987792969,351.187255859375,3352700.0
2025-12-01,SMH,348.8500061035156,355.010009765625,348.05999755859375,352.9599914550781,351.8651428222656,3902000.0
2025-12-02,SMH,355.8500061035156,360.7900085449219,354.1499938964844,359.42999267578125,358.3150634765625,6657900.0
2025-12-03,SMH,359.70001220703125,364.5799865722656,356.2300109863281,364.3699951171875,363.23974609375,4642700.0
2025-12-04,SMH,363.260009765625,364.3699951171875,359.6000061035156,361.6000061035156,360.4783325195313,3971800.0
2025-12-05,SMH,364.4599914550781,368.5799865722656,363.5400085449219,364.4200134277344,363.28961181640625,3619200.0
2025-12-08,SMH,368.1000061035156,370.7200012207031,365.739990234375,368.5499877929687,367.4067687988281,4334300.0
2025-12-09,SMH,367.0400085449219,369.55999755859375,365.3500061035156,369.0,367.8553771972656,3173300.0
2025-12-10,SMH,368.9100036621094,375.5899963378906,366.9299926757813,374.1000061035156,372.9395751953125,5653300.0
2025-12-11,SMH,369.7799987792969,371.2200012207031,361.6799926757813,370.8900146484375,369.7395324707031,7499900.0
2025-12-12,SMH,366.989990234375,367.55999755859375,352.8800048828125,354.1199951171875,353.02154541015625,12705900.0
2025-12-15,SMH,358.1300048828125,359.20001220703125,352.19000244140625,352.8999938964844,351.8053283691406,5605800.0
2025-12-16,SMH,351.57000732421875,354.3900146484375,348.30999755859375,351.94000244140625,350.8482971191406,5849200.0
2025-12-17,SMH,352.8900146484375,352.8900146484375,338.05999755859375,339.239990234375,338.18768310546875,10780400.0
2025-12-18,SMH,350.8399963378906,352.0899963378906,345.8299865722656,347.25,346.1728515625,8260200.0
2025-12-19,SMH,350.30999755859375,358.5299987792969,350.30999755859375,356.2300109863281,355.125,8838700.0
2025-12-22,SMH,362.4100036621094,362.4800109863281,357.7699890136719,359.70001220703125,359.70001220703125,4799500.0
2025-12-23,SMH,358.6000061035156,363.2999877929687,358.05999755859375,363.1600036621094,363.1600036621094,3542100.0
2025-12-24,SMH,362.7000122070313,364.5400085449219,362.1499938964844,364.1700134277344,364.1700134277344,1640500.0
2025-12-26,SMH,366.0700073242187,367.3500061035156,364.489990234375,365.8599853515625,365.8599853515625,2921300.0
2025-12-29,SMH,362.6600036621094,365.8200073242187,360.8200073242187,364.2099914550781,364.2099914550781,4874400.0
2025-12-30,SMH,365.1600036621094,366.239990234375,363.0700073242187,363.30999755859375,363.30999755859375,2927000.0
2025-12-31,SMH,364.8299865722656,365.5700073242187,360.07000732421875,360.1300048828125,360.1300048828125,2687300.0
2026-01-02,SMH,368.9500122070313,376.3399963378906,368.8399963378906,373.2999877929687,373.2999877929687,8972400.0
2026-01-05,SMH,381.7200012207031,383.989990234375,376.94000244140625,377.5899963378906,377.5899963378906,9071300.0
2026-01-06,SMH,382.3999938964844,389.3699951171875,382.1400146484375,387.6199951171875,387.6199951171875,10201200.0
2026-01-07,SMH,385.2000122070313,387.80999755859375,383.5899963378906,385.0199890136719,385.0199890136719,6058900.0
2026-01-08,SMH,384.55999755859375,384.739990234375,375.8599853515625,378.9800109863281,378.9800109863281,5724000.0
2026-01-09,SMH,382.2799987792969,390.8800048828125,380.0799865722656,389.2200012207031,389.2200012207031,6490800.0
2026-01-12,SMH,385.6700134277344,391.9800109863281,385.6700134277344,390.6600036621094,390.6600036621094,5532000.0
2026-01-13,SMH,392.2699890136719,396.1000061035156,390.3800048828125,391.5299987792969,391.5299987792969,5281600.0
2026-01-14,SMH,388.9599914550781,389.3399963378906,383.80999755859375,388.3500061035156,388.3500061035156,6696500.0
2026-01-15,SMH,401.0700073242187,403.6199951171875,396.1199951171875,396.4100036621094,396.4100036621094,9948100.0
2026-01-16,SMH,402.8500061035156,405.30999755859375,398.4200134277344,400.3900146484375,400.3900146484375,5485900.0
2026-01-20,SMH,393.1600036621094,397.1600036621094,389.4299926757813,390.3900146484375,390.3900146484375,7158500.0
2026-01-21,SMH,394.75,405.8800048828125,393.3699951171875,401.9299926757813,401.9299926757813,8754600.0
2026-01-22,SMH,408.1799926757813,408.7300109863281,401.5700073242187,402.8200073242187,402.8200073242187,5462600.0
2026-01-23,SMH,400.5,403.0899963378906,397.5299987792969,400.0899963378906,400.0899963378906,5869500.0
2026-01-26,SMH,398.3999938964844,400.739990234375,396.2200012207031,398.8200073242187,398.8200073242187,4326900.0
2026-01-27,SMH,403.8999938964844,409.3900146484375,402.2099914550781,407.25,407.25,6145600.0
2026-01-28,SMH,415.3399963378906,418.489990234375,413.1300048828125,416.6300048828125,416.6300048828125,7641900.0
2026-01-29,SMH,417.44000244140625,420.6000061035156,403.1700134277344,417.5199890136719,417.5199890136719,9352500.0
2026-01-30,SMH,411.2799987792969,416.6400146484375,400.5799865722656,403.4599914550781,403.4599914550781,9029000.0
2026-02-02,SMH,398.8599853515625,412.0400085449219,398.4299926757813,407.9700012207031,407.9700012207031,5946300.0
2026-02-03,SMH,411.0299987792969,412.5799865722656,390.5199890136719,397.6799926757813,397.6799926757813,12188600.0
2026-02-04,SMH,394.6700134277344,396.7099914550781,374.239990234375,382.0199890136719,382.0199890136719,16908500.0
2026-02-05,SMH,379.1400146484375,388.0799865722656,375.55999755859375,381.0700073242187,381.0700073242187,12007800.0
2026-02-06,SMH,389.2000122070313,403.0799865722656,387.19000244140625,401.6499938964844,401.6499938964844,13460300.0
2026-02-09,SMH,398.9100036621094,409.69000244140625,397.0,406.6499938964844,406.6499938964844,5915200.0
2026-02-10,SMH,408.1799926757813,408.7999877929687,401.8299865722656,404.760009765625,404.760009765625,5645300.0
2026-02-11,SMH,413.8399963378906,418.0799865722656,406.3599853515625,414.7799987792969,414.7799987792969,6211200.0
2026-02-12,SMH,418.3299865722656,420.0400085449219,405.2799987792969,406.1099853515625,406.1099853515625,7379100.0
2026-02-13,SMH,408.1499938964844,412.0700073242187,402.489990234375,407.7200012207031,407.7200012207031,6481600.0
2026-02-17,SMH,402.7099914550781,410.8699951171875,397.7699890136719,407.510009765625,407.510009765625,7312700.0
2026-02-18,SMH,411.44000244140625,417.0400085449219,408.7200012207031,412.5499877929687,412.5499877929687,5839900.0
2026-02-19,SMH,408.7099914550781,411.0,405.55999755859375,410.2000122070313,410.2000122070313,4056400.0
2026-02-20,SMH,407.6600036621094,416.8299865722656,407.1799926757813,415.0299987792969,415.0299987792969,5715800.0
2026-02-23,SMH,413.5700073242187,417.7000122070313,409.2799987792969,412.8800048828125,412.8800048828125,5842800.0
2026-02-24,SMH,417.2200012207031,421.6700134277344,411.6700134277344,419.1600036621094,419.1600036621094,7828900.0
2026-02-25,SMH,424.3500061035156,427.94000244140625,423.6799926757813,426.1600036621094,426.1600036621094,7714500.0
2026-02-26,SMH,423.7200012207031,423.7200012207031,405.55999755859375,412.010009765625,412.010009765625,14811300.0
2026-02-27,SMH,403.260009765625,409.239990234375,401.8800048828125,406.3699951171875,406.3699951171875,9049100.0
2026-03-02,SMH,397.25,407.3599853515625,396.9200134277344,406.3900146484375,406.3900146484375,11490200.0
2026-03-03,SMH,391.3599853515625,394.5400085449219,385.9299926757813,391.05999755859375,391.05999755859375,13768900.0
2026-03-04,SMH,396.25,401.2300109863281,393.1000061035156,399.1000061035156,399.1000061035156,8767200.0
2026-03-05,SMH,396.05999755859375,401.1099853515625,386.75,395.3500061035156,395.3500061035156,11793700.0
2026-03-06,SMH,384.9700012207031,392.6700134277344,378.5299987792969,380.55999755859375,380.55999755859375,12423200.0
2026-03-09,SMH,375.760009765625,395.3599853515625,374.1600036621094,394.3699951171875,394.3699951171875,16338100.0
2026-03-10,SMH,394.0,403.8800048828125,394.0,397.3299865722656,397.3299865722656,13687700.0
2026-03-11,SMH,400.010009765625,404.3900146484375,398.69000244140625,401.0299987792969,401.0299987792969,6024900.0
2026-03-12,SMH,395.4599914550781,396.05999755859375,386.739990234375,388.1300048828125,388.1300048828125,9845200.0
2026-03-13,SMH,392.3200073242187,396.3299865722656,386.0700073242187,387.3299865722656,387.3299865722656,7636100.0
2026-03-16,SMH,395.1400146484375,399.4800109863281,392.6400146484375,393.9200134277344,393.9200134277344,10317600.0
2026-03-17,SMH,397.1600036621094,397.6099853515625,393.2200012207031,396.8800048828125,396.8800048828125,6646300.0
2026-03-18,SMH,396.9599914550781,399.69000244140625,393.4700012207031,393.6700134277344,393.6700134277344,8372400.0
2026-03-19,SMH,384.0,397.5299987792969,381.44000244140625,394.9200134277344,394.9200134277344,12674800.0
2026-03-20,SMH,394.1099853515625,395.7300109863281,380.8699951171875,384.739990234375,384.739990234375,12846800.0
2026-03-23,SMH,393.3599853515625,399.2799987792969,389.44000244140625,391.3599853515625,391.3599853515625,12742300.0
2026-03-24,SMH,388.0299987792969,396.8800048828125,387.6199951171875,394.5899963378906,394.5899963378906,6177200.0
2026-03-25,SMH,398.3599853515625,402.5,395.739990234375,399.0199890136719,399.0199890136719,7388700.0
2026-03-26,SMH,391.9200134277344,392.6799926757813,380.2999877929687,380.8399963378906,380.8399963378906,14806200.0
2026-03-27,SMH,377.7900085449219,381.30999755859375,373.010009765625,374.25,374.25,11811400.0
2026-03-30,SMH,377.6199951171875,379.239990234375,359.8599853515625,362.5299987792969,362.5299987792969,12198200.0
2026-03-31,SMH,368.739990234375,383.5,368.1000061035156,383.3999938964844,383.3999938964844,13834900.0
2026-04-01,SMH,388.260009765625,396.6300048828125,386.3800048828125,391.9700012207031,391.9700012207031,10805400.0
2026-04-02,SMH,378.0700073242187,393.5,378.0,392.3200073242187,392.3200073242187,8505800.0
2026-04-06,SMH,393.75,397.1000061035156,391.8999938964844,395.9800109863281,395.9800109863281,4186100.0
2026-04-07,SMH,394.7099914550781,400.0899963378906,389.6400146484375,399.8999938964844,399.8999938964844,6672500.0
2026-04-08,SMH,423.1600036621094,424.989990234375,414.989990234375,422.9200134277344,422.9200134277344,10184300.0
2026-04-09,SMH,423.1700134277344,430.6499938964844,422.6300048828125,430.30999755859375,430.30999755859375,6018200.0
2026-04-10,SMH,434.4500122070313,441.5400085449219,434.4500122070313,436.8800048828125,436.8800048828125,11224200.0
2026-04-13,SMH,434.75,443.6400146484375,433.6000061035156,443.3399963378906,443.3399963378906,6549800.0
2026-04-14,SMH,448.0,452.1000061035156,444.239990234375,452.0,452.0,6932400.0
2026-04-15,SMH,450.7000122070313,453.3299865722656,435.1499938964844,453.0,453.0,9155700.0
2026-04-16,SMH,450.7300109863281,457.0899963378906,447.7699890136719,454.7999877929687,454.7999877929687,6450700.0
2026-04-17,SMH,462.7999877929687,464.5799865722656,459.5,464.1600036621094,464.1600036621094,7184600.0
2026-04-20,SMH,464.6400146484375,465.739990234375,458.6499938964844,463.9599914550781,463.9599914550781,3935100.0
2026-04-21,SMH,466.2900085449219,468.4299926757813,462.239990234375,464.6600036621094,464.6600036621094,5598600.0
2026-04-22,SMH,471.0499877929687,477.4200134277344,467.1700134277344,476.8299865722656,476.8299865722656,7835200.0
2026-04-23,SMH,480.3999938964844,488.0799865722656,475.19000244140625,481.8500061035156,481.8500061035156,10619700.0
2026-04-24,SMH,499.510009765625,509.5899963378906,495.4599914550781,506.44000244140625,506.44000244140625,12614300.0
2026-04-27,SMH,509.19000244140625,510.1000061035156,497.75,506.260009765625,506.260009765625,9040200.0
2026-04-28,SMH,488.19000244140625,496.6600036621094,483.2900085449219,491.2099914550781,491.2099914550781,12664800.0
2026-04-29,SMH,496.3500061035156,499.5799865722656,492.3399963378906,499.5799865722656,499.5799865722656,6007900.0
2026-04-30,SMH,504.7099914550781,507.7900085449219,495.0199890136719,506.7200012207031,506.7200012207031,8401600.0
2026-05-01,SMH,504.2099914550781,511.989990234375,502.25,509.8200073242187,509.8200073242187,5308300.0
2026-05-04,SMH,512.469970703125,513.1500244140625,501.1499938964844,506.7900085449219,506.7900085449219,6867500.0
2026-05-05,SMH,515.3800048828125,526.2000122070312,514.1199951171875,522.6900024414062,522.6900024414062,8624600.0
2026-05-06,SMH,537.77001953125,549.8800048828125,532.3499755859375,549.760009765625,549.760009765625,15262900.0
2026-05-07,SMH,545.77001953125,549.7000122070312,535.9199829101562,540.0999755859375,540.0999755859375,10905200.0
2026-05-08,SMH,551.5800170898438,566.7899780273438,549.0,566.5399780273438,566.5399780273438,8553700.0
2026-05-11,SMH,570.260009765625,578.0599975585938,566.7999877929688,576.3099975585938,576.3099975585938,12680900.0
2026-05-12,SMH,565.010009765625,570.4000244140625,542.6699829101562,561.25,561.25,17720800.0
2026-05-13,SMH,571.7999877929688,576.2000122070312,560.1199951171875,572.4600219726562,572.4600219726562,9586700.0
2026-05-14,SMH,570.8400268554688,581.1699829101562,567.75,578.3400268554688,578.3400268554688,8458700.0
2026-05-15,SMH,560.3099975585938,565.8800048828125,552.9099731445312,556.3400268554688,556.3400268554688,13009600.0
2026-05-18,SMH,565.47998046875,567.2100219726562,536.8699951171875,546.1599731445312,546.1599731445312,12317500.0
2026-05-19,SMH,534.9400024414062,553.3400268554688,527.8699951171875,543.9600219726562,543.9600219726562,11905800.0
2026-05-20,SMH,552.75,564.719970703125,551.6500244140625,564.6599731445312,564.6599731445312,8892200.0
2026-05-21,SMH,561.02001953125,570.5999755859375,557.6199951171875,567.8800048828125,567.8800048828125,8293800.0
2026-05-22,SMH,574.27001953125,582.5,572.8599853515625,576.3200073242188,576.3200073242188,7483200.0
2025-02-13,SNDK,35.060001373291016,44.0,34.9900016784668,36.0,36.0,369100.0
2025-02-14,SNDK,37.0,38.25,35.505001068115234,36.650001525878906,36.650001525878906,242700.0
2025-02-18,SNDK,40.529998779296875,47.150001525878906,39.0,47.150001525878906,47.150001525878906,444500.0
2025-02-19,SNDK,46.5099983215332,48.5,45.5,46.0,46.0,220700.0
2025-02-20,SNDK,48.97999954223633,49.4900016784668,46.709999084472656,48.2599983215332,48.2599983215332,446200.0
2025-02-21,SNDK,48.9900016784668,50.689998626708984,48.0,50.369998931884766,50.369998931884766,1252100.0
2025-02-24,SNDK,52.0,53.0,46.209999084472656,48.599998474121094,48.599998474121094,33848500.0
2025-02-25,SNDK,48.29999923706055,55.0099983215332,47.810001373291016,48.15999984741211,48.15999984741211,8198900.0
2025-02-26,SNDK,46.150001525878906,49.90999984741211,45.29999923706055,46.58000183105469,46.58000183105469,8389000.0
2025-02-27,SNDK,46.040000915527344,47.869998931884766,41.58000183105469,45.15999984741211,45.15999984741211,9676100.0
2025-02-28,SNDK,45.22999954223633,48.70000076293945,43.75,46.849998474121094,46.849998474121094,7713800.0
2025-03-03,SNDK,48.4900016784668,50.880001068115234,47.60499954223633,50.310001373291016,50.310001373291016,4813000.0
2025-03-04,SNDK,46.689998626708984,50.099998474121094,45.09700012207031,48.689998626708984,48.689998626708984,6074700.0
2025-03-05,SNDK,47.599998474121094,49.39799880981445,46.5,48.470001220703125,48.470001220703125,5071800.0
2025-03-06,SNDK,47.40999984741211,49.060001373291016,45.2400016784668,46.5,46.5,4157300.0
2025-03-07,SNDK,49.20000076293945,51.130001068115234,47.15999984741211,51.0,51.0,7825500.0
2025-03-10,SNDK,50.4900016784668,53.66999816894531,49.54999923706055,53.0,53.0,5223800.0
2025-03-11,SNDK,51.84000015258789,53.189998626708984,49.81999969482422,52.15999984741211,52.15999984741211,3153400.0
2025-03-12,SNDK,53.0,53.099998474121094,50.380001068115234,50.439998626708984,50.439998626708984,2177500.0
2025-03-13,SNDK,50.0,50.869998931884766,47.86000061035156,48.439998626708984,48.439998626708984,3547400.0
2025-03-14,SNDK,49.43000030517578,54.939998626708984,49.43000030517578,54.81999969482422,54.81999969482422,4847600.0
2025-03-17,SNDK,54.79999923706055,58.36000061035156,54.744998931884766,55.650001525878906,55.650001525878906,2930700.0
2025-03-18,SNDK,55.13999938964844,57.88999938964844,54.56999969482422,56.41999816894531,56.41999816894531,2587300.0
2025-03-19,SNDK,56.29999923706055,57.60499954223633,55.66999816894531,56.33000183105469,56.33000183105469,2520700.0
2025-03-20,SNDK,56.5099983215332,57.16999816894531,54.91999816894531,56.209999084472656,56.209999084472656,2701900.0
2025-03-21,SNDK,55.099998474121094,55.45000076293945,51.915000915527344,53.959999084472656,53.959999084472656,6372200.0
2025-03-24,SNDK,54.61000061035156,55.685001373291016,51.84000015258789,52.9900016784668,52.9900016784668,3562800.0
2025-03-25,SNDK,52.130001068115234,53.18000030517578,51.7599983215332,52.20000076293945,52.20000076293945,3079000.0
2025-03-26,SNDK,53.529998779296875,53.70000076293945,51.97999954223633,52.619998931884766,52.619998931884766,1242400.0
2025-03-27,SNDK,51.95000076293945,54.2400016784668,51.709999084472656,52.880001068115234,52.880001068115234,1618100.0
2025-03-28,SNDK,52.209999084472656,52.88999938964844,48.45500183105469,48.970001220703125,48.970001220703125,3987300.0
2025-03-31,SNDK,47.40999984741211,48.39500045776367,47.02000045776367,47.61000061035156,47.61000061035156,2113400.0
2025-04-01,SNDK,47.54999923706055,49.36000061035156,46.58000183105469,48.11000061035156,48.11000061035156,2115600.0
2025-04-02,SNDK,46.91999816894531,48.709999084472656,46.5099983215332,47.66999816894531,47.66999816894531,1725300.0
2025-04-03,SNDK,44.79999923706055,44.79999923706055,37.54999923706055,38.2599983215332,38.2599983215332,7372000.0
2025-04-04,SNDK,35.720001220703125,35.869998931884766,28.36000061035156,30.11000061035156,30.11000061035156,11428600.0
2025-04-07,SNDK,29.219999313354492,32.97999954223633,27.885000228881836,31.479999542236328,31.479999542236328,6238600.0
2025-04-08,SNDK,33.0,35.84000015258789,31.655000686645508,32.349998474121094,32.349998474121094,5979600.0
2025-04-09,SNDK,31.920000076293945,39.650001525878906,31.260000228881836,36.58000183105469,36.58000183105469,5601600.0
2025-04-10,SNDK,34.599998474121094,35.029998779296875,30.510000228881836,31.075000762939453,31.075000762939453,4153400.0
2025-04-11,SNDK,30.559999465942383,32.04999923706055,28.270000457763672,31.969999313354492,31.969999313354492,4856000.0
2025-04-14,SNDK,33.75,36.16999816894531,32.47999954223633,33.54999923706055,33.54999923706055,4102300.0
2025-04-15,SNDK,33.29999923706055,34.560001373291016,32.88999938964844,33.22999954223633,33.22999954223633,1936800.0
2025-04-16,SNDK,32.29999923706055,33.119998931884766,30.75,32.029998779296875,32.029998779296875,2321000.0
2025-04-17,SNDK,31.75,32.65999984741211,30.38999938964844,31.290000915527344,31.290000915527344,2057200.0
2025-04-21,SNDK,31.06999969482422,31.06999969482422,28.940000534057617,29.809999465942383,29.809999465942383,2579400.0
2025-04-22,SNDK,30.260000228881836,31.1200008392334,29.315000534057617,29.6200008392334,29.6200008392334,2883700.0
2025-04-23,SNDK,31.98500061035156,32.77799987792969,30.200000762939453,30.36000061035156,30.36000061035156,2750200.0
2025-04-24,SNDK,30.809999465942383,32.97999954223633,30.309999465942383,32.290000915527344,32.290000915527344,2590500.0
2025-04-25,SNDK,32.2599983215332,33.369998931884766,31.600000381469727,32.849998474121094,32.849998474121094,1322100.0
2025-04-28,SNDK,32.630001068115234,33.0,31.65999984741211,32.27000045776367,32.27000045776367,1421000.0
2025-04-29,SNDK,31.38999938964844,33.040000915527344,31.38999938964844,32.939998626708984,32.939998626708984,1385900.0
2025-04-30,SNDK,31.84000015258789,32.470001220703125,31.010000228881836,32.11000061035156,32.11000061035156,2322100.0
2025-05-01,SNDK,32.47999954223633,34.189998626708984,32.47999954223633,32.59000015258789,32.59000015258789,1910200.0
2025-05-02,SNDK,33.11000061035156,35.40999984741211,33.04999923706055,34.400001525878906,34.400001525878906,2193700.0
2025-05-05,SNDK,33.83000183105469,35.22999954223633,33.525001525878906,34.61000061035156,34.61000061035156,1993800.0
2025-05-06,SNDK,34.02000045776367,34.43000030517578,33.459999084472656,33.83000183105469,33.83000183105469,1707600.0
2025-05-07,SNDK,34.0,35.560001373291016,33.37799835205078,34.970001220703125,34.970001220703125,3640000.0
2025-05-08,SNDK,34.970001220703125,37.7599983215332,33.130001068115234,36.65999984741211,36.65999984741211,4969000.0
2025-05-09,SNDK,37.959999084472656,38.790000915527344,37.279998779296875,37.7400016784668,37.7400016784668,2039200.0
2025-05-12,SNDK,41.13999938964844,42.2400016784668,40.0,41.27000045776367,41.27000045776367,5374400.0
2025-05-13,SNDK,41.849998474121094,43.79999923706055,41.29999923706055,42.0,42.0,2186700.0
2025-05-14,SNDK,42.0,43.43000030517578,41.0099983215332,41.93000030517578,41.93000030517578,1828400.0
2025-05-15,SNDK,41.16999816894531,41.862998962402344,39.75,40.540000915527344,40.540000915527344,1930800.0
2025-05-16,SNDK,40.52000045776367,41.0,39.92499923706055,40.439998626708984,40.439998626708984,2132500.0
2025-05-19,SNDK,39.33000183105469,39.5,38.529998779296875,38.779998779296875,38.779998779296875,1765400.0
2025-05-20,SNDK,38.779998779296875,41.11100006103515,38.45000076293945,40.18000030517578,40.18000030517578,1756400.0
2025-05-21,SNDK,40.040000915527344,40.47999954223633,38.349998474121094,38.599998474121094,38.599998474121094,1816200.0
2025-05-22,SNDK,38.400001525878906,39.28400039672851,37.77000045776367,37.84000015258789,37.84000015258789,1764900.0
2025-05-23,SNDK,36.25,37.56700134277344,35.790000915527344,37.279998779296875,37.279998779296875,1232900.0
2025-05-27,SNDK,37.94499969482422,38.619998931884766,37.5,38.18000030517578,38.18000030517578,1411000.0
2025-05-28,SNDK,38.400001525878906,38.90999984741211,37.79999923706055,38.58000183105469,38.58000183105469,1055800.0
2025-05-29,SNDK,39.040000915527344,39.224998474121094,37.685001373291016,38.599998474121094,38.599998474121094,1501900.0
2025-05-30,SNDK,38.189998626708984,38.45000076293945,36.68000030517578,37.689998626708984,37.689998626708984,5499600.0
2025-06-02,SNDK,37.540000915527344,37.880001068115234,36.207000732421875,37.33000183105469,37.33000183105469,1621000.0
2025-06-03,SNDK,37.45000076293945,39.2400016784668,36.869998931884766,38.63999938964844,38.63999938964844,1294000.0
2025-06-04,SNDK,38.63999938964844,40.27000045776367,38.349998474121094,39.81999969482422,39.81999969482422,1860500.0
2025-06-05,SNDK,39.375,40.45000076293945,37.33000183105469,39.119998931884766,39.119998931884766,5456000.0
2025-06-06,SNDK,39.72999954223633,40.154998779296875,38.529998779296875,39.150001525878906,39.150001525878906,10955500.0
2025-06-09,SNDK,40.27000045776367,42.23500061035156,39.54999923706055,41.81999969482422,41.81999969482422,10990300.0
2025-06-10,SNDK,41.790000915527344,42.65999984741211,40.75,41.59000015258789,41.59000015258789,4056300.0
2025-06-11,SNDK,42.380001068115234,43.22999954223633,39.88999938964844,40.22999954223633,40.22999954223633,3891800.0
2025-06-12,SNDK,39.66999816894531,41.83000183105469,39.439998626708984,41.29999923706055,41.29999923706055,2052000.0
2025-06-13,SNDK,41.0,42.83000183105469,40.779998779296875,42.5,42.5,2755900.0
2025-06-16,SNDK,43.369998931884766,44.849998474121094,42.560001373291016,44.209999084472656,44.209999084472656,2901800.0
2025-06-17,SNDK,44.22999954223633,44.55899810791016,43.53499984741211,44.09000015258789,44.09000015258789,2914900.0
2025-06-18,SNDK,45.0,47.43000030517578,44.86000061035156,46.619998931884766,46.619998931884766,3351400.0
2025-06-20,SNDK,46.97999954223633,48.209999084472656,44.7599983215332,46.58000183105469,46.58000183105469,4762700.0
2025-06-23,SNDK,46.36000061035156,48.25,45.80400085449219,46.95000076293945,46.95000076293945,1791600.0
2025-06-24,SNDK,47.18000030517578,48.75,46.709999084472656,47.34000015258789,47.34000015258789,1740600.0
2025-06-25,SNDK,47.34000015258789,48.15999984741211,47.04999923706055,47.25,47.25,2357900.0
2025-06-26,SNDK,49.595001220703125,49.81999969482422,47.06999969482422,47.439998626708984,47.439998626708984,3449600.0
2025-06-27,SNDK,47.22999954223633,47.7400016784668,46.189998626708984,47.150001525878906,47.150001525878906,3624000.0
2025-06-30,SNDK,47.22999954223633,47.34000015258789,45.33000183105469,45.349998474121094,45.349998474121094,3034600.0
2025-07-01,SNDK,45.70000076293945,45.915000915527344,44.29999923706055,44.959999084472656,44.959999084472656,2893400.0
2025-07-02,SNDK,44.52000045776367,46.2400016784668,44.16999816894531,46.209999084472656,46.209999084472656,3509400.0
2025-07-03,SNDK,46.095001220703125,47.31999969482422,45.88999938964844,46.40999984741211,46.40999984741211,1441600.0
2025-07-07,SNDK,47.13999938964844,47.23500061035156,45.09000015258789,45.220001220703125,45.220001220703125,2446100.0
2025-07-08,SNDK,46.119998931884766,47.25,45.61000061035156,46.16999816894531,46.16999816894531,2347200.0
2025-07-09,SNDK,46.119998931884766,47.09000015258789,45.98500061035156,46.20000076293945,46.20000076293945,1575100.0
2025-07-10,SNDK,47.369998931884766,47.75,46.619998931884766,46.95000076293945,46.95000076293945,1734300.0
2025-07-11,SNDK,46.290000915527344,47.415000915527344,45.82500076293945,46.09000015258789,46.09000015258789,1242000.0
2025-07-14,SNDK,44.630001068115234,44.849998474121094,41.459999084472656,42.47999954223633,42.47999954223633,5486900.0
2025-07-15,SNDK,42.79999923706055,43.45000076293945,42.51499938964844,42.720001220703125,42.720001220703125,2398200.0
2025-07-16,SNDK,42.7599983215332,42.959999084472656,40.29999923706055,41.36000061035156,41.36000061035156,2338400.0
2025-07-17,SNDK,41.400001525878906,42.2599983215332,41.040000915527344,41.52000045776367,41.52000045776367,2290100.0
2025-07-18,SNDK,41.540000915527344,42.28499984741211,40.84000015258789,42.189998626708984,42.189998626708984,1678600.0
2025-07-21,SNDK,41.72800064086914,42.279998779296875,40.54999923706055,41.61000061035156,41.61000061035156,2174200.0
2025-07-22,SNDK,41.5099983215332,41.97999954223633,40.88999938964844,41.36000061035156,41.36000061035156,1846700.0
2025-07-23,SNDK,41.060001373291016,43.650001525878906,41.060001373291016,43.0,43.0,2220800.0
2025-07-24,SNDK,43.08000183105469,43.5,42.029998779296875,42.060001373291016,42.060001373291016,1347100.0
2025-07-25,SNDK,42.47999954223633,42.60499954223633,41.5,42.47999954223633,42.47999954223633,869200.0
2025-07-28,SNDK,43.08000183105469,43.2400016784668,41.56999969482422,41.88999938964844,41.88999938964844,851300.0
2025-07-29,SNDK,42.2599983215332,43.189998626708984,41.676998138427734,42.93000030517578,42.93000030517578,1202600.0
2025-07-30,SNDK,42.06999969482422,43.470001220703125,42.06999969482422,43.38999938964844,43.38999938964844,1334800.0
2025-07-31,SNDK,43.72999954223633,44.619998931884766,42.24300003051758,42.91999816894531,42.91999816894531,1849200.0
2025-08-01,SNDK,42.18000030517578,42.224998474121094,40.099998474121094,41.33000183105469,41.33000183105469,1661800.0
2025-08-04,SNDK,42.11000061035156,42.540000915527344,41.599998474121094,42.5099983215332,42.5099983215332,1540000.0
2025-08-05,SNDK,42.529998779296875,43.39500045776367,41.369998931884766,41.93000030517578,41.93000030517578,1422900.0
2025-08-06,SNDK,42.720001220703125,43.0,41.6150016784668,42.099998474121094,42.099998474121094,1553800.0
2025-08-07,SNDK,42.0,42.349998474121094,40.529998779296875,40.689998626708984,40.689998626708984,2207200.0
2025-08-08,SNDK,41.40999984741211,44.849998474121094,41.0,44.34000015258789,44.34000015258789,3516500.0
2025-08-11,SNDK,45.70000076293945,46.349998474121094,43.16999816894531,43.369998931884766,43.369998931884766,3095000.0
2025-08-12,SNDK,45.209999084472656,47.86000061035156,45.0,46.83000183105469,46.83000183105469,3204500.0
2025-08-13,SNDK,47.02000045776367,48.459999084472656,46.79999923706055,47.0099983215332,47.0099983215332,2348500.0
2025-08-14,SNDK,46.43000030517578,47.26399993896485,46.08000183105469,46.68000030517578,46.68000030517578,3549300.0
2025-08-15,SNDK,43.060001373291016,46.130001068115234,42.81999969482422,44.540000915527344,44.540000915527344,7519200.0
2025-08-18,SNDK,44.25,45.869998931884766,44.25,45.52000045776367,45.52000045776367,2541700.0
2025-08-19,SNDK,46.22999954223633,46.5,44.2599983215332,44.58000183105469,44.58000183105469,2372900.0
2025-08-20,SNDK,44.86000061035156,45.0,43.20199966430664,44.400001525878906,44.400001525878906,1526800.0
2025-08-21,SNDK,43.869998931884766,45.599998474121094,43.560001373291016,45.5,45.5,1802300.0
2025-08-22,SNDK,46.11000061035156,47.189998626708984,45.630001068115234,46.369998931884766,46.369998931884766,2208300.0
2025-08-25,SNDK,46.36000061035156,46.880001068115234,46.0099983215332,46.779998779296875,46.779998779296875,1318100.0
2025-08-26,SNDK,46.75,48.209999084472656,46.75,47.349998474121094,47.349998474121094,2577800.0
2025-08-27,SNDK,47.400001525878906,49.08000183105469,47.400001525878906,48.439998626708984,48.439998626708984,2145100.0
2025-08-28,SNDK,48.560001373291016,51.22999954223633,48.560001373291016,50.869998931884766,50.869998931884766,2919400.0
2025-08-29,SNDK,51.150001525878906,52.939998626708984,50.81999969482422,52.470001220703125,52.470001220703125,4228000.0
2025-09-02,SNDK,51.0099983215332,51.70000076293945,50.06999969482422,51.06999969482422,51.06999969482422,2023400.0
2025-09-03,SNDK,51.91999816894531,53.224998474121094,50.650001525878906,53.0099983215332,53.0099983215332,1689700.0
2025-09-04,SNDK,55.66999816894531,62.650001525878906,55.54999923706055,62.5,62.5,10189000.0
2025-09-05,SNDK,65.5199966430664,68.66999816894531,63.7400016784668,68.55000305175781,68.55000305175781,9050000.0
2025-09-08,SNDK,68.6500015258789,71.0,67.86000061035156,70.49500274658203,70.49500274658203,5869100.0
2025-09-09,SNDK,70.26000213623047,71.4000015258789,69.56999969482422,70.51000213623047,70.51000213623047,3364300.0
2025-09-10,SNDK,72.41999816894531,74.48999786376953,72.02999877929688,73.91999816894531,73.91999816894531,4053000.0
2025-09-11,SNDK,82.30000305175781,85.88999938964844,81.37999725341797,84.30000305175781,84.30000305175781,10167400.0
2025-09-12,SNDK,85.30999755859375,86.95999908447266,82.27999877929688,86.12999725341797,86.12999725341797,5641700.0
2025-09-15,SNDK,85.30000305175781,92.05500030517578,85.12000274658203,90.08999633789062,90.08999633789062,8981300.0
2025-09-16,SNDK,90.30999755859376,93.12999725341795,89.55999755859375,91.5500030517578,91.5500030517578,6292100.0
2025-09-17,SNDK,90.7750015258789,94.80999755859376,90.22000122070312,93.97000122070312,93.97000122070312,7031000.0
2025-09-18,SNDK,97.3000030517578,102.93000030517578,96.85800170898438,98.87000274658205,98.87000274658205,9441900.0
2025-09-19,SNDK,98.0,102.98999786376952,96.70999908447266,102.20999908447266,102.20999908447266,6459900.0
2025-09-22,SNDK,105.76000213623048,108.8000030517578,101.58999633789062,102.91999816894533,102.91999816894533,7692200.0
2025-09-23,SNDK,105.0,110.20999908447266,104.6999969482422,106.4000015258789,106.4000015258789,7835000.0
2025-09-24,SNDK,103.55500030517578,107.72000122070312,96.63099670410156,99.83000183105467,99.83000183105467,12409300.0
2025-09-25,SNDK,96.26499938964844,100.4499969482422,93.53500366210938,94.29000091552734,94.29000091552734,10569300.0
2025-09-26,SNDK,96.0,99.64600372314452,94.38999938964844,97.12000274658205,97.12000274658205,6418000.0
2025-09-29,SNDK,104.25,114.0,103.3479995727539,113.5,113.5,12435400.0
2025-09-30,SNDK,114.0999984741211,120.73999786376952,112.11000061035156,112.1999969482422,112.1999969482422,11414800.0
2025-10-01,SNDK,113.05999755859376,123.8499984741211,112.0,121.12000274658205,121.12000274658205,12237400.0
2025-10-02,SNDK,128.69000244140625,132.2899932861328,123.26000213623048,124.13999938964844,124.13999938964844,9453400.0
2025-10-03,SNDK,128.2899932861328,137.0500030517578,126.6999969482422,128.41000366210938,128.41000366210938,10193700.0
2025-10-06,SNDK,133.60000610351562,134.7899932861328,119.29000091552734,121.16999816894533,121.16999816894533,9963900.0
2025-10-07,SNDK,125.1999969482422,125.1999969482422,115.68000030517578,120.9499969482422,120.9499969482422,6594600.0
2025-10-08,SNDK,121.5,132.27999877929688,120.1999969482422,131.8800048828125,131.8800048828125,7173400.0
2025-10-09,SNDK,127.0,131.60499572753906,126.12000274658205,129.67999267578125,129.67999267578125,3561500.0
2025-10-10,SNDK,131.4600067138672,132.0,116.16999816894533,116.91000366210938,116.91000366210938,7860200.0
2025-10-13,SNDK,129.74000549316406,135.91000366210938,124.0479965209961,134.61000061035156,134.61000061035156,8297300.0
2025-10-14,SNDK,123.58999633789062,130.47999572753906,120.95999908447266,127.29000091552734,127.29000091552734,7078600.0
2025-10-15,SNDK,134.75,144.5500030517578,130.5,144.3000030517578,144.3000030517578,8971100.0
2025-10-16,SNDK,146.0,149.08999633789062,141.6999969482422,144.27000427246094,144.27000427246094,6289600.0
2025-10-17,SNDK,139.22000122070312,150.82000732421875,136.2899932861328,140.16000366210938,140.16000366210938,8279800.0
2025-10-20,SNDK,145.97999572753906,152.6300048828125,145.5,148.0399932861328,148.0399932861328,6626100.0
2025-10-21,SNDK,145.8000030517578,150.16000366210938,142.75999450683594,149.2899932861328,149.2899932861328,4177900.0
2025-10-22,SNDK,149.10000610351562,157.39999389648438,144.82000732421875,146.9499969482422,146.9499969482422,7516800.0
2025-10-23,SNDK,146.9949951171875,167.9499969482422,146.0,167.0500030517578,167.0500030517578,9011400.0
2025-10-24,SNDK,174.39999389648438,187.36000061035156,173.5,186.16000366210935,186.16000366210935,10653100.0
2025-10-27,SNDK,191.5,191.8500061035156,173.72000122070312,176.49000549316406,176.49000549316406,11235500.0
2025-10-28,SNDK,175.49000549316406,178.82000732421875,164.55999755859375,175.52999877929688,175.52999877929688,9140800.0
2025-10-29,SNDK,186.6699981689453,205.63999938964844,181.5099945068359,204.36000061035156,204.36000061035156,9365000.0
2025-10-30,SNDK,192.02000427246097,204.9199981689453,191.08999633789065,195.82000732421875,195.82000732421875,7341500.0
2025-10-31,SNDK,203.5,209.77000427246097,189.5800018310547,199.3300018310547,199.3300018310547,6920700.0
2025-11-03,SNDK,210.8500061035156,213.3999938964844,189.1000061035156,207.0099945068359,207.0099945068359,10626000.0
2025-11-04,SNDK,188.1349945068359,202.97999572753903,185.0,194.57000732421875,194.57000732421875,9800800.0
2025-11-05,SNDK,201.8800048828125,218.94000244140625,201.8699951171875,216.5,216.5,10336300.0
2025-11-06,SNDK,212.0,226.5,205.17999267578125,207.69000244140625,207.69000244140625,10402700.0
2025-11-07,SNDK,208.4199981689453,240.0,203.3999938964844,239.47999572753903,239.47999572753903,20552100.0
2025-11-10,SNDK,247.0,270.9100036621094,247.0,267.95001220703125,267.95001220703125,15276400.0
2025-11-11,SNDK,262.2900085449219,275.8699951171875,255.8699951171875,271.5799865722656,271.5799865722656,12180900.0
2025-11-12,SNDK,271.5799865722656,284.760009765625,267.04998779296875,283.1000061035156,283.1000061035156,13730300.0
2025-11-13,SNDK,268.0,271.8399963378906,234.1300048828125,243.57000732421875,243.57000732421875,23274900.0
2025-11-14,SNDK,236.0,270.489013671875,235.0500030517578,254.16000366210935,254.16000366210935,19464400.0
2025-11-17,SNDK,253.3999938964844,282.79998779296875,253.0,265.8800048828125,265.8800048828125,14211500.0
2025-11-18,SNDK,257.1499938964844,260.6319885253906,229.11000061035156,244.92999267578125,244.92999267578125,16433900.0
2025-11-19,SNDK,251.11000061035156,256.9800109863281,233.78500366210935,245.9600067138672,245.9600067138672,12005800.0
2025-11-20,SNDK,252.1699981689453,254.6000061035156,192.6199951171875,195.9600067138672,195.9600067138672,26590900.0
2025-11-21,SNDK,205.3699951171875,205.5,183.0,200.27000427246097,200.27000427246097,20061000.0
2025-11-24,SNDK,206.0500030517578,228.17999267578125,205.1300048828125,226.9600067138672,226.9600067138672,13798900.0
2025-11-25,SNDK,228.3999938964844,229.06900024414065,209.0,220.5,220.5,14680600.0
2025-11-26,SNDK,226.0,228.0,205.3999938964844,215.0399932861328,215.0399932861328,43000900.0
2025-11-28,SNDK,225.25,237.77000427246097,211.72999572753903,223.27999877929688,223.27999877929688,13367500.0
2025-12-01,SNDK,211.83999633789065,215.3000030517578,205.2400054931641,210.1699981689453,210.1699981689453,10280900.0
2025-12-02,SNDK,211.75,217.0,192.8000030517578,205.3500061035156,205.3500061035156,11095800.0
2025-12-03,SNDK,196.69500732421875,199.17999267578125,187.6999969482422,194.3800048828125,194.3800048828125,9868200.0
2025-12-04,SNDK,192.3249969482422,214.9900054931641,189.67999267578125,213.30999755859375,213.30999755859375,12166500.0
2025-12-05,SNDK,212.3999938964844,229.4499969482422,211.25,228.47000122070312,228.47000122070312,8451300.0
2025-12-08,SNDK,235.66000366210935,238.86000061035156,215.6000061035156,225.47000122070312,225.47000122070312,8710000.0
2025-12-09,SNDK,222.27000427246097,224.3300018310547,213.5,219.4600067138672,219.4600067138672,6299000.0
2025-12-10,SNDK,218.0,234.1699981689453,215.1999969482422,232.86000061035156,232.86000061035156,6090400.0
2025-12-11,SNDK,230.0,244.19000244140625,217.6699981689453,241.61000061035156,241.61000061035156,7622500.0
2025-12-12,SNDK,232.11000061035156,236.0,204.8000030517578,206.17999267578125,206.17999267578125,12083200.0
2025-12-15,SNDK,214.44500732421875,217.0,200.3419952392578,201.8699951171875,201.8699951171875,6265000.0
2025-12-16,SNDK,201.1300048828125,210.5,199.5,209.30999755859375,209.30999755859375,6638400.0
2025-12-17,SNDK,215.9900054931641,221.9900054931641,205.52000427246097,206.8300018310547,206.8300018310547,8232300.0
2025-12-18,SNDK,222.73500061035156,231.0,214.0,219.4600067138672,219.4600067138672,9924100.0
2025-12-19,SNDK,222.2899932861328,243.7100067138672,221.0,237.61000061035156,237.61000061035156,10925000.0
2025-12-22,SNDK,249.64500427246097,252.0,226.6000061035156,241.0500030517578,241.0500030517578,8663400.0
2025-12-23,SNDK,238.4199981689453,245.5,234.0,244.8999938964844,244.8999938964844,5305700.0
2025-12-24,SNDK,244.8999938964844,261.3699951171875,244.5,250.0800018310547,250.0800018310547,5642600.0
2025-12-26,SNDK,259.5950012207031,261.5,245.1000061035156,250.0500030517578,250.0500030517578,5553700.0
2025-12-29,SNDK,241.55499267578125,250.0,236.0099945068359,244.25,244.25,5706200.0
2025-12-30,SNDK,245.8699951171875,247.47999572753903,236.52000427246097,240.22000122070312,240.22000122070312,6617000.0
2025-12-31,SNDK,241.4149932861328,241.8999938964844,235.2400054931641,237.3800048828125,237.3800048828125,4180400.0
2026-01-02,SNDK,244.3500061035156,275.79998779296875,244.0,275.239990234375,275.239990234375,11104300.0
2026-01-05,SNDK,284.2200012207031,285.0,266.3299865722656,274.0799865722656,274.0799865722656,9812600.0
2026-01-06,SNDK,288.7449951171875,352.0,288.5,349.6300048828125,349.6300048828125,24249700.0
2026-01-07,SNDK,340.8800048828125,354.93499755859375,331.2300109863281,353.55999755859375,353.55999755859375,14886100.0
2026-01-08,SNDK,360.7300109863281,360.9750061035156,310.7799987792969,334.5400085449219,334.5400085449219,21404400.0
2026-01-09,SNDK,341.6000061035156,384.0,334.5400085449219,377.4100036621094,377.4100036621094,19353200.0
2026-01-12,SNDK,373.9700012207031,395.1600036621094,373.9700012207031,389.2699890136719,389.2699890136719,14603900.0
2026-01-13,SNDK,393.2000122070313,398.0,379.4100036621094,389.80999755859375,389.80999755859375,10818600.0
2026-01-14,SNDK,390.0,401.2000122070313,377.0,387.80999755859375,387.80999755859375,10862500.0
2026-01-15,SNDK,398.8299865722656,423.3500061035156,398.614990234375,409.239990234375,409.239990234375,14146600.0
2026-01-16,SNDK,425.5899963378906,432.0199890136719,399.7000122070313,413.6199951171875,413.6199951171875,15703000.0
2026-01-20,SNDK,412.1650085449219,457.3699951171875,412.1650085449219,453.1199951171875,453.1199951171875,17872400.0
2026-01-21,SNDK,463.0499877929687,501.9500122070313,448.5299987792969,501.2900085449219,501.2900085449219,21365000.0
2026-01-22,SNDK,501.2900085449219,509.4989929199219,467.55999755859375,503.44000244140625,503.44000244140625,20607500.0
2026-01-23,SNDK,503.44000244140625,506.2999877929687,463.010009765625,473.8299865722656,473.8299865722656,21061100.0
2026-01-26,SNDK,476.4849853515625,494.7000122070313,454.3299865722656,470.7999877929687,470.7999877929687,13435200.0
2026-01-27,SNDK,481.0050048828125,503.0,471.1499938964844,481.4299926757813,481.4299926757813,14015600.0
2026-01-28,SNDK,500.1000061035156,531.4630126953125,499.1499938964844,527.6300048828125,527.6300048828125,16486300.0
2026-01-29,SNDK,535.8499755859375,546.75,507.239990234375,539.2999877929688,539.2999877929688,23010300.0
2026-01-30,SNDK,651.22998046875,676.6900024414062,533.0,576.25,576.25,40932100.0
2026-02-02,SNDK,588.8099975585938,674.0,584.0999755859375,665.239990234375,665.239990234375,28765800.0
2026-02-03,SNDK,694.0599975585938,725.0,646.2000122070312,695.510009765625,695.510009765625,31213200.0
2026-02-04,SNDK,654.0,662.7899780273438,582.0,584.5499877929688,584.5499877929688,29007600.0
2026-02-05,SNDK,563.75,619.4099731445312,562.0999755859375,576.2000122070312,576.2000122070312,27725500.0
2026-02-06,SNDK,614.5,615.3599853515625,575.5,597.9500122070312,597.9500122070312,21327300.0
2026-02-09,SNDK,592.1649780273438,603.97998046875,551.510009765625,583.4000244140625,583.4000244140625,15290700.0
2026-02-10,SNDK,573.8800048828125,582.280029296875,540.1400146484375,541.6400146484375,541.6400146484375,15904000.0
2026-02-11,SNDK,578.5,612.7999877929688,575.0,599.3400268554688,599.3400268554688,20472700.0
2026-02-12,SNDK,640.5499877929688,668.0,615.6199951171875,630.2899780273438,630.2899780273438,23321100.0
2026-02-13,SNDK,610.5250244140625,661.5,586.3699951171875,626.5599975585938,626.5599975585938,23640400.0
2026-02-17,SNDK,612.0,628.6500244140625,588.9450073242188,590.5900268554688,590.5900268554688,19143200.0
2026-02-18,SNDK,582.489990234375,616.97998046875,574.5,600.4000244140625,600.4000244140625,25097600.0
2026-02-19,SNDK,597.3300170898438,634.47998046875,590.0999755859375,621.0900268554688,621.0900268554688,19601600.0
2026-02-20,SNDK,616.0,650.2899780273438,615.6500244140625,649.969970703125,649.969970703125,17001000.0
2026-02-23,SNDK,659.5900268554688,691.5399780273438,644.3800048828125,666.489990234375,666.489990234375,18569400.0
2026-02-24,SNDK,682.5,684.0900268554688,612.9199829101562,638.52001953125,638.52001953125,30408300.0
2026-02-25,SNDK,644.2999877929688,661.2000122070312,624.4299926757812,632.3800048828125,632.3800048828125,18561500.0
2026-02-26,SNDK,645.739990234375,659.8599853515625,607.0,651.9000244140625,651.9000244140625,23672700.0
2026-02-27,SNDK,627.0800170898438,661.2000122070312,621.27001953125,635.3599853515625,635.3599853515625,18208200.0
2026-03-02,SNDK,618.64501953125,648.7999877929688,597.5999755859375,619.0800170898438,619.0800170898438,17519900.0
2026-03-03,SNDK,581.6400146484375,593.1599731445312,557.0900268554688,565.4099731445312,565.4099731445312,20533500.0
2026-03-04,SNDK,586.8400268554688,607.47998046875,576.2999877929688,599.0599975585938,599.0599975585938,15614300.0
2026-03-05,SNDK,594.385009765625,603.530029296875,559.0999755859375,565.5900268554688,565.5900268554688,15433600.0
2026-03-06,SNDK,548.25,570.9000244140625,526.6300048828125,527.3300170898438,527.3300170898438,16108900.0
2026-03-09,SNDK,517.0,589.510009765625,517.0,588.72998046875,588.72998046875,21205500.0
2026-03-10,SNDK,599.22998046875,636.5800170898438,595.5599975585938,618.8900146484375,618.8900146484375,18133200.0
2026-03-11,SNDK,625.9500122070312,655.6799926757812,618.7999877929688,655.4299926757812,655.4299926757812,15815800.0
2026-03-12,SNDK,647.0,651.989990234375,612.2100219726562,618.8200073242188,618.8200073242188,17284100.0
2026-03-13,SNDK,630.75,671.6699829101562,623.0599975585938,661.6199951171875,661.6199951171875,18806900.0
2026-03-16,SNDK,687.52001953125,720.0,687.4299926757812,703.6300048828125,703.6300048828125,19406300.0
2026-03-17,SNDK,716.0,721.3699951171875,695.1199951171875,720.1699829101562,720.1699829101562,14782100.0
2026-03-18,SNDK,730.0150146484375,761.52001953125,715.5,753.6900024414062,753.6900024414062,20663100.0
2026-03-19,SNDK,707.1500244140625,776.0,692.0,772.0900268554688,772.0900268554688,21266400.0
2026-03-20,SNDK,772.7000122070312,777.5999755859375,698.3499755859375,709.7100219726562,709.7100219726562,23508600.0
2026-03-23,SNDK,716.0,748.780029296875,678.8400268554688,702.489990234375,702.489990234375,22925100.0
2026-03-24,SNDK,693.6900024414062,711.2999877929688,680.1900024414062,702.47998046875,702.47998046875,14536300.0
2026-03-25,SNDK,651.0,687.219970703125,638.0,677.8599853515625,677.8599853515625,20618700.0
2026-03-26,SNDK,654.0,659.6599731445312,602.030029296875,603.1699829101562,603.1699829101562,19023800.0
2026-03-27,SNDK,599.75,638.52001953125,599.3699951171875,615.8300170898438,615.8300170898438,16684200.0
2026-03-30,SNDK,642.1199951171875,651.0,558.5830078125,572.5,572.5,20501200.0
2026-03-31,SNDK,588.010009765625,636.3200073242188,578.4199829101562,635.3400268554688,635.3400268554688,20685000.0
2026-04-01,SNDK,652.2899780273438,710.8499755859375,645.0999755859375,692.72998046875,692.72998046875,22322700.0
2026-04-02,SNDK,642.0900268554688,707.3099975585938,641.0,701.5900268554688,701.5900268554688,17443900.0
2026-04-06,SNDK,720.3400268554688,736.0,711.0,724.6300048828125,724.6300048828125,12773700.0
2026-04-07,SNDK,715.7000122070312,738.0059814453125,687.6790161132812,710.7999877929688,710.7999877929688,14406500.0
2026-04-08,SNDK,784.0,807.9879760742188,758.1900024414062,780.9000244140625,780.9000244140625,16898900.0
2026-04-09,SNDK,817.0800170898438,855.0,805.0,851.5700073242188,851.5700073242188,17233600.0
2026-04-10,SNDK,873.9500122070312,873.9500122070312,835.2750244140625,851.77001953125,851.77001953125,13343800.0
2026-04-13,SNDK,867.0850219726562,953.4099731445312,866.9500122070312,952.5,952.5,20234400.0
2026-04-14,SNDK,964.02001953125,965.0,902.0,944.4600219726562,944.4600219726562,19821500.0
2026-04-15,SNDK,929.864990234375,937.989990234375,873.9299926757812,891.719970703125,891.719970703125,16269600.0
2026-04-16,SNDK,896.6199951171875,929.5,892.510009765625,919.469970703125,919.469970703125,13851900.0
2026-04-17,SNDK,920.8400268554688,930.5,886.0,920.989990234375,920.989990234375,25655700.0
2026-04-20,SNDK,930.969970703125,951.469970703125,900.3699951171875,913.02001953125,913.02001953125,11303500.0
2026-04-21,SNDK,927.8499755859376,938.780029296875,899.2000122070312,903.489990234375,903.489990234375,10245900.0
2026-04-22,SNDK,922.010009765625,981.0609741210938,895.739990234375,979.0700073242188,979.0700073242188,15497400.0
2026-04-23,SNDK,948.5449829101562,978.8800048828124,926.1099853515624,932.4299926757812,932.4299926757812,12272600.0
2026-04-24,SNDK,954.5599975585938,1002.0900268554688,947.0,989.9000244140624,989.9000244140624,11642800.0
2026-04-27,SNDK,1019.64501953125,1070.6600341796875,1008.8800048828124,1070.199951171875,1070.199951171875,13005000.0
2026-04-28,SNDK,1027.5999755859375,1054.219970703125,980.280029296875,1002.3499755859376,1002.3499755859376,14119000.0
2026-04-29,SNDK,1070.5999755859375,1103.0,1060.0,1064.2099609375,1064.2099609375,11350200.0
2026-04-30,SNDK,1112.4300537109375,1115.0,1076.050048828125,1096.510009765625,1096.510009765625,15088300.0
2026-05-01,SNDK,1059.02001953125,1189.239990234375,1048.0,1187.0,1187.0,23126800.0
2026-05-04,SNDK,1222.1800537109375,1275.1099853515625,1205.0,1255.8599853515625,1255.8599853515625,17853000.0
2026-05-05,SNDK,1289.010009765625,1418.8800048828125,1286.1300048828125,1406.3199462890625,1406.3199462890625,20668200.0
2026-05-06,SNDK,1437.4000244140625,1439.699951171875,1337.56005859375,1409.97998046875,1409.97998046875,21114100.0
2026-05-07,SNDK,1379.4200439453125,1400.989990234375,1292.573974609375,1339.9599609375,1339.9599609375,16243300.0
2026-05-08,SNDK,1394.3699951171875,1564.0,1391.1199951171875,1562.3399658203125,1562.3399658203125,20567600.0
2026-05-11,SNDK,1586.25,1600.0,1514.469970703125,1547.56005859375,1547.56005859375,16516800.0
2026-05-12,SNDK,1492.0,1508.3199462890625,1367.0,1452.02001953125,1452.02001953125,17138500.0
2026-05-13,SNDK,1512.4849853515625,1513.5699462890625,1404.8599853515625,1447.22998046875,1447.22998046875,11618700.0
2026-05-14,SNDK,1394.4000244140625,1453.77001953125,1362.0,1382.719970703125,1382.719970703125,11213600.0
2026-05-15,SNDK,1321.0,1426.3780517578125,1315.75,1407.6099853515625,1407.6099853515625,14011300.0
2026-05-18,SNDK,1431.6700439453125,1440.0,1277.3299560546875,1333.010009765625,1333.010009765625,13904400.0
2026-05-19,SNDK,1289.75,1392.8599853515625,1278.1099853515625,1383.2900390625,1383.2900390625,13309300.0
2026-05-20,SNDK,1437.97998046875,1444.0,1366.97998046875,1392.56005859375,1392.56005859375,9141200.0
2026-05-21,SNDK,1377.469970703125,1546.0899658203125,1377.469970703125,1542.239990234375,1542.239990234375,13746100.0
2026-05-22,SNDK,1520.7149658203125,1528.0,1473.52001953125,1478.68994140625,1478.68994140625,9657100.0
2026-05-26,SNDK,1535.2099609375,1641.739990234375,1520.0,1589.550048828125,1589.550048828125,12919700.0
2026-05-27,SNDK,1645.989990234375,1658.77001953125,1528.280029296875,1589.93994140625,1589.93994140625,10394200.0
2026-05-28,SNDK,1596.31005859375,1697.9599609375,1560.1800537109375,1641.6400146484375,1641.6400146484375,10004100.0
2026-05-29,SNDK,1682.0,1708.824951171875,1641.0799560546875,1694.97998046875,1694.97998046875,8751100.0
2026-06-01,SNDK,1731.1500244140625,1804.0,1686.1600341796875,1761.4300537109375,1761.4300537109375,9681700.0
2026-06-02,SNDK,1750.06005859375,1772.4000244140625,1708.800048828125,1716.3599853515625,1716.3599853515625,7093300.0
2026-06-03,SNDK,1736.0,1861.0,1708.8800048828125,1831.5,1831.5,11884700.0
2026-06-04,SNDK,1741.31005859375,1825.9000244140625,1725.0799560546875,1759.6800537109375,1759.6800537109375,10518500.0
2026-06-05,SNDK,1678.8800048828125,1682.0,1514.3599853515625,1559.3199462890625,1559.3199462890625,13289000.0
2026-06-08,SNDK,1634.0,1694.988037109375,1602.0,1642.0,1642.0,8189300.0
2026-06-09,SNDK,1700.5,1803.0,1536.0,1646.5400390625,1646.5400390625,16221600.0
2026-06-10,SNDK,1624.3800048828125,1764.6500244140625,1590.0,1643.22998046875,1643.22998046875,10362000.0
2026-06-11,SNDK,1672.260009765625,1895.0,1665.0,1881.510009765625,1881.510009765625,13759400.0
2026-06-12,SNDK,1890.97998046875,2021.6500244140625,1865.1099853515625,1980.0999755859375,1980.0999755859375,11926100.0
2026-06-15,SNDK,2101.1201171875,2119.89990234375,2021.1099853515625,2107.860107421875,2107.860107421875,9156400.0
2026-06-16,SNDK,2134.199951171875,2167.330078125,1980.1800537109375,1991.550048828125,1991.550048828125,9588500.0
2026-06-17,SNDK,2074.590087890625,2074.590087890625,1938.0,1958.800048828125,1958.800048828125,9182500.0
2026-06-18,SNDK,2044.7449951171875,2191.68994140625,2029.0,2184.75,2184.75,12178300.0
2026-06-22,SNDK,2293.31494140625,2354.389892578125,2251.284912109375,2273.72998046875,2273.72998046875,9977600.0
2026-06-23,SNDK,2007.699951171875,2060.0,1949.9599609375,1963.5999755859375,1963.5999755859375,12868300.0
2026-06-24,SNDK,1987.530029296875,2021.5,1861.010009765625,1914.4599609375,1914.4599609375,10421300.0
2026-06-25,SNDK,2238.304931640625,2347.9990234375,2092.080078125,2335.0,2335.0,14852900.0
2026-06-26,SNDK,2169.9951171875,2256.110107421875,2126.1201171875,2178.864990234375,2178.864990234375,4781787.0
2026-02-10,SPY,,,,590.0,590.0,70000000.0
2026-02-11,SPY,,,,591.0,591.0,69000000.0
2026-02-12,SPY,,,,592.0,592.0,71000000.0
2026-02-13,SPY,,,,594.0,594.0,72000000.0
2026-02-14,SPY,,,,596.0,596.0,72500000.0
2026-02-17,SPY,,,,597.0,597.0,71500000.0
2026-02-18,SPY,,,,599.0,599.0,73000000.0
2026-02-19,SPY,,,,600.0,600.0,71000000.0
2026-02-20,SPY,,,,602.0,602.0,73500000.0
2026-02-21,SPY,,,,601.0,601.0,70500000.0
2026-02-24,SPY,,,,603.0,603.0,71000000.0
2026-02-25,SPY,,,,604.0,604.0,70800000.0
2026-02-26,SPY,,,,606.0,606.0,72000000.0
2026-02-27,SPY,,,,607.0,607.0,71500000.0
2026-02-28,SPY,,,,608.0,608.0,71200000.0
2026-03-03,SPY,,,,610.0,610.0,72500000.0
2026-03-04,SPY,,,,609.0,609.0,70000000.0
2026-03-05,SPY,,,,611.0,611.0,71800000.0
2026-03-06,SPY,,,,612.0,612.0,71500000.0
2026-03-07,SPY,,,,614.0,614.0,72200000.0
2026-03-10,SPY,,,,615.0,615.0,73000000.0
2026-03-11,SPY,,,,617.0,617.0,73800000.0
2026-03-12,SPY,,,,618.0,618.0,72000000.0
2026-03-13,SPY,,,,620.0,620.0,74200000.0
2026-03-14,SPY,,,,621.0,621.0,73500000.0
2024-01-08,WDC,37.89871597290039,38.2917594909668,37.8306884765625,37.93650817871094,37.763614654541016,4485235.0
2024-01-09,WDC,37.430084228515625,37.80801010131836,37.29402923583984,37.362056732177734,37.19178009033203,6349077.0
2024-01-10,WDC,37.32426452636719,38.299320220947266,37.00680160522461,38.17838287353515,38.00438690185547,5691414.0
2024-01-11,WDC,38.14814758300781,38.63189697265625,37.551021575927734,38.24641036987305,38.07210540771485,4105137.0
2024-01-12,WDC,38.465606689453125,38.68480682373047,37.79289627075195,37.80045318603515,37.62818145751953,3729934.0
2024-01-16,WDC,39.00982666015625,39.69765853881836,38.465606689453125,39.478458404541016,39.29853439331055,10667084.0
2024-01-17,WDC,39.43310546875,39.886619567871094,39.11564636230469,39.546485900878906,39.36625671386719,7151212.0
2024-01-18,WDC,40.04534912109375,40.521541595458984,39.87906265258789,40.47618865966797,40.291717529296875,7468070.0
2024-01-19,WDC,40.81632614135742,41.4134521484375,40.55177688598633,41.398338317871094,41.20966339111328,6346960.0
2024-01-22,WDC,43.71126174926758,44.39153289794922,42.70597076416016,43.08390045166016,42.88754653930664,21794308.0
2024-01-23,WDC,44.08919143676758,44.7089958190918,43.23507308959961,43.63567733764648,43.43680953979492,14448351.0
2024-01-24,WDC,44.59561538696289,44.640968322753906,43.62055969238281,43.86243438720703,43.66253662109375,12864587.0
2024-01-25,WDC,44.59561538696289,45.76719665527344,44.55026626586914,45.60090637207031,45.39308166503906,31551830.0
2024-01-26,WDC,44.48979568481445,44.8979606628418,43.24263000488281,44.01360321044922,43.813011169433594,25991393.0
2024-01-29,WDC,44.8979606628418,45.69160842895508,44.625850677490234,45.16250991821289,44.95668411254883,12410137.0
2024-01-30,WDC,45.04157257080078,45.16250991821289,43.696144104003906,43.93046188354492,43.73025131225586,12855723.0
2024-01-31,WDC,43.60544204711914,43.97581481933594,43.24263000488281,43.27286529541016,43.075653076171875,7670754.0
2024-02-01,WDC,43.26530456542969,43.59788513183594,42.77399826049805,43.3862419128418,43.188507080078125,9621914.0
2024-02-02,WDC,43.27286529541016,44.02872467041016,43.08390045166016,43.960693359375,43.760345458984375,7315396.0
2024-02-05,WDC,43.892669677734375,44.23280334472656,43.29553985595703,44.195011138916016,43.99359893798828,6400939.0
2024-02-06,WDC,44.63340759277344,44.77702331542969,44.03628158569336,44.179893493652344,43.978546142578125,6862666.0
2024-02-07,WDC,44.195011138916016,44.383975982666016,43.582767486572266,43.79440689086914,43.59481430053711,6544749.0
2024-02-08,WDC,43.514739990234375,43.82464218139648,43.09901809692383,43.17460250854492,42.97783660888672,9880693.0
2024-02-09,WDC,42.70597076416016,43.34844970703125,42.50188827514648,42.947845458984375,42.75210952758789,8623711.0
2024-02-12,WDC,42.758880615234375,43.892669677734375,42.713531494140625,43.325775146484375,43.12832260131836,5900448.0
2024-02-13,WDC,42.267574310302734,42.282691955566406,41.4134521484375,41.82917785644531,41.63854217529297,8694888.0
2024-02-14,WDC,42.27513122558594,42.75132369995117,42.23733901977539,42.38851165771485,42.1953239440918,5244637.0
2024-02-15,WDC,42.46409606933594,42.758880615234375,42.20710372924805,42.335601806640625,42.14265823364258,5802281.0
2024-02-16,WDC,42.3582763671875,42.5547981262207,40.755859375,40.81632614135742,40.63030624389648,7983776.0
2024-02-20,WDC,40.78609085083008,40.92214584350586,40.279666900634766,40.914588928222656,40.72812271118164,6802072.0
2024-02-21,WDC,40.725624084472656,40.81632614135742,39.977325439453125,40.35525131225586,40.17133331298828,5616267.0
2024-02-22,WDC,41.31519317626953,42.32804107666016,41.1413459777832,42.10128402709961,41.90940856933594,6748888.0
2024-02-23,WDC,41.94255447387695,42.48677062988281,41.7913818359375,42.37339401245117,42.180274963378906,4185443.0
2024-02-26,WDC,42.88737869262695,43.60544204711914,42.66817855834961,43.14436721801758,42.94773864746094,8156295.0
2024-02-27,WDC,44.02872467041016,44.1421012878418,43.3031005859375,43.44671249389648,43.24870681762695,8340589.0
2024-02-28,WDC,42.96296310424805,43.6885871887207,42.80423355102539,43.43159484863281,43.2336540222168,5469150.0
2024-02-29,WDC,43.92290115356445,45.0869255065918,43.61300277709961,44.950870513916016,44.74600982666016,10187497.0
2024-03-01,WDC,46.107330322265625,48.7830696105957,45.83522415161133,48.601661682128906,48.38016128540039,22594591.0
2024-03-04,WDC,49.13076400756836,49.1609992980957,47.80801010131836,48.61677932739258,48.395206451416016,8242952.0
2024-03-05,WDC,47.84580612182617,48.5941047668457,46.9916877746582,47.98941802978515,47.77070999145508,9441193.0
2024-03-06,WDC,49.07785415649414,49.82615280151367,48.06500244140625,48.90400695800781,48.681129455566406,12297550.0
2024-03-07,WDC,49.00226974487305,49.17611312866211,47.96674346923828,48.5865478515625,48.365116119384766,9030137.0
2024-03-08,WDC,49.032501220703125,49.68254089355469,47.475433349609375,47.619049072265625,47.40202331542969,8636015.0
2024-03-11,WDC,47.08994674682617,47.49055099487305,46.16024017333984,46.90098190307617,46.687232971191406,9612124.0
2024-03-12,WDC,47.354496002197266,47.89115524291992,46.628875732421875,47.59637069702149,47.379451751708984,7548377.0
2024-03-13,WDC,47.354496002197266,47.619049072265625,46.8783073425293,47.22600173950195,47.010772705078125,4572156.0
2024-03-14,WDC,47.11262130737305,47.15797424316406,45.46485137939453,45.95616149902344,45.74671936035156,4570436.0
2024-03-15,WDC,45.52532196044922,45.752079010009766,45.049129486083984,45.192745208740234,44.986785888671875,7619157.0
2024-03-18,WDC,45.374149322509766,45.70672607421875,44.58805847167969,44.829933166503906,44.62562561035156,5113263.0
2024-03-19,WDC,44.527587890625,45.547996520996094,44.195011138916016,45.207862854003906,45.0018310546875,5728855.0
2024-03-20,WDC,45.502647399902344,45.97127532958984,44.905517578125,45.89569091796875,45.6865234375,5604493.0
2024-03-21,WDC,48.979591369628906,49.89418029785156,48.16326522827149,48.17838287353515,47.95881271362305,15355003.0
2024-03-22,WDC,48.08012008666992,48.68480682373047,47.68707656860352,48.32955551147461,48.10929489135742,7196326.0
2024-03-25,WDC,47.75510025024414,49.531368255615234,47.6417236328125,49.11564636230469,48.891807556152344,8280657.0
2024-03-26,WDC,49.735450744628906,52.3658332824707,49.53892517089844,51.511714935302734,51.27695083618164,15120435.0
2024-03-27,WDC,52.13907623291016,52.1693115234375,50.211639404296875,51.12622833251953,50.893218994140625,8312674.0
2024-03-28,WDC,51.69312286376953,52.29780960083008,51.43613052368164,51.579742431640625,51.344669342041016,10498799.0
2024-04-01,WDC,52.093727111816406,54.686317443847656,52.07105255126953,53.55253219604492,53.3084716796875,16538426.0
2024-04-02,WDC,52.53212356567383,52.69841384887695,51.201812744140625,52.02569961547851,51.788597106933594,8794113.0
2024-04-03,WDC,52.10128402709961,54.51247024536133,51.47392272949219,54.134544372558594,53.88782501220703,14459199.0
2024-04-04,WDC,55.283447265625,56.58352279663086,53.15948486328125,53.318214416503906,53.07522201538086,12830851.0
2024-04-05,WDC,55.29856491088867,55.52532196044922,53.507179260253906,55.260772705078125,55.0089225769043,10933007.0
2024-04-08,WDC,56.6893424987793,58.14059066772461,54.09674835205078,55.139835357666016,54.8885383605957,9989179.0
2024-04-09,WDC,57.20332717895508,57.2562370300293,54.0665168762207,54.9130744934082,54.662811279296875,11014372.0
2024-04-10,WDC,54.08919143676758,55.24565505981445,53.67346954345703,54.61073303222656,54.361846923828125,10162360.0
2024-04-11,WDC,54.78458023071289,56.07709884643555,54.37641525268555,55.8578987121582,55.603328704833984,7843406.0
2024-04-12,WDC,55.36659240722656,55.41950225830078,54.21768569946289,54.46712112426758,54.21888732910156,7049870.0
2024-04-15,WDC,55.21541976928711,55.442176818847656,52.95540237426758,53.23507308959961,52.992454528808594,7445050.0
2024-04-16,WDC,52.90249252319336,53.85487365722656,52.29780960083008,53.71126174926758,53.46647262573242,5910767.0
2024-04-17,WDC,54.58049774169922,55.32879638671875,52.84202575683594,53.03854751586914,52.79682922363281,8631781.0
2024-04-18,WDC,52.87981796264648,53.45426940917969,51.57218551635742,51.64021301269531,51.40486526489258,5751346.0
2024-04-19,WDC,51.01285171508789,51.7082405090332,49.59183883666992,49.924415588378906,49.69688415527344,9300425.0
2024-04-22,WDC,50.15117263793945,51.54950714111328,49.765682220458984,50.68027114868164,50.44929885864258,9039662.0
2024-04-23,WDC,50.79365158081055,53.09145736694336,50.79365158081055,52.84958267211914,52.60872650146485,10201124.0
2024-04-24,WDC,53.703704833984375,54.5200309753418,51.5192756652832,52.569915771484375,52.33032989501953,9790729.0
2024-04-25,WDC,50.44595718383789,52.98563766479492,49.30461120605469,52.48677062988281,52.24756622314453,11395264.0
2024-04-26,WDC,53.66591262817383,54.2554817199707,50.63492202758789,53.938018798828125,53.69219970703125,18348819.0
2024-04-29,WDC,53.73393630981445,54.75434494018555,52.146636962890625,52.80423355102539,52.56357955932617,11905148.0
2024-04-30,WDC,52.67573547363281,54.54270553588867,52.58503341674805,53.53741455078125,53.29342269897461,10297306.0
2024-05-01,WDC,53.03854751586914,54.41421127319336,52.05593490600586,53.29553985595703,53.05264663696289,11433498.0
2024-05-02,WDC,53.40135955810547,53.52229690551758,51.3303108215332,52.69841384887695,52.4582405090332,8434787.0
2024-05-03,WDC,53.66591262817383,54.149658203125,52.97052383422851,53.628116607666016,53.38370895385742,7942763.0
2024-05-06,WDC,54.42176818847656,55.804988861083984,54.36130142211914,54.875282287597656,54.625186920166016,8665782.0
2024-05-07,WDC,54.63340759277344,55.003780364990234,53.869991302490234,54.03628158569336,53.790016174316406,5202962.0
2024-05-08,WDC,53.29553985595703,54.58805847167969,53.04610824584961,54.452003479003906,54.20383834838867,5599068.0
2024-05-09,WDC,54.315948486328125,55.003780364990234,53.78684616088867,54.48979568481445,54.241458892822266,6042406.0
2024-05-10,WDC,55.04157257080078,55.374149322509766,54.10430908203125,54.11942672729492,53.872779846191406,4896555.0
2024-05-13,WDC,54.48223876953125,54.875282287597656,53.325775146484375,53.64323425292969,53.39875793457031,5064973.0
2024-05-14,WDC,53.6885871887207,55.67649459838867,53.33333206176758,55.58578872680664,55.33245849609375,9372000.0
2024-05-15,WDC,55.96371841430664,57.27135467529297,55.84278106689453,57.21088409423828,56.95014953613281,10549999.0
2024-05-16,WDC,57.0672721862793,57.33182144165039,55.97127532958984,56.009071350097656,55.753814697265625,6574252.0
2024-05-17,WDC,55.52532196044922,55.69160842895508,54.40665054321289,54.497352600097656,54.248985290527344,8196250.0
2024-05-20,WDC,54.72411346435547,56.114891052246094,54.70143508911133,55.21541976928711,54.96377944946289,7413034.0
2024-05-21,WDC,54.195011138916016,56.44746780395508,53.817081451416016,55.941043853759766,55.68609619140625,6326586.0
2024-05-22,WDC,56.16024017333984,56.21315383911133,54.875282287597656,55.58578872680664,55.33245849609375,4560249.0
2024-05-23,WDC,57.20332717895508,58.11791229248047,55.820106506347656,56.054420471191406,55.798954010009766,7134939.0
2024-05-24,WDC,56.5003776550293,57.052154541015625,55.9334831237793,56.54573059082031,56.288028717041016,3629783.0
2024-05-28,WDC,57.2562370300293,57.8382453918457,56.89342498779297,57.551021575927734,57.28873443603515,6322749.0
2024-05-29,WDC,56.87074661254883,58.69992446899414,56.76492691040039,58.52607727050781,58.25934600830078,9954914.0
2024-05-30,WDC,57.95918273925781,58.01209259033203,56.26606369018555,57.0748291015625,56.8147087097168,8315055.0
2024-05-31,WDC,57.0748291015625,57.551021575927734,54.98866271972656,56.90854263305664,56.64918518066406,10188158.0
2024-06-03,WDC,57.27891159057617,57.59637069702149,56.02418518066406,56.674224853515625,56.41593933105469,5505929.0
2024-06-04,WDC,56.5003776550293,56.6137580871582,55.374149322509766,55.88813400268555,55.6334228515625,5059284.0
2024-06-05,WDC,56.674224853515625,58.32199478149414,56.5003776550293,58.12547302246094,57.86056900024414,7278220.0
2024-06-06,WDC,57.97430038452149,58.11791229248047,56.76492691040039,56.8783073425293,56.61909103393555,5129933.0
2024-06-07,WDC,56.59864044189453,57.30158615112305,56.28117752075195,56.674224853515625,56.41593933105469,7462117.0
2024-06-10,WDC,56.28117752075195,58.420257568359375,56.198036193847656,58.27664566040039,58.01105117797851,8044105.0
2024-06-11,WDC,58.25396728515625,58.55631256103515,57.354496002197266,57.8382453918457,57.57465362548828,5197273.0
2024-06-12,WDC,58.69992446899414,60.347694396972656,58.50340270996094,59.856388092041016,59.583595275878906,7434731.0
2024-06-13,WDC,59.69009780883789,60.82388687133789,59.51625061035156,60.15117263793945,59.87703704833984,8985155.0
2024-06-14,WDC,59.07785415649414,59.712772369384766,58.13302993774414,59.0476188659668,58.77851486206055,4170625.0
2024-06-17,WDC,58.95691680908203,60.521541595458984,58.4051399230957,60.36281204223633,60.08771133422851,6181718.0
2024-06-18,WDC,60.74829864501953,61.64021301269531,60.18896484375,60.642478942871094,60.3661003112793,7228343.0
2024-06-20,WDC,60.74074172973633,60.82388687133789,57.49811172485352,57.664398193359375,57.40159606933594,7808478.0
2024-06-21,WDC,57.31670379638672,58.04988861083984,56.46258544921875,57.27135467529297,57.01034164428711,8997988.0
2024-06-24,WDC,56.92365646362305,57.77777862548828,56.56840515136719,56.9916877746582,56.73195266723633,6777200.0
2024-06-25,WDC,57.24867630004883,58.24641036987305,56.80271911621094,58.095237731933594,57.830467224121094,3725568.0
2024-06-26,WDC,58.08012008666992,58.299320220947266,56.6968994140625,57.04459762573242,56.78461837768555,4846678.0
2024-06-27,WDC,56.44746780395508,58.76039123535156,55.78987121582031,57.91383361816406,57.64989471435547,5748303.0
2024-06-28,WDC,57.82312774658203,59.09297180175781,57.0748291015625,57.27135467529297,57.01034164428711,11355044.0
2024-07-01,WDC,57.60393142700195,57.906272888183594,56.22071075439453,57.732425689697266,57.46931076049805,4769415.0
2024-07-02,WDC,57.27135467529297,59.04005813598633,57.03703689575195,58.99470901489258,58.72584533691406,3574085.0
2024-07-03,WDC,58.98714828491211,59.44066619873047,58.55631256103515,58.798187255859375,58.53021240234375,2591757.0
2024-07-05,WDC,58.964473724365234,58.964473724365234,58.08768081665039,58.32955551147461,58.063720703125,3061290.0
2024-07-08,WDC,58.73771667480469,59.8034782409668,58.45049285888672,59.33484649658203,59.064430236816406,4901450.0
2024-07-09,WDC,59.30461120605469,60.279666900634766,59.06273651123047,59.28193664550781,59.01176834106445,4124320.0
2024-07-10,WDC,59.833709716796875,60.755859375,59.52381134033203,60.65003967285156,60.37363052368164,5859038.0
2024-07-11,WDC,60.589569091796875,60.61980438232422,58.420257568359375,58.83597946166992,58.567840576171875,5464784.0
2024-07-12,WDC,58.609222412109375,59.924415588378906,58.095237731933594,59.53892517089844,59.267578125,6024810.0
2024-07-15,WDC,60.090702056884766,60.536659240722656,58.94935989379883,59.57672119140625,59.30520248413086,7151344.0
2024-07-16,WDC,59.13832092285156,59.79591751098633,58.18593978881836,58.24641036987305,57.98095703125,5632011.0
2024-07-17,WDC,57.05971145629883,57.12018203735352,54.17233657836914,54.263038635253906,54.0157356262207,14155968.0
2024-07-18,WDC,54.829933166503906,54.86772537231445,52.01814270019531,53.09145736694336,52.84949493408203,11545689.0
2024-07-19,WDC,53.40135955810547,54.15721893310547,52.31292343139648,52.77399826049805,52.533485412597656,5709936.0
2024-07-22,WDC,53.83219909667969,55.2910041809082,53.43159484863281,55.22297668457031,54.97130584716797,7172115.0
2024-07-23,WDC,54.693878173828125,55.51776123046875,54.686317443847656,55.14739227294922,54.89606094360352,3690244.0
2024-07-24,WDC,55.10960006713867,56.21315383911133,54.29327392578125,54.429325103759766,54.18126678466797,8449869.0
2024-07-25,WDC,51.76115036010742,52.21466445922851,50.18896484375,50.25699234008789,50.0279426574707,17994123.0
2024-07-26,WDC,51.24716567993164,51.62509536743164,50.67271423339844,51.5948600769043,51.35972213745117,5917911.0
2024-07-29,WDC,52.15419387817383,52.282691955566406,49.924415588378906,50.211639404296875,49.98280334472656,8406474.0
2024-07-30,WDC,50.287227630615234,50.37036895751953,47.68707656860352,47.75510025024414,47.53745651245117,12242381.0
2024-07-31,WDC,50.166290283203125,51.11111068725586,48.88132858276367,50.68027114868164,50.44929885864258,17911965.0
2024-08-01,WDC,45.60846710205078,47.76266098022461,43.92290115356445,45.752079010009766,45.5435676574707,35572692.0
2024-08-02,WDC,44.149658203125,44.179893493652344,41.99546432495117,43.25774765014648,43.06060028076172,17530808.0
2024-08-05,WDC,40.8390007019043,43.582767486572266,39.886619567871094,43.07634353637695,42.88002014160156,14409190.0
2024-08-06,WDC,42.79667282104492,44.44444274902344,42.79667282104492,43.371124267578125,43.1734619140625,12626315.0
2024-08-07,WDC,44.3310661315918,44.996219635009766,42.12396240234375,42.51700592041016,42.323238372802734,10845293.0
2024-08-08,WDC,43.52985763549805,44.928192138671875,42.67573547363281,44.58049774169922,44.3773193359375,8026641.0
2024-08-09,WDC,44.59561538696289,45.2910041809082,43.938018798828125,45.10960006713867,44.90401840209961,7058205.0
2024-08-12,WDC,45.10960006713867,46.47770309448242,44.61073303222656,45.631141662597656,45.42317962646485,9080543.0
2024-08-13,WDC,46.09977340698242,46.83295440673828,45.96371841430664,46.54573059082031,46.33359909057617,6753518.0
2024-08-14,WDC,47.052154541015625,47.430084228515625,45.81254577636719,46.492820739746094,46.28093338012695,5970038.0
2024-08-15,WDC,47.39228820800781,48.18593978881836,46.795162200927734,47.996978759765625,47.77823638916016,7490032.0
2024-08-16,WDC,47.74754333496094,48.69992446899414,47.57369613647461,48.412696838378906,48.19205856323242,5949266.0
2024-08-19,WDC,48.22373580932617,49.30461120605469,47.76266098022461,49.20634841918945,48.98208999633789,6809613.0
2024-08-20,WDC,49.168556213378906,49.2365837097168,48.54875183105469,48.69236755371094,48.470455169677734,4900789.0
2024-08-21,WDC,49.0476188659668,49.20634841918945,48.299320220947266,49.153438568115234,48.92942428588867,5700146.0
2024-08-22,WDC,48.9720344543457,49.50113296508789,48.26152801513672,48.4051399230957,48.18453598022461,4203833.0
2024-08-23,WDC,48.56386947631836,49.1609992980957,47.95918273925781,48.63945770263672,48.417781829833984,4029064.0
2024-08-26,WDC,48.2917594909668,48.5941047668457,47.188209533691406,47.38473129272461,47.16877746582031,4296046.0
2024-08-27,WDC,46.73469543457031,47.69463348388672,46.228267669677734,47.50566864013672,47.289161682128906,6675461.0
2024-08-28,WDC,47.02191925048828,47.39984893798828,46.19047546386719,47.188209533691406,46.973148345947266,6182511.0
2024-08-29,WDC,47.82312774658203,48.54119491577149,47.01436233520508,47.6417236328125,47.424598693847656,5716948.0
2024-08-30,WDC,48.465606689453125,49.652305603027344,47.95918273925781,49.57672119140625,49.35078048706055,8489030.0
2024-09-03,WDC,48.76795196533203,48.76795196533203,47.01436233520508,47.664398193359375,47.44717025756836,7794587.0
2024-09-04,WDC,46.83295440673828,48.231292724609375,46.46258544921875,47.58125686645508,47.36440658569336,4870228.0
2024-09-05,WDC,47.15797424316406,48.07256317138672,47.15797424316406,47.32426452636719,47.10858917236328,3064994.0
2024-09-06,WDC,46.976566314697266,47.2562370300293,45.35147476196289,45.9334831237793,45.724143981933594,5491905.0
2024-09-09,WDC,46.795162200927734,47.4527587890625,46.417232513427734,47.32426452636719,47.10858917236328,5518233.0
2024-09-10,WDC,47.286468505859375,47.86848068237305,46.90098190307617,47.4603157043457,47.244014739990234,4349230.0
2024-09-11,WDC,47.8306884765625,47.95918273925781,46.06953811645508,47.853363037109375,47.63526916503906,4786085.0
2024-09-12,WDC,47.853363037109375,48.45049285888672,47.12018203735352,47.80801010131836,47.59012985229492,5268715.0
2024-09-13,WDC,48.06500244140625,49.2365837097168,48.06500244140625,49.14588165283203,48.92190170288086,4738325.0
2024-09-16,WDC,48.43537521362305,48.62434005737305,47.82312774658203,48.44293212890625,48.22215270996094,5943445.0
2024-09-17,WDC,48.88132858276367,50.075584411621094,48.69992446899414,49.8034782409668,49.57649993896485,6882775.0
2024-09-18,WDC,49.43310546875,49.924415588378906,48.45804977416992,48.69236755371094,48.470455169677734,5873326.0
2024-09-19,WDC,50.18140411376953,50.32501983642578,49.402870178222656,49.86394500732422,49.63669204711914,6377125.0
2024-09-20,WDC,49.31972885131836,50.55177688598633,49.11564636230469,50.453514099121094,50.22357177734375,10165403.0
2024-09-23,WDC,50.66515350341797,50.899471282958984,50.098262786865234,50.10581970214844,49.877464294433594,3847549.0
2024-09-24,WDC,50.10581970214844,50.536659240722656,48.51852035522461,50.234317779541016,50.005374908447266,8797950.0
2024-09-25,WDC,49.81859588623047,50.143611907958984,49.32728576660156,49.886619567871094,49.65926361083984,5016022.0
2024-09-26,WDC,53.15192794799805,53.990928649902344,51.7838249206543,53.25774765014648,53.01502990722656,11688573.0
2024-09-27,WDC,53.25774765014648,53.25774765014648,52.02569961547851,52.471656799316406,52.23251724243164,5413451.0
2024-09-30,WDC,52.07105255126953,52.57747650146485,51.38322067260742,51.61753463745117,51.382293701171875,7047621.0
2024-10-01,WDC,51.466365814208984,51.602420806884766,50.24943161010742,50.46107482910156,50.23110580444336,4617402.0
2024-10-02,WDC,50.36281204223633,51.47392272949219,50.20408248901367,50.279666900634766,50.05052185058594,5065502.0
2024-10-03,WDC,49.886619567871094,51.156463623046875,49.75056838989258,50.32501983642578,50.095664978027344,5244769.0
2024-10-04,WDC,51.28495788574219,51.36810302734375,49.8034782409668,50.15117263793945,49.922611236572266,6039230.0
2024-10-07,WDC,50.090702056884766,50.85411834716797,49.788360595703125,50.219200134277344,49.990325927734375,4314832.0
2024-10-08,WDC,50.29478454589844,50.453514099121094,49.64474868774414,50.01511764526367,49.78717803955078,5125831.0
2024-10-09,WDC,49.70521545410156,49.765682220458984,48.49584197998047,48.73771667480469,48.515594482421875,5869754.0
2024-10-10,WDC,48.08012008666992,49.055179595947266,47.95918273925781,48.412696838378906,48.19205856323242,4646111.0
2024-10-11,WDC,48.17082214355469,49.410430908203125,48.13302993774414,49.04005813598633,48.816558837890625,5353255.0
2024-10-14,WDC,49.463340759277344,50.55933380126953,49.43310546875,50.51398468017578,50.28376770019531,5856656.0
2024-10-15,WDC,50.642478942871094,51.94255447387695,50.52910232543945,50.60468673706055,50.37405776977539,7904396.0
2024-10-16,WDC,50.642478942871094,51.44368743896485,50.279666900634766,51.23960876464844,51.00608825683594,5876105.0
2024-10-17,WDC,52.003021240234375,52.12396240234375,50.755859375,50.90702819824219,50.67502212524414,4825907.0
2024-10-18,WDC,51.337867736816406,51.54950714111328,50.3854866027832,50.66515350341797,50.43424987792969,3901659.0
2024-10-21,WDC,50.39304733276367,51.1413459777832,49.93952941894531,50.8390007019043,50.607303619384766,6713696.0
2024-10-22,WDC,50.49886703491211,51.526832580566406,49.856388092041016,51.2169303894043,50.9835090637207,8320744.0
2024-10-23,WDC,50.73318099975586,51.23960876464844,49.833709716796875,50.347694396972656,50.11823654174805,7245145.0
2024-10-24,WDC,50.87679672241211,51.05064010620117,50.03779220581055,50.12849426269531,49.9000358581543,11646501.0
2024-10-25,WDC,54.860164642333984,55.55555725097656,52.39606857299805,52.49433135986328,52.255088806152344,23343541.0
2024-10-28,WDC,52.61526870727539,53.756614685058594,51.602420806884766,52.69085311889648,52.450714111328125,10454346.0
2024-10-29,WDC,52.80423355102539,52.91005325317383,51.2169303894043,51.62509536743164,51.38981628417969,8270205.0
2024-10-30,WDC,51.23204803466797,52.32048416137695,50.61980438232422,50.657596588134766,50.42672348022461,6203812.0
2024-10-31,WDC,50.27210998535156,50.99017333984375,49.13076400756836,49.36507797241211,49.14009475708008,6048888.0
2024-11-01,WDC,49.69765853881836,50.725624084472656,49.58427810668945,49.79591751098633,49.568973541259766,5059681.0
2024-11-04,WDC,49.6220703125,50.25699234008789,49.21390914916992,49.29705047607422,49.072383880615234,3578583.0
2024-11-05,WDC,49.50869369506836,50.74074172973633,49.50869369506836,50.51398468017578,50.28376770019531,5521276.0
2024-11-06,WDC,52.04837417602539,53.05366516113281,51.5948600769043,52.84202575683594,52.601200103759766,7572984.0
2024-11-07,WDC,53.28798294067383,53.83975982666016,52.68329620361328,53.24263000488281,52.99998092651367,4984535.0
2024-11-08,WDC,52.91005325317383,53.24263000488281,52.29024887084961,52.61526870727539,52.37548065185547,4653520.0
2024-11-11,WDC,52.96296310424805,53.015872955322266,50.85411834716797,50.92970657348633,50.69759750366211,5891451.0
2024-11-12,WDC,50.03779220581055,50.27210998535156,47.65684127807617,48.344669342041016,48.12434005737305,11215071.0
2024-11-13,WDC,48.18593978881836,48.18593978881836,47.08994674682617,47.41496658325195,47.19887161254883,5995836.0
2024-11-14,WDC,47.430084228515625,48.14059066772461,47.40740585327149,47.78533554077149,47.56755447387695,4804210.0
2024-11-15,WDC,47.20332717895508,47.70975112915039,47.08994674682617,47.46787643432617,47.25154495239258,4633014.0
2024-11-18,WDC,47.50566864013672,48.88888931274414,47.30914688110352,48.81330490112305,48.590843200683594,4801299.0
2024-11-19,WDC,48.36734771728515,49.44066619873047,48.14059066772461,49.34996032714844,49.12504577636719,3792512.0
2024-11-20,WDC,49.6220703125,49.64474868774414,47.48299407958984,48.25396728515625,48.034053802490234,5063915.0
2024-11-21,WDC,48.73015975952149,50.27210998535156,48.299320220947266,49.79591751098633,49.568973541259766,5344259.0
2024-11-22,WDC,50.1965217590332,50.50642395019531,49.765682220458984,50.211639404296875,49.98280334472656,6854331.0
2024-11-25,WDC,50.71806335449219,52.85714340209961,50.68783187866211,52.47921371459961,52.24004364013672,11667537.0
2024-11-26,WDC,52.433860778808594,55.359031677246094,52.42630386352539,55.192745208740234,54.94120407104492,14193276.0
2024-11-27,WDC,55.207862854003906,55.54043960571289,53.36356735229492,54.04383850097656,53.79753875732422,13606394.0
2024-11-29,WDC,54.42176818847656,55.6689338684082,54.17233657836914,55.170066833496094,54.91862869262695,3646585.0
2024-12-02,WDC,55.313682556152344,55.873016357421875,54.928192138671875,55.502647399902344,55.24969482421875,7134410.0
2024-12-03,WDC,55.260772705078125,56.01662826538086,53.05366516113281,54.18745422363281,53.94049835205078,7114697.0
2024-12-04,WDC,54.86772537231445,54.86772537231445,53.35601043701172,54.67876052856445,54.4295654296875,5517042.0
2024-12-05,WDC,54.686317443847656,55.804988861083984,54.37641525268555,54.504913330078125,54.25651168823242,4122600.0
2024-12-06,WDC,54.73167037963867,54.935752868652344,53.41647720336914,53.71882247924805,53.4739990234375,4975009.0
2024-12-09,WDC,53.64323425292969,54.27059555053711,53.393802642822266,53.46938705444336,53.22570037841797,4133846.0
2024-12-10,WDC,53.514739990234375,53.65835189819336,51.63265228271485,52.01814270019531,51.78107452392578,4366165.0
2024-12-11,WDC,52.68329620361328,53.21239471435547,52.27513122558594,52.834468841552734,52.59367752075195,3414398.0
2024-12-12,WDC,52.834468841552734,52.94028854370117,49.12320327758789,49.87906265258789,49.65174102783203,13066345.0
2024-12-13,WDC,50.06047058105469,50.090702056884766,48.90400695800781,49.221466064453125,48.99713897705078,10579502.0
2024-12-16,WDC,48.775508880615234,50.34013748168945,48.412696838378906,49.357521057128906,49.13257598876953,7134807.0
2024-12-17,WDC,49.28193664550781,49.89418029785156,48.80574417114258,48.8586540222168,48.635986328125,5183646.0
2024-12-18,WDC,50.219200134277344,50.79365158081055,47.69463348388672,48.0272102355957,47.808326721191406,7343047.0
2024-12-19,WDC,46.80271911621094,47.09750747680664,44.905517578125,45.064247131347656,44.8588752746582,17911965.0
2024-12-20,WDC,44.75434494018555,46.44746780395508,44.58805847167969,45.53287887573242,45.32536697387695,16844965.0
2024-12-23,WDC,45.359031677246094,46.56840515136719,45.359031677246094,46.53061294555664,46.31855392456055,5439118.0
2024-12-24,WDC,46.37944030761719,46.674224853515625,46.198036193847656,46.63643264770508,46.42388916015625,2000508.0
2024-12-26,WDC,46.492820739746094,47.01436233520508,46.46258544921875,46.64398956298828,46.43141555786133,2839158.0
2024-12-27,WDC,46.38699722290039,46.56840515136719,45.65381622314453,45.88057327270508,45.67147445678711,5506061.0
2024-12-30,WDC,45.094482421875,45.45729446411133,44.45956039428711,45.064247131347656,44.8588752746582,5834562.0
2024-12-31,WDC,45.1020393371582,45.69916915893555,44.875282287597656,45.071807861328125,44.86639404296875,5206137.0
2025-01-02,WDC,45.24565505981445,47.50566864013672,45.24565505981445,46.76492691040039,46.55179977416992,6975650.0
2025-01-03,WDC,46.90098190307617,48.465606689453125,46.90098190307617,48.42781448364258,48.20710754394531,5484232.0
2025-01-06,WDC,49.357521057128906,50.99773025512695,49.33484649658203,49.6220703125,49.39591979980469,8775194.0
2025-01-07,WDC,49.780799865722656,50.36281204223633,48.9720344543457,49.032501220703125,48.80903625488281,5982209.0
2025-01-08,WDC,48.45049285888672,49.01738357543945,47.91383361816406,48.420257568359375,48.1995849609375,6107762.0
2025-01-10,WDC,47.70219039916992,48.2086181640625,46.32653045654297,47.48299407958984,47.2665901184082,6156316.0
2025-01-13,WDC,46.681785583496094,47.55857849121094,46.37944030761719,46.8783073425293,46.6646614074707,5228231.0
2025-01-14,WDC,47.21844482421875,47.77021789550781,46.795162200927734,47.42252349853515,47.206398010253906,5924923.0
2025-01-15,WDC,48.420257568359375,49.70521545410156,48.37490463256836,48.851097106933594,48.628456115722656,6624129.0
2025-01-16,WDC,48.63189697265625,49.17611312866211,47.92894744873047,48.56386947631836,48.3425407409668,7025527.0
2025-01-17,WDC,49.38019561767578,50.143611907958984,48.22373580932617,49.1609992980957,48.93694686889648,9473342.0
2025-01-21,WDC,49.60695266723633,51.54195022583008,49.34996032714844,50.967498779296875,50.73521423339844,9321329.0
2025-01-22,WDC,51.77626419067383,53.28042221069336,51.60997772216797,51.87452697753906,51.63811492919922,12357482.0
2025-01-23,WDC,51.103553771972656,52.13907623291016,50.99017333984375,51.91231918334961,51.67572784423828,9339719.0
2025-01-24,WDC,52.08616638183594,52.48677062988281,50.914588928222656,50.9523811340332,50.72016525268555,7999520.0
2025-01-27,WDC,49.59183883666992,49.59183883666992,47.57369613647461,48.677249908447266,48.45540618896485,10044348.0
2025-01-28,WDC,48.80574417114258,48.896446228027344,46.72713470458984,47.52078628540039,47.3042106628418,9649036.0
2025-01-29,WDC,48.17082214355469,48.488285064697266,47.15797424316406,47.46787643432617,47.25154495239258,14111912.0
2025-01-30,WDC,50.22675704956055,51.088436126708984,48.14814758300781,49.720333099365234,49.49373245239258,21901207.0
2025-01-31,WDC,49.28193664550781,51.36810302734375,49.00226974487305,49.229026794433594,49.00466537475586,10873605.0
2025-02-03,WDC,48.397579193115234,50.098262786865234,48.0272102355957,48.69236755371094,48.470455169677734,8414015.0
2025-02-04,WDC,48.24641036987305,49.32728576660156,47.853363037109375,48.231292724609375,48.011478424072266,6841233.0
2025-02-05,WDC,48.231292724609375,49.32728576660156,47.92894744873047,48.91912460327149,48.6961784362793,7064291.0
2025-02-06,WDC,49.06273651123047,49.48601531982422,48.49584197998047,48.73771667480469,48.515594482421875,4065844.0
2025-02-07,WDC,48.93423843383789,49.546485900878906,48.04988861083984,48.722599029541016,48.500545501708984,5050420.0
2025-02-10,WDC,49.58427810668945,52.42630386352539,49.50113296508789,52.18442916870117,51.94660568237305,13865305.0
2025-02-11,WDC,52.003021240234375,53.439151763916016,51.45124816894531,52.093727111816406,51.8563117980957,12215656.0
2025-02-12,WDC,51.56462478637695,52.1693115234375,50.113380432128906,50.85411834716797,50.62235641479492,10940549.0
2025-02-13,WDC,50.914588928222656,51.60997772216797,50.39304733276367,51.06576156616211,50.83302688598633,7400465.0
2025-02-14,WDC,51.30007553100586,52.05593490600586,50.99773025512695,51.69312286376953,51.4575309753418,7511862.0
2025-02-18,WDC,53.06878280639648,54.48979568481445,52.826908111572266,54.44444274902344,54.19631576538086,12388043.0
2025-02-19,WDC,54.16477584838867,54.61829376220703,53.801963806152344,54.04383850097656,53.79753875732422,6930271.0
2025-02-20,WDC,54.04383850097656,54.23280334472656,52.84202575683594,53.885108947753906,53.639530181884766,6119404.0
2025-02-21,WDC,54.16477584838867,54.16477584838867,51.224491119384766,51.93499755859375,51.69830322265625,11982940.0
2025-02-24,WDC,52.61000061035156,52.66999816894531,48.22999954223633,49.02000045776367,48.79659652709961,18354400.0
2025-02-25,WDC,48.709999084472656,51.130001068115234,48.709999084472656,49.06999969482422,48.84636306762695,11679700.0
2025-02-26,WDC,49.77000045776367,50.709999084472656,48.77000045776367,50.15999984741211,49.931400299072266,8546700.0
2025-02-27,WDC,50.4900016784668,51.47999954223633,48.11000061035156,48.20000076293945,47.98032760620117,9392100.0
2025-02-28,WDC,48.33000183105469,50.08000183105469,48.0,48.93000030517578,48.70700454711914,9268600.0
2025-03-03,WDC,49.540000915527344,49.83000183105469,46.5,47.0099983215332,46.79574966430664,8841500.0
2025-03-04,WDC,46.209999084472656,46.349998474121094,44.25,44.630001068115234,44.42659759521485,11765400.0
2025-03-05,WDC,44.65999984741211,44.689998626708984,43.25,44.20000076293945,43.99856185913086,7615500.0
2025-03-06,WDC,42.91999816894531,43.119998931884766,41.36000061035156,41.45000076293945,41.26108932495117,11790200.0
2025-03-07,WDC,41.4900016784668,42.47999954223633,40.40999984741211,41.70000076293945,41.50995635986328,12084700.0
2025-03-10,WDC,40.68000030517578,40.88999938964844,39.41999816894531,40.540000915527344,40.35524368286133,10563700.0
2025-03-11,WDC,40.400001525878906,42.84000015258789,40.310001373291016,41.79999923706055,41.609500885009766,9283700.0
2025-03-12,WDC,42.61000061035156,43.70000076293945,42.2599983215332,42.959999084472656,42.76421356201172,5998300.0
2025-03-13,WDC,42.56999969482422,43.040000915527344,41.709999084472656,42.029998779296875,41.83844757080078,5495100.0
2025-03-14,WDC,43.189998626708984,44.849998474121094,42.95000076293945,44.529998779296875,44.327056884765625,7882100.0
2025-03-17,WDC,44.560001373291016,45.439998626708984,44.41999816894531,44.75,44.54605484008789,5734100.0
2025-03-18,WDC,44.540000915527344,44.560001373291016,43.66999816894531,44.34000015258789,44.13792037963867,5205800.0
2025-03-19,WDC,44.369998931884766,45.43000030517578,44.150001525878906,44.900001525878906,44.695369720458984,3603100.0
2025-03-20,WDC,44.2599983215332,45.529998779296875,44.25,44.5099983215332,44.30714416503906,4910100.0
2025-03-21,WDC,43.88999938964844,44.11000061035156,43.18000030517578,43.65999984741211,43.46102142333984,7712800.0
2025-03-24,WDC,44.70000076293945,44.86000061035156,43.45000076293945,44.310001373291016,44.10805892944336,5619600.0
2025-03-25,WDC,44.09000015258789,44.279998779296875,42.540000915527344,43.38999938964844,43.19225311279297,8749500.0
2025-03-26,WDC,43.5,43.630001068115234,42.209999084472656,42.619998931884766,42.425758361816406,7243700.0
2025-03-27,WDC,42.20000076293945,42.90999984741211,41.86000061035156,41.90999984741211,41.718997955322266,4909700.0
2025-03-28,WDC,41.400001525878906,41.9900016784668,40.4900016784668,40.619998931884766,40.43487548828125,4640100.0
2025-03-31,WDC,39.790000915527344,40.5099983215332,39.099998474121094,40.43000030517578,40.24574279785156,8212200.0
2025-04-01,WDC,40.099998474121094,40.970001220703125,39.849998474121094,40.88999938964844,40.70364761352539,5292700.0
2025-04-02,WDC,40.31999969482422,42.22999954223633,40.2599983215332,41.779998779296875,41.5895881652832,5017500.0
2025-04-03,WDC,38.7599983215332,38.900001525878906,34.0099983215332,34.150001525878906,33.994361877441406,21307200.0
2025-04-04,WDC,32.709999084472656,33.099998474121094,29.760000228881836,30.540000915527344,30.400815963745117,22939100.0
2025-04-07,WDC,29.6200008392334,33.40999984741211,28.829999923706055,31.15999984741211,31.017990112304688,14472100.0
2025-04-08,WDC,32.650001525878906,34.779998779296875,30.719999313354492,31.549999237060547,31.406211853027344,17547200.0
2025-04-09,WDC,31.34000015258789,37.369998931884766,30.56999969482422,36.29999923706055,36.13456726074219,20134800.0
2025-04-10,WDC,35.79999923706055,36.119998931884766,33.709999084472656,34.869998931884766,34.71107864379883,15245500.0
2025-04-11,WDC,34.36000061035156,35.06999969482422,33.41999816894531,34.400001525878906,34.243228912353516,8654100.0
2025-04-14,WDC,36.459999084472656,36.619998931884766,35.279998779296875,35.81999969482422,35.65675735473633,9947400.0
2025-04-15,WDC,35.810001373291016,36.33000183105469,35.47999954223633,35.93000030517578,35.7662467956543,6199500.0
2025-04-16,WDC,35.790000915527344,36.25,35.0,35.619998931884766,35.45766067504883,7265300.0
2025-04-17,WDC,36.18000030517578,36.70000076293945,35.5099983215332,36.5099983215332,36.343605041503906,7393300.0
2025-04-21,WDC,36.09000015258789,36.279998779296875,35.5099983215332,35.959999084472656,35.79610824584961,6676600.0
2025-04-22,WDC,36.36000061035156,37.0,35.97999954223633,36.68000030517578,36.51283264160156,5086900.0
2025-04-23,WDC,38.33000183105469,39.099998474121094,37.470001220703125,37.70000076293945,37.52818298339844,5526000.0
2025-04-24,WDC,38.22999954223633,40.36000061035156,38.189998626708984,40.16999816894531,39.98692321777344,5943900.0
2025-04-25,WDC,40.20000076293945,41.06999969482422,39.900001525878906,40.779998779296875,40.59414291381836,4158500.0
2025-04-28,WDC,40.59000015258789,41.130001068115234,40.18000030517578,40.90999984741211,40.72355651855469,5916400.0
2025-04-29,WDC,40.709999084472656,41.25,40.59000015258789,40.619998931884766,40.43487548828125,6871700.0
2025-04-30,WDC,42.97999954223633,44.06999969482422,41.83000183105469,43.86000061035156,43.66011047363281,15906000.0
2025-05-01,WDC,44.70000076293945,45.150001525878906,43.86000061035156,43.95000076293945,43.749698638916016,9378300.0
2025-05-02,WDC,44.9900016784668,45.380001068115234,44.47999954223633,44.689998626708984,44.486324310302734,8263300.0
2025-05-05,WDC,43.95000076293945,45.61000061035156,43.95000076293945,45.029998779296875,44.82477569580078,7522000.0
2025-05-06,WDC,44.58000183105469,44.90999984741211,44.11000061035156,44.290000915527344,44.088157653808594,4952400.0
2025-05-07,WDC,44.40999984741211,44.65999984741211,43.599998474121094,44.29999923706055,44.098106384277344,7564600.0
2025-05-08,WDC,44.95000076293945,45.130001068115234,44.16999816894531,44.29999923706055,44.098106384277344,5320500.0
2025-05-09,WDC,44.65999984741211,45.22999954223633,43.880001068115234,44.099998474121094,43.899017333984375,4960100.0
2025-05-12,WDC,46.880001068115234,47.4900016784668,46.400001525878906,46.56999969482422,46.35776138305664,6957400.0
2025-05-13,WDC,47.04999923706055,49.869998931884766,46.68000030517578,49.0099983215332,48.78664016723633,8113500.0
2025-05-14,WDC,48.83000183105469,49.84000015258789,48.58000183105469,49.20000076293945,48.975772857666016,8649600.0
2025-05-15,WDC,49.16999816894531,49.77000045776367,48.810001373291016,49.75,49.52326583862305,8249400.0
2025-05-16,WDC,50.0,50.27000045776367,49.540000915527344,49.9900016784668,49.762176513671875,4955600.0
2025-05-19,WDC,49.060001373291016,50.79999923706055,49.02000045776367,50.720001220703125,50.48884582519531,5283200.0
2025-05-20,WDC,50.720001220703125,51.59000015258789,50.349998474121094,50.630001068115234,50.39925765991211,4930400.0
2025-05-21,WDC,50.130001068115234,51.2599983215332,49.33000183105469,49.4900016784668,49.26445388793945,7278800.0
2025-05-22,WDC,49.560001373291016,51.09000015258789,49.279998779296875,49.84000015258789,49.61285781860352,5802900.0
2025-05-23,WDC,49.220001220703125,50.38999938964844,49.0,50.18000030517578,49.9513053894043,5763200.0
2025-05-27,WDC,51.06999969482422,51.9900016784668,50.619998931884766,51.81999969482422,51.58382797241211,6374500.0
2025-05-28,WDC,51.77000045776367,52.790000915527344,51.63999938964844,52.349998474121094,52.11141586303711,6782100.0
2025-05-29,WDC,53.220001220703125,53.349998474121094,51.9900016784668,52.54999923706055,52.310508728027344,4570900.0
2025-05-30,WDC,52.029998779296875,52.40999984741211,51.25,51.54999923706055,51.315059661865234,7402800.0
2025-06-02,WDC,51.43000030517578,52.40999984741211,51.16999816894531,52.189998626708984,51.9521484375,4214600.0
2025-06-03,WDC,52.34000015258789,53.91999816894531,51.880001068115234,53.77000045776367,53.52494812011719,5635300.0
2025-06-04,WDC,54.0,54.7599983215332,53.470001220703125,54.43000030517578,54.28289413452149,4739600.0
2025-06-05,WDC,54.880001068115234,55.61000061035156,54.220001220703125,55.04999923706055,54.901214599609375,10981500.0
2025-06-06,WDC,55.90999984741211,56.75,55.41999816894531,55.45000076293945,55.30013275146485,5952100.0
2025-06-09,WDC,56.529998779296875,57.459999084472656,56.08000183105469,57.02000045776367,56.86589050292969,6549900.0
2025-06-10,WDC,57.20000076293945,57.38999938964844,55.56999969482422,55.95000076293945,55.79878616333008,7168100.0
2025-06-11,WDC,56.40999984741211,56.84000015258789,55.18000030517578,55.66999816894531,55.51953887939453,4411400.0
2025-06-12,WDC,55.279998779296875,56.04999923706055,55.130001068115234,55.779998779296875,55.62924575805664,3608800.0
2025-06-13,WDC,54.849998474121094,56.27000045776367,54.599998474121094,55.70000076293945,55.549461364746094,10554500.0
2025-06-16,WDC,56.4900016784668,57.689998626708984,56.27000045776367,57.40999984741211,57.25483703613281,5552500.0
2025-06-17,WDC,58.08000183105469,60.59000015258789,57.880001068115234,58.56999969482422,58.41170501708984,9616500.0
2025-06-18,WDC,58.689998626708984,59.93000030517578,58.529998779296875,59.189998626708984,59.030025482177734,6647400.0
2025-06-20,WDC,59.880001068115234,59.939998626708984,58.970001220703125,59.290000915527344,59.1297607421875,9426300.0
2025-06-23,WDC,59.0,60.5099983215332,58.65999984741211,60.380001068115234,60.21681213378906,4627000.0
2025-06-24,WDC,60.790000915527344,62.31999969482422,60.56999969482422,62.06999969482422,61.90224075317383,6021000.0
2025-06-25,WDC,62.529998779296875,62.88999938964844,62.130001068115234,62.54999923706055,62.38094711303711,4530300.0
2025-06-26,WDC,62.650001525878906,63.7599983215332,62.529998779296875,63.5099983215332,63.338348388671875,5930300.0
2025-06-27,WDC,63.5099983215332,63.65999984741211,62.650001525878906,63.290000915527344,63.11894607543945,6642300.0
2025-06-30,WDC,63.599998474121094,64.33999633789062,63.11000061035156,63.9900016784668,63.81705474853515,6074400.0
2025-07-01,WDC,63.68000030517578,64.20999908447266,62.939998626708984,63.84000015258789,63.66746139526367,5360800.0
2025-07-02,WDC,63.63999938964844,65.93000030517578,63.0099983215332,65.77999877929688,65.60221099853516,7125000.0
2025-07-03,WDC,65.93000030517578,66.83000183105469,65.7699966430664,66.08000183105469,65.90141296386719,5162100.0
2025-07-07,WDC,65.80000305175781,66.12999725341797,64.95999908447266,65.22000122070312,65.04373168945312,6232200.0
2025-07-08,WDC,65.93000030517578,66.0,63.66999816894531,64.0199966430664,63.84696578979492,8355200.0
2025-07-09,WDC,64.33999633789062,65.12000274658203,64.16000366210938,64.63999938964844,64.46529388427734,8534200.0
2025-07-10,WDC,64.95999908447266,65.61000061035156,64.58000183105469,65.05999755859375,64.88416290283203,3916700.0
2025-07-11,WDC,64.75,66.62999725341797,64.2300033569336,66.13999938964844,65.96123504638672,5339200.0
2025-07-14,WDC,66.04000091552734,67.3499984741211,65.23999786376953,66.93000030517578,66.74909973144531,5100300.0
2025-07-15,WDC,67.94999694824219,68.05999755859375,67.16999816894531,67.52999877929688,67.34748840332031,6334700.0
2025-07-16,WDC,67.52999877929688,67.5999984741211,65.80000305175781,66.52999877929688,66.35018157958984,4780100.0
2025-07-17,WDC,66.51000213623047,67.68000030517578,66.3499984741211,67.0199966430664,66.83885955810547,6211300.0
2025-07-18,WDC,67.86000061035156,68.5199966430664,67.2699966430664,68.0,67.81621551513672,4275300.0
2025-07-21,WDC,68.19000244140625,68.7699966430664,67.69999694824219,68.73999786376953,68.5542221069336,4128000.0
2025-07-22,WDC,68.52999877929688,68.7699966430664,66.04000091552734,67.05999755859375,66.87875366210938,5096700.0
2025-07-23,WDC,67.61000061035156,69.5999984741211,67.58000183105469,69.31999969482422,69.13264465332031,7210600.0
2025-07-24,WDC,69.19999694824219,69.62000274658203,68.33999633789062,69.0199966430664,68.83345031738281,8054300.0
2025-07-25,WDC,69.25,69.72000122070312,66.51000213623047,68.81999969482422,68.63400268554688,7880400.0
2025-07-28,WDC,69.4000015258789,69.62000274658203,68.66999816894531,68.98999786376953,68.80354309082031,4508800.0
2025-07-29,WDC,69.44999694824219,71.30999755859375,69.41000366210938,70.61000061035156,70.4191665649414,8861400.0
2025-07-30,WDC,69.44999694824219,71.80999755859375,69.30000305175781,71.43000030517578,71.23694610595703,13984000.0
2025-07-31,WDC,74.25,78.80000305175781,73.25,78.69000244140625,78.47733306884766,24012700.0
2025-08-01,WDC,75.70999908447266,77.0199966430664,74.48999786376953,76.55000305175781,76.34310913085938,8789800.0
2025-08-04,WDC,77.7699966430664,78.0199966430664,76.05000305175781,77.29000091552734,77.08111572265625,5097400.0
2025-08-05,WDC,77.94000244140625,78.20999908447266,74.20999908447266,75.83999633789062,75.63502502441406,5898200.0
2025-08-06,WDC,75.93000030517578,76.45999908447266,73.51000213623047,73.77999877929688,73.58059692382812,7647000.0
2025-08-07,WDC,73.70999908447266,74.61000061035156,73.44000244140625,74.44000244140625,74.23880767822266,6938300.0
2025-08-08,WDC,74.93000030517578,75.80000305175781,74.48999786376953,74.97000122070312,74.76737976074219,4983600.0
2025-08-11,WDC,75.31999969482422,76.66999816894531,74.37000274658203,74.63999938964844,74.43827056884766,7304300.0
2025-08-12,WDC,74.9000015258789,75.93000030517578,74.62000274658203,75.91000366210938,75.70484161376953,7694700.0
2025-08-13,WDC,76.27999877929688,77.18000030517578,75.66999816894531,76.06999969482422,75.86439514160156,5298600.0
2025-08-14,WDC,75.27999877929688,76.61000061035156,74.72000122070312,76.23999786376953,76.03394317626953,6621400.0
2025-08-15,WDC,76.5,76.58000183105469,74.54000091552734,75.05999755859375,74.85713958740234,4258400.0
2025-08-18,WDC,74.79000091552734,76.41999816894531,74.62999725341797,76.29000091552734,76.08380889892578,5191900.0
2025-08-19,WDC,75.9000015258789,76.45999908447266,75.11000061035156,75.86000061035156,75.65496826171875,3770800.0
2025-08-20,WDC,75.68000030517578,75.68000030517578,73.13999938964844,75.63999938964844,75.4355697631836,5478100.0
2025-08-21,WDC,75.75,76.0,74.41999816894531,74.66000366210938,74.4582290649414,5490400.0
2025-08-22,WDC,74.77999877929688,77.3499984741211,74.56999969482422,76.97000122070312,76.76197814941406,6521300.0
2025-08-25,WDC,76.97000122070312,79.83999633789062,76.69999694824219,79.22000122070312,79.00589752197266,5401400.0
2025-08-26,WDC,79.0999984741211,80.30000305175781,79.0999984741211,79.70999908447266,79.49456024169922,8724600.0
2025-08-27,WDC,80.25,80.80000305175781,79.55000305175781,80.66999816894531,80.45197296142578,5536600.0
2025-08-28,WDC,80.9000015258789,82.16000366210938,80.69999694824219,82.04000091552734,81.81827545166016,4557500.0
2025-08-29,WDC,81.56999969482422,82.31999969482422,79.80000305175781,80.33999633789062,80.12286376953125,5004400.0
2025-09-02,WDC,78.5199966430664,81.94000244140625,77.9000015258789,81.91000366210938,81.68862915039062,5777800.0
2025-09-03,WDC,84.0999984741211,86.27999877929688,83.33999633789062,86.0,85.76757049560547,12194800.0
2025-09-04,WDC,86.38999938964844,90.9000015258789,85.91999816894531,90.48999786376952,90.3504867553711,13542500.0
2025-09-05,WDC,92.48999786376952,93.0999984741211,91.43000030517578,92.04000091552734,91.89810180664062,20310400.0
2025-09-08,WDC,92.54000091552734,93.5,91.6500015258789,93.29000091552734,93.14617156982422,8499400.0
2025-09-09,WDC,93.0,95.37000274658205,92.6999969482422,94.54000091552734,94.3942413330078,7195000.0
2025-09-10,WDC,95.88999938964844,96.18000030517578,93.91999816894533,95.0199966430664,94.87350463867188,8398400.0
2025-09-11,WDC,96.87000274658205,97.77999877929688,94.41000366210938,96.1500015258789,96.00176239013672,6985100.0
2025-09-12,WDC,96.20999908447266,98.86000061035156,95.9800033569336,97.66000366210938,97.50943756103516,6753100.0
2025-09-15,WDC,100.4499969482422,103.77999877929688,100.0,102.38999938964844,102.23213958740234,12523300.0
2025-09-16,WDC,102.52999877929688,103.9800033569336,101.44000244140624,103.08999633789062,102.93106079101562,8734900.0
2025-09-17,WDC,102.2300033569336,102.4000015258789,99.72000122070312,100.94000244140624,100.78438568115234,8787600.0
2025-09-18,WDC,102.45999908447266,106.11000061035156,102.0,105.1500015258789,104.9878921508789,10389100.0
2025-09-19,WDC,105.87999725341795,107.18000030517578,105.31999969482422,106.62999725341795,106.46560668945312,11030700.0
2025-09-22,WDC,107.20999908447266,112.83000183105467,107.20999908447266,112.41000366210938,112.23670196533205,9686300.0
2025-09-23,WDC,112.4800033569336,113.76000213623048,109.4000015258789,110.25,110.08002471923828,7375500.0
2025-09-24,WDC,110.83999633789062,112.80999755859376,108.91000366210938,109.69000244140624,109.52088928222656,8412700.0
2025-09-25,WDC,106.62000274658205,108.6999969482422,106.29000091552734,107.20999908447266,107.04471588134766,8499400.0
2025-09-26,WDC,107.47000122070312,108.05999755859376,105.41999816894533,106.87999725341795,106.7152099609375,5520000.0
2025-09-29,WDC,112.0199966430664,118.13999938964844,111.83000183105467,116.73999786376952,116.56002044677734,14023900.0
2025-09-30,WDC,117.80999755859376,122.58999633789062,117.4499969482422,120.05999755859376,119.8749008178711,13861700.0
2025-10-01,WDC,118.18000030517578,131.1199951171875,117.51000213623048,130.58999633789062,130.38865661621094,18540400.0
2025-10-02,WDC,136.00999450683594,137.39999389648438,128.42999267578125,131.25999450683594,131.05763244628906,15306200.0
2025-10-03,WDC,131.74000549316406,136.22000122070312,129.92999267578125,131.30999755859375,131.10755920410156,8465900.0
2025-10-06,WDC,135.0,136.1999969482422,124.94000244140624,125.27999877929688,125.08685302734376,13060300.0
2025-10-07,WDC,127.47000122070312,127.63999938964844,117.80999755859376,119.93000030517578,119.74510192871094,13674300.0
2025-10-08,WDC,120.7699966430664,123.3000030517578,119.41000366210938,121.18000030517578,120.99317169189452,7191700.0
2025-10-09,WDC,119.77999877929688,120.83999633789062,118.0,119.6999969482422,119.51544952392578,6234300.0
2025-10-10,WDC,120.0,121.9499969482422,115.02999877929688,115.41999816894533,115.24205780029295,7046200.0
2025-10-13,WDC,122.25,122.55999755859376,116.01000213623048,118.86000061035156,118.67674255371094,8388900.0
2025-10-14,WDC,116.11000061035156,117.27999877929688,112.5199966430664,113.12999725341795,112.95558166503906,7844200.0
2025-10-15,WDC,116.6999969482422,120.63999938964844,113.5,120.44000244140624,120.25431823730467,9943300.0
2025-10-16,WDC,123.2699966430664,130.39999389648438,122.4000015258789,125.91999816894533,125.72586059570312,13878600.0
2025-10-17,WDC,124.87000274658205,129.1199951171875,123.4499969482422,126.1999969482422,126.00543212890624,6868400.0
2025-10-20,WDC,128.94000244140625,132.0,119.8499984741211,121.52999877929688,121.3426284790039,10172200.0
2025-10-21,WDC,121.47000122070312,121.98999786376952,119.5999984741211,121.41000366210938,121.22281646728516,4594400.0
2025-10-22,WDC,121.16999816894533,125.12000274658205,117.2300033569336,120.47000122070312,120.28427124023438,9033800.0
2025-10-23,WDC,121.9499969482422,126.72000122070312,121.72000122070312,125.72000122070312,125.5261688232422,7263500.0
2025-10-24,WDC,129.39999389648438,133.5399932861328,129.02999877929688,129.42999267578125,129.23043823242188,6546400.0
2025-10-27,WDC,133.0,133.10000610351562,123.22000122070312,126.66999816894533,126.47470092773438,7249300.0
2025-10-28,WDC,126.6999969482422,126.81999969482422,121.8499984741211,124.91999816894533,124.72740936279295,7031900.0
2025-10-29,WDC,131.42999267578125,145.67999267578125,131.25,141.3800048828125,141.16204833984375,18267300.0
2025-10-30,WDC,137.75999450683594,142.0,135.00999450683594,138.1300048828125,137.9170379638672,13870700.0
2025-10-31,WDC,155.5,157.64999389648438,140.14999389648438,150.2100067138672,149.97842407226562,20139900.0
2025-11-03,WDC,152.07000732421875,160.2100067138672,148.0500030517578,158.02000427246094,157.77638244628906,13275400.0
2025-11-04,WDC,151.33999633789062,155.17999267578125,150.02000427246094,152.17999267578125,151.94537353515625,8870900.0
2025-11-05,WDC,153.1999969482422,165.38999938964844,152.97999572753906,160.10000610351562,159.85317993164062,9749000.0
2025-11-06,WDC,159.99000549316406,167.5,159.8000030517578,163.60000610351562,163.3477783203125,8419200.0
2025-11-07,WDC,159.75999450683594,163.24000549316406,152.80999755859375,162.9600067138672,162.70877075195312,9652800.0
2025-11-10,WDC,169.97000122070312,176.22999572753906,169.32000732421875,174.22000122070312,173.95140075683594,11230700.0
2025-11-11,WDC,171.5500030517578,178.4499969482422,169.63999938964844,169.99000549316406,169.72793579101562,9244000.0
2025-11-12,WDC,169.72999572753906,175.6199951171875,165.02999877929688,166.11000061035156,165.85389709472656,9868300.0
2025-11-13,WDC,162.4499969482422,164.8800048828125,154.77999877929688,157.16000366210938,156.91770935058594,10238600.0
2025-11-14,WDC,150.5800018310547,161.67999267578125,150.0800018310547,157.8300018310547,157.586669921875,9677800.0
2025-11-17,WDC,155.50999450683594,167.49000549316406,155.50999450683594,162.4499969482422,162.19955444335938,8774200.0
2025-11-18,WDC,158.36000061035156,161.32000732421875,150.75,152.86000061035156,152.62432861328125,9321300.0
2025-11-19,WDC,152.86000061035156,156.63999938964844,150.0800018310547,153.97000122070312,153.7326202392578,6499100.0
2025-11-20,WDC,162.67999267578125,163.77999877929688,137.6300048828125,140.22999572753906,140.01380920410156,11373600.0
2025-11-21,WDC,140.5399932861328,141.49000549316406,132.42999267578125,139.19000244140625,138.97540283203125,11191100.0
2025-11-24,WDC,142.5500030517578,152.6999969482422,142.5500030517578,150.92999267578125,150.69729614257812,10818400.0
2025-11-25,WDC,150.0,156.00999450683594,147.6999969482422,155.41000366210938,155.17041015625,5467700.0
2025-11-26,WDC,156.97999572753906,161.30999755859375,156.36000061035156,157.74000549316406,157.496826171875,4853800.0
2025-11-28,WDC,160.0,163.6699981689453,156.7899932861328,163.3300018310547,163.07818603515625,3232100.0
2025-12-01,WDC,160.1999969482422,165.25,157.22999572753906,163.5399932861328,163.28785705566406,7882200.0
2025-12-02,WDC,167.0,169.72000122070312,156.27000427246094,159.99000549316406,159.74334716796875,7657400.0
2025-12-03,WDC,159.52000427246094,159.5500030517578,151.4199981689453,155.58999633789062,155.35012817382812,6756400.0
2025-12-04,WDC,154.91000366210938,161.52999877929688,153.00999450683594,161.0,160.8810272216797,6303300.0
2025-12-05,WDC,162.0,169.47000122070312,162.0,168.88999938964844,168.76519775390625,5815300.0
2025-12-08,WDC,170.92999267578125,173.0,166.75,169.77999877929688,169.654541015625,4272200.0
2025-12-09,WDC,169.6999969482422,171.85000610351562,166.8800048828125,169.5399932861328,169.4147186279297,3709900.0
2025-12-10,WDC,169.7100067138672,182.47000122070312,168.89999389648438,181.9499969482422,181.8155517578125,7966000.0
2025-12-11,WDC,176.82000732421875,188.77000427246097,173.4499969482422,187.1999969482422,187.06167602539065,7468900.0
2025-12-12,WDC,184.33999633789065,185.82000732421875,170.02000427246094,176.33999633789062,176.20968627929688,9677900.0
2025-12-15,WDC,178.2899932861328,180.97999572753903,171.82000732421875,172.0399932861328,171.91287231445312,5781900.0
2025-12-16,WDC,172.0800018310547,177.3800048828125,170.74000549316406,174.5800018310547,174.4510040283203,5857000.0
2025-12-17,WDC,179.89999389648438,181.6699981689453,165.47000122070312,166.25999450683594,166.1371307373047,6693100.0
2025-12-18,WDC,174.8000030517578,181.4900054931641,174.42999267578125,175.00999450683594,174.88067626953125,9147100.0
2025-12-19,WDC,176.8300018310547,185.27000427246097,175.67999267578125,181.0800018310547,180.9461975097656,36269600.0
2025-12-22,WDC,186.47000122070312,187.17999267578125,171.85000610351562,176.75999450683594,176.62937927246094,8685200.0
2025-12-23,WDC,175.52000427246094,178.39999389648438,174.5,178.25,178.11830139160156,3721100.0
2025-12-24,WDC,179.2100067138672,182.5500030517578,177.77999877929688,179.55999755859375,179.4273223876953,3067000.0
2025-12-26,WDC,182.30999755859375,182.52000427246097,178.19000244140625,181.5399932861328,181.4058380126953,3351600.0
2025-12-29,WDC,179.0,184.77000427246097,176.6999969482422,179.67999267578125,179.54722595214844,3906300.0
2025-12-30,WDC,180.27000427246097,181.4600067138672,175.25999450683594,176.05999755859375,175.92990112304688,6008000.0
2025-12-31,WDC,176.77000427246094,177.0,171.25999450683594,172.27000427246094,172.14271545410156,3552200.0
2026-01-02,WDC,177.1999969482422,187.77000427246097,176.6999969482422,187.6999969482422,187.5612945556641,6808300.0
2026-01-05,WDC,193.1699981689453,195.86000061035156,182.8000030517578,187.8800048828125,187.74118041992188,9826700.0
2026-01-06,WDC,189.6199951171875,221.22999572753903,188.36000061035156,219.3800048828125,219.2178955078125,17178400.0
2026-01-07,WDC,211.9900054931641,212.8500061035156,195.1199951171875,199.8800048828125,199.7322998046875,14305000.0
2026-01-08,WDC,200.5099945068359,200.8999938964844,180.6999969482422,187.67999267578125,187.54132080078125,11902300.0
2026-01-09,WDC,187.8500061035156,200.9199981689453,186.0,200.4600067138672,200.31187438964844,9887700.0
2026-01-12,WDC,193.5,213.42999267578125,193.5,212.13999938964844,211.98324584960935,7465400.0
2026-01-13,WDC,209.2599945068359,218.0,208.47999572753903,214.0,213.8418731689453,6485600.0
2026-01-14,WDC,214.0,218.52000427246097,210.13999938964844,215.0,214.84112548828125,5611900.0
2026-01-15,WDC,223.8999938964844,230.47999572753903,221.0,222.1000061035156,221.93589782714844,7536200.0
2026-01-16,WDC,228.7899932861328,229.9900054931641,216.8300018310547,221.5099945068359,221.3463134765625,8972800.0
2026-01-20,WDC,220.8000030517578,230.27000427246097,220.0,222.97000122070312,222.8052520751953,7125400.0
2026-01-21,WDC,228.0099945068359,244.8999938964844,226.1000061035156,241.8999938964844,241.72125244140625,9447100.0
2026-01-22,WDC,246.7100067138672,247.94000244140625,228.3500061035156,243.2899932861328,243.11021423339844,8926900.0
2026-01-23,WDC,240.75,243.25,232.1999969482422,236.38999938964844,236.21533203125,6115700.0
2026-01-26,WDC,236.1000061035156,250.44000244140625,234.32000732421875,240.8500061035156,240.6720428466797,7128300.0
2026-01-27,WDC,244.08999633789065,256.5,243.6999969482422,252.66000366210935,252.4733123779297,7483000.0
2026-01-28,WDC,263.45001220703125,284.0,260.79998779296875,279.70001220703125,279.4933166503906,16090500.0
2026-01-29,WDC,285.0,285.4200134277344,268.3500061035156,278.4100036621094,278.20428466796875,15770500.0
2026-01-30,WDC,278.239990234375,283.70001220703125,237.5800018310547,250.22999572753903,250.04510498046875,21695100.0
2026-02-02,WDC,243.7599945068359,275.70001220703125,241.3699951171875,270.2300109863281,270.03033447265625,16019300.0
2026-02-03,WDC,279.510009765625,296.5,271.70001220703125,290.239990234375,290.0255126953125,15378400.0
2026-02-04,WDC,285.3699951171875,294.989990234375,254.3300018310547,269.4100036621094,269.2109375,14795800.0
2026-02-05,WDC,256.07000732421875,269.8800048828125,254.91000366210935,260.19000244140625,259.99774169921875,10663900.0
2026-02-06,WDC,270.489990234375,283.92999267578125,262.0,282.5799865722656,282.3711853027344,9913300.0
2026-02-09,WDC,279.7900085449219,295.42999267578125,271.5299987792969,285.989990234375,285.7786865234375,8044900.0
2026-02-10,WDC,280.0299987792969,283.82000732421875,260.75,262.55999755859375,262.3659973144531,9560700.0
2026-02-11,WDC,275.0799865722656,279.7900085449219,266.3399963378906,273.739990234375,273.5377197265625,9362700.0
2026-02-12,WDC,285.0,307.5,283.0,284.1000061035156,283.8901062011719,16651700.0
2026-02-13,WDC,273.0899963378906,289.6600036621094,266.4599914550781,281.5799865722656,281.3719177246094,9901700.0
2026-02-17,WDC,277.3599853515625,288.3399963378906,272.0,284.1099853515625,283.9000549316406,5524200.0
2026-02-18,WDC,289.0,309.8999938964844,284.7900085449219,296.55999755859375,296.3408508300781,12173000.0
2026-02-19,WDC,295.0299987792969,299.5199890136719,281.67999267578125,284.6700134277344,284.4596862792969,10399800.0
2026-02-20,WDC,278.0400085449219,297.5,278.0400085449219,285.5199890136719,285.30902099609375,10510500.0
2026-02-23,WDC,283.6199951171875,294.82000732421875,278.17999267578125,280.4200134277344,280.2127990722656,8617300.0
2026-02-24,WDC,281.94000244140625,284.0,267.8500061035156,270.57000732421875,270.3700866699219,8679700.0
2026-02-25,WDC,280.5,297.55999755859375,280.1400146484375,290.95001220703125,290.7350158691406,10801200.0
2026-02-26,WDC,286.1499938964844,290.0,270.55999755859375,282.25,282.04144287109375,10841400.0
2026-02-27,WDC,275.79998779296875,287.8299865722656,274.1000061035156,279.70001220703125,279.4933166503906,9899000.0
2026-03-02,WDC,270.5,283.9200134277344,261.5,270.0799865722656,269.8804016113281,7408700.0
2026-03-03,WDC,254.57000732421875,257.0400085449219,244.2400054931641,250.61000061035156,250.42481994628903,9983000.0
2026-03-04,WDC,257.0,272.760009765625,254.1000061035156,261.29998779296875,261.1069030761719,9724800.0
2026-03-05,WDC,257.04998779296875,269.6099853515625,251.6699981689453,259.0299987792969,258.9624938964844,6296300.0
2026-03-06,WDC,249.97999572753903,259.1600036621094,244.1999969482422,245.25,245.1860809326172,6352700.0
2026-03-09,WDC,239.19000244140625,262.1600036621094,238.0,262.05999755859375,261.99169921875,10377400.0
2026-03-10,WDC,268.45001220703125,280.75,265.6499938964844,266.2200012207031,266.1506042480469,9668000.0
2026-03-11,WDC,269.79998779296875,273.0,263.760009765625,268.80999755859375,268.73992919921875,5672200.0
2026-03-12,WDC,265.6600036621094,268.79998779296875,257.29998779296875,261.17999267578125,261.1119079589844,5426400.0
2026-03-13,WDC,265.9800109863281,278.44000244140625,265.3399963378906,272.2900085449219,272.2190246582031,8201200.0
2026-03-16,WDC,282.7900085449219,289.8699951171875,278.7699890136719,286.2099914550781,286.1353759765625,8565000.0
2026-03-17,WDC,288.32000732421875,314.9200134277344,284.7200012207031,313.80999755859375,313.72821044921875,14247500.0
2026-03-18,WDC,309.54998779296875,319.6199951171875,300.6000061035156,304.8999938964844,304.8205261230469,12453900.0
2026-03-19,WDC,292.07000732421875,319.20001220703125,289.0299987792969,316.92999267578125,316.8473815917969,9092000.0
2026-03-20,WDC,309.5199890136719,312.989990234375,291.17999267578125,293.1000061035156,293.02362060546875,12877100.0
2026-03-23,WDC,298.6099853515625,316.92999267578125,283.1600036621094,294.7900085449219,294.7131652832031,8990500.0
2026-03-24,WDC,294.5199890136719,301.3500061035156,280.20001220703125,301.04998779296875,300.9715270996094,7194700.0
2026-03-25,WDC,292.0,300.7200012207031,280.75,296.1400146484375,296.0628356933594,7642100.0
2026-03-26,WDC,286.7900085449219,291.80999755859375,272.8299865722656,273.3500061035156,273.27874755859375,9726800.0
2026-03-27,WDC,274.8999938964844,282.5,270.0,275.3399963378906,275.2682189941406,6956000.0
2026-03-30,WDC,282.42999267578125,286.8699951171875,249.05999755859375,251.6699981689453,251.6044006347656,9063600.0
2026-03-31,WDC,259.0,271.0899963378906,254.5,270.489990234375,270.41949462890625,8781900.0
2026-04-01,WDC,280.5,304.95001220703125,280.5,297.7300109863281,297.65240478515625,12920000.0
2026-04-02,WDC,278.1700134277344,298.1499938964844,278.0,294.9700012207031,294.89312744140625,7860400.0
2026-04-06,WDC,303.17999267578125,311.5899963378906,299.1400146484375,304.1499938964844,304.0707092285156,8532200.0
2026-04-07,WDC,297.8299865722656,312.20001220703125,295.7300109863281,311.9599914550781,311.8786926269531,5891600.0
2026-04-08,WDC,335.0,348.0,331.6600036621094,338.7799987792969,338.6916809082031,9163500.0
2026-04-09,WDC,343.8800048828125,345.1000061035156,329.5,337.8800048828125,337.79193115234375,6391800.0
2026-04-10,WDC,343.95001220703125,349.75,330.0,343.42999267578125,343.3404846191406,6122600.0
2026-04-13,WDC,341.54998779296875,351.8699951171875,339.5,350.1600036621094,350.0687255859375,5429400.0
2026-04-14,WDC,358.75,366.2999877929687,341.5,366.2200012207031,366.1245422363281,7301100.0
2026-04-15,WDC,362.0,365.489990234375,351.6099853515625,365.0,364.9048767089844,6438800.0
2026-04-16,WDC,362.510009765625,368.3999938964844,353.1099853515625,361.69000244140625,361.5957336425781,5887400.0
2026-04-17,WDC,370.3500061035156,378.9800109863281,366.1799926757813,372.5199890136719,372.4228820800781,5627500.0
2026-04-20,WDC,375.989990234375,380.6499938964844,366.3999938964844,374.1099853515625,374.0124816894531,5410700.0
2026-04-21,WDC,377.0,389.7099914550781,369.5,383.80999755859375,383.7099609375,6125700.0
2026-04-22,WDC,398.5700073242187,402.0,381.760009765625,389.1000061035156,388.99859619140625,7001900.0
2026-04-23,WDC,387.0,416.3699951171875,385.80999755859375,403.1199951171875,403.0149230957031,6774800.0
2026-04-24,WDC,410.1099853515625,414.5,400.0499877929687,404.0,403.8946838378906,5603000.0
2026-04-27,WDC,411.7300109863281,414.0,396.2799987792969,400.7300109863281,400.62554931640625,5788200.0
2026-04-28,WDC,384.1799926757813,396.3299865722656,374.0199890136719,390.989990234375,390.8880920410156,7285500.0
2026-04-29,WDC,424.3500061035156,441.989990234375,410.0499877929687,412.760009765625,412.6524353027344,10458100.0
2026-04-30,WDC,427.1300048828125,438.8599853515625,422.0,434.5199890136719,434.40673828125,11700600.0
2026-05-01,WDC,406.2200012207031,446.6199951171875,404.0,431.5199890136719,431.4075012207031,15485300.0
2026-05-04,WDC,430.7300109863281,453.8299865722656,428.510009765625,442.3599853515625,442.24468994140625,10175700.0
2026-05-05,WDC,455.7999877929687,480.1099853515625,455.19000244140625,465.260009765625,465.13873291015625,9794500.0
2026-05-06,WDC,472.0,483.8699951171875,448.989990234375,483.1499938964844,483.0240478515625,8338900.0
2026-05-07,WDC,472.0199890136719,475.5700073242187,450.2799987792969,463.9100036621094,463.7890930175781,7162900.0
2026-05-08,WDC,475.05999755859375,483.6600036621094,469.3200073242187,480.0,479.8748779296875,7929800.0
2026-05-11,WDC,489.0299987792969,525.1500244140625,488.0,515.8300170898438,515.695556640625,10022600.0
2026-05-12,WDC,497.8500061035156,508.6000061035156,466.7999877929687,488.739990234375,488.6126098632813,7773000.0
2026-05-13,WDC,503.3200073242187,503.6600036621094,475.3699951171875,494.0899963378906,493.9612121582031,5772800.0
2026-05-14,WDC,484.760009765625,507.9700012207031,480.3399963378906,489.1499938964844,489.0224914550781,5540900.0
2026-05-15,WDC,470.75,486.4100036621094,465.0,482.0199890136719,481.8943481445313,7014400.0
2026-05-18,WDC,485.3399963378906,487.0,441.6700134277344,458.6799926757813,458.5604248046875,8996700.0
2026-05-19,WDC,441.7000122070313,464.2300109863281,434.0,455.7999877929687,455.6811828613281,5891600.0
2026-05-20,WDC,469.3800048828125,469.6499938964844,456.1799926757813,459.6199951171875,459.5001831054687,5311700.0
2026-05-21,WDC,458.9299926757813,487.2900085449219,458.8699951171875,486.4599914550781,486.3331909179687,5046800.0
2026-05-22,WDC,488.4299926757813,489.989990234375,478.5499877929687,484.2799987792969,484.1537780761719,4492800.0
2026-05-26,WDC,504.8299865722656,536.1199951171875,500.5,524.6500244140625,524.5132446289062,7552500.0
2026-05-27,WDC,538.969970703125,546.6799926757812,521.7000122070312,530.5999755859375,530.461669921875,6263200.0
2026-05-28,WDC,540.510009765625,553.5,527.4299926757812,531.1799926757812,531.0415649414062,6002800.0
2026-05-29,WDC,542.2999877929688,544.260009765625,518.6799926757812,531.2100219726562,531.071533203125,8383500.0
2026-06-01,WDC,536.0,564.1400146484375,534.27001953125,546.2000122070312,546.0576171875,6240900.0
2026-06-02,WDC,559.0,571.1799926757812,541.0,563.0999755859375,562.9531860351562,5029100.0
2026-06-03,WDC,571.25,602.5399780273438,571.25,594.1099853515625,593.9551391601562,7846100.0
2026-06-04,WDC,566.010009765625,594.0,564.5599975585938,575.5,575.3499755859375,6488200.0
2026-06-05,WDC,545.25,554.1599731445312,511.3299865722656,511.7200012207031,511.7200012207031,9009200.0
2026-06-08,WDC,540.2100219726562,540.2100219726562,519.0499877929688,526.9299926757812,526.9299926757812,6226300.0
2026-06-09,WDC,535.5,545.4099731445312,480.8699951171875,517.719970703125,517.719970703125,7278700.0
2026-06-10,WDC,502.7000122070313,515.219970703125,484.5,490.0899963378906,490.0899963378906,5978300.0
2026-06-11,WDC,497.7699890136719,529.719970703125,489.0,529.2899780273438,529.2899780273438,6334600.0
2026-06-12,WDC,541.989990234375,572.2899780273438,531.9600219726562,562.9299926757812,562.9299926757812,6285300.0
2026-06-15,WDC,618.780029296875,658.7999877929688,612.0,653.530029296875,653.530029296875,9522900.0
2026-06-16,WDC,686.780029296875,729.9199829101562,667.3499755859375,681.0800170898438,681.0800170898438,15860100.0
2026-06-17,WDC,695.47998046875,741.8499755859375,694.1199951171875,712.1300048828125,712.1300048828125,13569100.0
2026-06-18,WDC,764.1500244140625,799.8699951171875,739.1099853515625,746.22998046875,746.22998046875,16683900.0
2026-06-22,WDC,772.75,779.7999877929688,726.5999755859375,732.6199951171875,732.6199951171875,13160100.0
2026-06-23,WDC,665.2100219726562,682.530029296875,653.0,670.75,670.75,12684400.0
2026-06-24,WDC,658.4600219726562,665.0,612.4099731445312,643.8300170898438,643.8300170898438,12214400.0
2026-06-25,WDC,729.0,729.0,658.5,675.3900146484375,675.3900146484375,11717600.0
2026-06-26,WDC,646.760009765625,647.4099731445312,609.280029296875,612.1799926757812,612.1799926757812,4107811.0
